BGG ID,Name,Year,Average,Geek Rating,Weight,Rank,Ratings,Is Expansion,BGG Link
115746,War of the Ring: Second Edition,2011,8.55,8.2,4.23,8,25583,No,https://boardgamegeek.com/boardgame/115746
12333,Twilight Struggle,2005,8.23,8.04,3.61,16,52458,No,https://boardgamegeek.com/boardgame/12333
84876,The Castles of Burgundy,2011,8.16,8.03,2.97,17,70565,No,https://boardgamegeek.com/boardgame/84876
28720,Brass: Lancashire,2007,8.2,7.96,3.84,22,27727,No,https://boardgamegeek.com/boardgame/28720
124361,Concordia,2013,8.07,7.92,2.98,29,46384,No,https://boardgamegeek.com/boardgame/124361
120677,Terra Mystica,2012,8.03,7.86,3.97,36,51403,No,https://boardgamegeek.com/boardgame/120677
96848,Mage Knight Board Game,2011,8.08,7.84,4.38,39,35418,No,https://boardgamegeek.com/boardgame/96848
66690,Dominion: Prosperity,2010,8.22,7.81,2.47,,15624,Yes,https://boardgamegeek.com/boardgame/66690
521,Crokinole,1876,8.07,7.8,1.23,43,21515,No,https://boardgamegeek.com/boardgame/521
134342,Lords of Waterdeep: Scoundrels of Skullport,2013,8.21,7.79,2.65,,14710,Yes,https://boardgamegeek.com/boardgame/134342
3076,Puerto Rico,2002,7.9,7.75,3.27,58,74767,No,https://boardgamegeek.com/boardgame/3076
102794,Caverna: The Cave Farmers,2013,7.92,7.73,3.78,63,37621,No,https://boardgamegeek.com/boardgame/102794
31260,Agricola,2007,7.85,7.72,3.64,66,77299,No,https://boardgamegeek.com/boardgame/31260
40849,Pandemic: On the Brink,2009,8.03,7.69,2.65,,18452,Yes,https://boardgamegeek.com/boardgame/40849
2651,Power Grid,2004,7.8,7.68,3.25,76,70120,No,https://boardgamegeek.com/boardgame/2651
126163,Tzolk'in: The Mayan Calendar,2012,7.84,7.68,3.66,77,42884,No,https://boardgamegeek.com/boardgame/126163
124742,Android: Netrunner,2012,7.89,7.65,3.42,85,31465,No,https://boardgamegeek.com/boardgame/124742
51811,Dominion: Seaside,2009,8.01,7.65,2.49,,16334,Yes,https://boardgamegeek.com/boardgame/51811
35677,Le Havre,2008,7.83,7.65,3.71,83,34162,No,https://boardgamegeek.com/boardgame/35677
125153,The Gallerist,2015,8.0,7.65,4.21,86,16752,No,https://boardgamegeek.com/boardgame/125153
55690,Kingdom Death: Monster,2015,8.47,7.61,4.28,95,10515,No,https://boardgamegeek.com/boardgame/55690
28143,Race for the Galaxy,2007,7.74,7.61,2.99,94,59436,No,https://boardgamegeek.com/boardgame/28143
93,El Grande,1995,7.77,7.59,2.93,100,33615,No,https://boardgamegeek.com/boardgame/93
72125,Eclipse: New Dawn for the Galaxy,2011,7.82,7.58,3.71,107,29097,No,https://boardgamegeek.com/boardgame/72125
110327,Lords of Waterdeep,2012,7.73,7.58,2.45,108,59621,No,https://boardgamegeek.com/boardgame/110327
34499,Race for the Galaxy: The Gathering Storm,2008,8.09,7.57,3.0,,10205,Yes,https://boardgamegeek.com/boardgame/34499
12,Ra,1999,7.72,7.56,2.3,112,32991,No,https://boardgamegeek.com/boardgame/12
68448,7 Wonders,2010,7.66,7.55,2.31,118,113735,No,https://boardgamegeek.com/boardgame/68448
62219,Dominant Species,2010,7.8,7.55,4.04,115,22573,No,https://boardgamegeek.com/boardgame/62219
121921,Robinson Crusoe: Adventures on the Cursed Island,2012,7.72,7.54,3.83,121,47154,No,https://boardgamegeek.com/boardgame/121921
25613,Through the Ages: A Story of Civilization,2006,7.82,7.54,4.18,119,19873,No,https://boardgamegeek.com/boardgame/25613
37111,Battlestar Galactica: The Board Game,2008,7.73,7.53,3.25,126,37783,No,https://boardgamegeek.com/boardgame/37111
24439,Ticket to Ride: USA 1910,2006,7.99,7.53,1.89,,11588,Yes,https://boardgamegeek.com/boardgame/24439
42,Tigris & Euphrates,1997,7.7,7.51,3.47,133,30174,No,https://boardgamegeek.com/boardgame/42
4098,Age of Steam,2002,7.88,7.5,3.86,138,12866,No,https://boardgamegeek.com/boardgame/4098
40834,Dominion: Intrigue,2009,7.69,7.5,2.41,135,34847,No,https://boardgamegeek.com/boardgame/40834
122515,Keyflower,2012,7.71,7.5,3.33,136,24833,No,https://boardgamegeek.com/boardgame/122515
18602,Caylus,2005,7.7,7.49,3.79,142,29999,No,https://boardgamegeek.com/boardgame/18602
73439,Troyes,2010,7.7,7.49,3.37,143,25305,No,https://boardgamegeek.com/boardgame/73439
108687,Puerto Rico,2011,8.3,7.48,3.22,,6172,No,https://boardgamegeek.com/boardgame/108687
36218,Dominion,2008,7.6,7.47,2.34,146,97404,No,https://boardgamegeek.com/boardgame/36218
43015,Hansa Teutonica,2009,7.75,7.47,3.09,147,17542,No,https://boardgamegeek.com/boardgame/43015
130704,Mage Knight Board Game: The Lost Legion Expansion,2012,8.77,7.47,4.24,,3883,Yes,https://boardgamegeek.com/boardgame/130704
92539,7 Wonders: Leaders,2011,7.81,7.46,2.27,,15380,Yes,https://boardgamegeek.com/boardgame/92539
102680,Trajan,2011,7.74,7.46,3.62,151,19043,No,https://boardgamegeek.com/boardgame/102680
12493,Twilight Imperium: Third Edition,2005,7.78,7.45,4.26,154,19593,No,https://boardgamegeek.com/boardgame/12493
22821,Twilight Imperium: Third Edition – Shattered Empire,2006,8.54,7.45,4.2,,4713,Yes,https://boardgamegeek.com/boardgame/22821
463,Magic: The Gathering,1993,7.6,7.41,3.29,169,43535,No,https://boardgamegeek.com/boardgame/463
30549,Pandemic,2008,7.51,7.4,2.39,174,136361,No,https://boardgamegeek.com/boardgame/30549
132531,Roll for the Galaxy,2014,7.56,7.4,2.78,176,33828,No,https://boardgamegeek.com/boardgame/132531
118048,Targi,2012,7.58,7.4,2.34,177,27093,No,https://boardgamegeek.com/boardgame/118048
2993,Carcassonne: Inns & Cathedrals,2002,7.65,7.39,1.93,,23202,Yes,https://boardgamegeek.com/boardgame/2993
14996,Ticket to Ride: Europe,2005,7.52,7.39,1.91,180,86545,No,https://boardgamegeek.com/boardgame/14996
34635,Stone Age,2008,7.51,7.38,2.46,189,56261,No,https://boardgamegeek.com/boardgame/34635
77423,The Lord of the Rings: The Card Game,2011,7.66,7.38,3.22,187,25231,No,https://boardgamegeek.com/boardgame/77423
54043,Jaipur,2009,7.48,7.36,1.46,202,59036,No,https://boardgamegeek.com/boardgame/54043
127023,Kemet,2012,7.62,7.36,3.01,205,20225,No,https://boardgamegeek.com/boardgame/127023
2511,Sherlock Holmes Consulting Detective: The Thames Murders & Other Cases,1981,7.6,7.36,2.66,210,22980,No,https://boardgamegeek.com/boardgame/2511
103885,Star Wars: X-Wing Miniatures Game,2012,7.62,7.36,2.49,204,25594,No,https://boardgamegeek.com/boardgame/103885
82222,Xia: Legends of a Drift System,2014,7.85,7.36,3.2,198,11269,No,https://boardgamegeek.com/boardgame/82222
111661,7 Wonders: Cities,2012,7.8,7.35,2.34,,11452,Yes,https://boardgamegeek.com/boardgame/111661
43111,Chaos in the Old World,2009,7.66,7.33,3.19,221,16230,No,https://boardgamegeek.com/boardgame/43111
137762,Legendary: A Marvel Deck Building Game – Dark City,2013,8.24,7.33,2.64,,5450,Yes,https://boardgamegeek.com/boardgame/137762
10630,Memoir '44,2004,7.53,7.33,2.27,225,32167,No,https://boardgamegeek.com/boardgame/10630
118,Modern Art,1992,7.52,7.33,2.28,223,25819,No,https://boardgamegeek.com/boardgame/118
9609,War of the Ring,2004,7.78,7.33,3.85,227,11008,No,https://boardgamegeek.com/boardgame/9609
5405,Carcassonne: Traders & Builders,2003,7.62,7.32,2.06,,18217,Yes,https://boardgamegeek.com/boardgame/5405
39463,Cosmic Encounter,2008,7.5,7.31,2.58,234,35206,No,https://boardgamegeek.com/boardgame/39463
104162,Descent: Journeys in the Dark (Second Edition),2012,7.6,7.31,3.22,233,26119,No,https://boardgamegeek.com/boardgame/104162
25021,Sekigahara: The Unification of Japan,2011,7.98,7.31,2.8,235,6755,No,https://boardgamegeek.com/boardgame/25021
103343,A Game of Thrones: The Board Game (Second Edition),2011,7.53,7.3,3.73,242,37268,No,https://boardgamegeek.com/boardgame/103343
822,Carcassonne,2000,7.42,7.3,1.88,240,141571,No,https://boardgamegeek.com/boardgame/822
188,Go,-2200,7.66,7.3,3.91,238,18529,No,https://boardgamegeek.com/boardgame/188
128882,The Resistance: Avalon,2012,7.49,7.3,1.74,239,37046,No,https://boardgamegeek.com/boardgame/128882
31627,Ticket to Ride: Nordic Countries,2007,7.62,7.3,1.97,243,15280,No,https://boardgamegeek.com/boardgame/31627
43018,Agricola: Farmers of the Moor,2009,8.05,7.29,3.56,,6049,Yes,https://boardgamegeek.com/boardgame/43018
70149,Ora et Labora,2011,7.67,7.29,3.89,248,11693,No,https://boardgamegeek.com/boardgame/70149
17133,Railways of the World,2005,7.66,7.29,3.02,245,12632,No,https://boardgamegeek.com/boardgame/17133
125403,Dominion: Dark Ages,2012,7.98,7.28,2.7,,6744,Yes,https://boardgamegeek.com/boardgame/125403
104006,Village,2011,7.48,7.28,3.06,250,24582,No,https://boardgamegeek.com/boardgame/104006
14105,Commands & Colors: Ancients,2006,7.77,7.27,2.69,257,9151,No,https://boardgamegeek.com/boardgame/14105
123260,Suburbia,2012,7.45,7.27,2.76,255,26676,No,https://boardgamegeek.com/boardgame/123260
215,Tichu,1991,7.57,7.27,2.34,253,17045,No,https://boardgamegeek.com/boardgame/215
9209,Ticket to Ride,2004,7.38,7.26,1.82,263,99513,No,https://boardgamegeek.com/boardgame/9209
7854,YINSH,2003,7.7,7.26,2.62,262,10152,No,https://boardgamegeek.com/boardgame/7854
91,Paths of Glory,1999,8.07,7.25,3.86,265,5747,No,https://boardgamegeek.com/boardgame/91
54998,Cyclades,2009,7.49,7.24,2.82,271,22949,No,https://boardgamegeek.com/boardgame/54998
104557,Dominion: Hinterlands,2011,7.93,7.24,2.54,,6666,Yes,https://boardgamegeek.com/boardgame/104557
125898,Eclipse: Rise of the Ancients,2012,8.39,7.24,3.68,,3840,Yes,https://boardgamegeek.com/boardgame/125898
126042,Nations,2013,7.59,7.24,3.54,275,12715,No,https://boardgamegeek.com/boardgame/126042
21050,Combat Commander: Europe,2006,7.96,7.22,3.26,282,6180,No,https://boardgamegeek.com/boardgame/21050
129437,Legendary: A Marvel Deck Building Game,2012,7.52,7.22,2.43,286,23466,No,https://boardgamegeek.com/boardgame/129437
40210,Race for the Galaxy: Rebel vs Imperium,2009,7.93,7.22,3.08,,6107,Yes,https://boardgamegeek.com/boardgame/40210
3,Samurai,1998,7.48,7.22,2.44,285,17297,No,https://boardgamegeek.com/boardgame/3
19857,Glory to Rome,2005,7.49,7.21,2.93,298,14982,No,https://boardgamegeek.com/boardgame/19857
19777,Indonesia,2005,7.94,7.21,3.98,302,5500,No,https://boardgamegeek.com/boardgame/19777
555,The Princes of Florence,2000,7.49,7.2,3.24,311,16132,No,https://boardgamegeek.com/boardgame/555
127067,King of Tokyo: Power Up!,2012,7.58,7.19,1.72,,12034,Yes,https://boardgamegeek.com/boardgame/127067
421,1830: Railways & Robber Barons,1986,7.87,7.18,4.17,320,6049,No,https://boardgamegeek.com/boardgame/421
31481,Galaxy Trucker,2007,7.32,7.18,2.33,324,35951,No,https://boardgamegeek.com/boardgame/31481
9216,Goa,2004,7.54,7.18,3.36,321,12031,No,https://boardgamegeek.com/boardgame/9216
109276,Kanban: Driver's Edition,2014,7.78,7.18,4.35,323,7152,No,https://boardgamegeek.com/boardgame/109276
20551,Shogun,2006,7.5,7.18,3.36,325,14692,No,https://boardgamegeek.com/boardgame/20551
128621,Viticulture,2013,7.47,7.18,2.95,328,15767,No,https://boardgamegeek.com/boardgame/128621
760,Battle Line,2000,7.41,7.17,1.89,334,18397,No,https://boardgamegeek.com/boardgame/760
127060,Bora Bora,2013,7.56,7.17,3.72,339,10774,No,https://boardgamegeek.com/boardgame/127060
2655,Hive,2001,7.31,7.17,2.31,336,40803,No,https://boardgamegeek.com/boardgame/2655
140620,Lewis & Clark: The Expedition,2013,7.43,7.17,3.32,337,16687,No,https://boardgamegeek.com/boardgame/140620
27708,1960: The Making of the President,2007,7.61,7.16,3.2,345,9544,No,https://boardgamegeek.com/boardgame/27708
43539,Battlestar Galactica: The Board Game – Pegasus Expansion,2009,7.88,7.15,3.31,,6086,Yes,https://boardgamegeek.com/boardgame/43539
926,Catan: Cities & Knights,1998,7.45,7.15,2.9,,21995,Yes,https://boardgamegeek.com/boardgame/926
61001,Cosmic Encounter: Cosmic Incursion,2010,8.23,7.15,2.69,,3871,Yes,https://boardgamegeek.com/boardgame/61001
50,Lost Cities,1999,7.26,7.15,1.48,348,51543,No,https://boardgamegeek.com/boardgame/50
27833,Steam,2009,7.54,7.15,3.45,350,10516,No,https://boardgamegeek.com/boardgame/27833
46213,Telestrations,2009,7.38,7.15,1.07,352,21049,No,https://boardgamegeek.com/boardgame/46213
139976,Cthulhu Wars,2015,7.83,7.14,3.14,357,6944,No,https://boardgamegeek.com/boardgame/139976
92828,Dixit: Odyssey,2011,7.38,7.14,1.16,362,23215,No,https://boardgamegeek.com/boardgame/92828
172,For Sale,1997,7.27,7.14,1.25,358,34798,No,https://boardgamegeek.com/boardgame/172
108745,Seasons,2012,7.33,7.14,2.78,361,26692,No,https://boardgamegeek.com/boardgame/108745
5,Acquire,1963,7.36,7.13,2.49,369,22403,No,https://boardgamegeek.com/boardgame/5
111341,The Great Zimbabwe,2012,7.84,7.13,3.69,366,5555,No,https://boardgamegeek.com/boardgame/111341
106645,Ticket to Ride Map Collection 2: India & Switzerland,2011,7.74,7.13,2.01,,6865,Yes,https://boardgamegeek.com/boardgame/106645
63888,Innovation,2010,7.33,7.12,2.78,382,20905,No,https://boardgamegeek.com/boardgame/63888
129622,Love Letter,2012,7.23,7.12,1.18,372,72371,No,https://boardgamegeek.com/boardgame/129622
66589,Navegador,2010,7.53,7.12,3.08,379,9717,No,https://boardgamegeek.com/boardgame/66589
21059,Arkham Horror: Dunwich Horror Expansion,2006,7.8,7.11,3.5,,6597,Yes,https://boardgamegeek.com/boardgame/21059
47,Chinatown,1999,7.44,7.11,2.23,387,12554,No,https://boardgamegeek.com/boardgame/47
97207,Dungeon Petz,2011,7.38,7.11,3.63,385,15663,No,https://boardgamegeek.com/boardgame/97207
24181,Imperial,2006,7.58,7.11,3.56,384,9044,No,https://boardgamegeek.com/boardgame/24181
2653,Survive: Escape from Atlantis!,1982,7.3,7.11,1.7,390,28122,No,https://boardgamegeek.com/boardgame/2653
54,Tikal,1999,7.32,7.11,2.78,391,21632,No,https://boardgamegeek.com/boardgame/54
22545,Age of Empires III: The Age of Discovery,2007,7.5,7.1,3.12,397,10500,No,https://boardgamegeek.com/boardgame/22545
136888,Bruges,2013,7.42,7.1,2.75,400,12350,No,https://boardgamegeek.com/boardgame/136888
38453,Space Alert,2008,7.38,7.1,2.97,392,16607,No,https://boardgamegeek.com/boardgame/38453
55660,Dixit: Quest,2010,7.66,7.09,1.23,,7482,Yes,https://boardgamegeek.com/boardgame/55660
137136,Pandemic: In the Lab,2013,7.83,7.09,2.89,,5770,Yes,https://boardgamegeek.com/boardgame/137136
54138,Imperial 2030,2009,7.63,7.08,3.49,410,7374,No,https://boardgamegeek.com/boardgame/54138
40692,Small World,2009,7.19,7.08,2.35,412,75426,No,https://boardgamegeek.com/boardgame/40692
93260,Summoner Wars: Master Set,2011,7.47,7.08,2.52,415,11174,No,https://boardgamegeek.com/boardgame/93260
48726,Alien Frontiers,2010,7.34,7.07,2.56,418,15637,No,https://boardgamegeek.com/boardgame/48726
85905,Battlestar Galactica: The Board Game – Exodus Expansion,2010,8.12,7.07,3.56,,3879,Yes,https://boardgamegeek.com/boardgame/85905
25292,Merchants & Marauders,2010,7.38,7.07,3.26,430,14825,No,https://boardgamegeek.com/boardgame/25292
21241,Neuroshima Hex,2006,7.38,7.07,2.61,424,15860,No,https://boardgamegeek.com/boardgame/21241
59294,Runewars,2010,7.6,7.07,3.79,421,8618,No,https://boardgamegeek.com/boardgame/59294
140934,Arboretum,2015,7.24,7.06,2.11,442,24202,No,https://boardgamegeek.com/boardgame/140934
552,Bus,1999,7.71,7.06,3.04,444,5663,No,https://boardgamegeek.com/boardgame/552
39856,Dixit,2008,7.18,7.06,1.19,436,72160,No,https://boardgamegeek.com/boardgame/39856
128271,Ginkgopolis,2012,7.48,7.06,2.9,441,9026,No,https://boardgamegeek.com/boardgame/128271
59959,Letters from Whitechapel,2011,7.33,7.06,2.64,443,17156,No,https://boardgamegeek.com/boardgame/59959
40354,Maria,2009,8.0,7.06,3.58,435,4121,No,https://boardgamegeek.com/boardgame/40354
372,Schotten Totten,1999,7.35,7.06,1.67,437,14559,No,https://boardgamegeek.com/boardgame/372
77130,Sid Meier's Civilization: The Board Game,2010,7.37,7.06,3.9,438,16411,No,https://boardgamegeek.com/boardgame/77130
70919,Takenoko,2011,7.2,7.06,1.97,445,48487,No,https://boardgamegeek.com/boardgame/70919
13122,Antiquity,2004,7.82,7.05,4.32,452,4769,No,https://boardgamegeek.com/boardgame/13122
90137,Blood Bowl: Team Manager – The Card Game,2011,7.4,7.05,2.35,457,11877,No,https://boardgamegeek.com/boardgame/90137
45315,Dungeon Lords,2009,7.34,7.05,3.57,449,14350,No,https://boardgamegeek.com/boardgame/45315
8217,San Juan,2004,7.23,7.05,2.28,453,24450,No,https://boardgamegeek.com/boardgame/8217
119890,Agricola: All Creatures Big and Small,2012,7.32,7.04,2.35,468,14335,No,https://boardgamegeek.com/boardgame/119890
171,Chess,1475,7.24,7.04,3.64,463,41054,No,https://boardgamegeek.com/boardgame/171
37046,Ghost Stories,2008,7.25,7.04,2.9,469,21943,No,https://boardgamegeek.com/boardgame/37046
41114,The Resistance,2009,7.19,7.04,1.59,470,42932,No,https://boardgamegeek.com/boardgame/41114
106637,Ticket to Ride Map Collection 1: Asia + Legendary Asia,2011,7.65,7.04,1.96,,6507,Yes,https://boardgamegeek.com/boardgame/106637
122328,War of the Ring: Lords of Middle-earth,2012,8.67,7.04,3.85,,2535,Yes,https://boardgamegeek.com/boardgame/122328
90850,Dominion: Cornucopia,2011,7.67,7.03,2.38,,6257,Yes,https://boardgamegeek.com/boardgame/90850
25554,Notre Dame,2007,7.31,7.03,2.74,479,13881,No,https://boardgamegeek.com/boardgame/25554
24480,The Pillars of the Earth,2006,7.25,7.03,2.81,480,18535,No,https://boardgamegeek.com/boardgame/24480
15987,Arkham Horror,2005,7.24,7.02,3.59,491,40552,No,https://boardgamegeek.com/boardgame/15987
39683,At the Gates of Loyang,2009,7.35,7.02,3.11,493,11752,No,https://boardgamegeek.com/boardgame/39683
95802,Twilight Imperium: Third Edition – Shards of the Throne,2011,8.6,7.02,4.33,,2466,Yes,https://boardgamegeek.com/boardgame/95802
234,Hannibal: Rome vs. Carthage,1996,7.77,7.01,3.45,505,5071,No,https://boardgamegeek.com/boardgame/234
9217,Saint Petersburg,2004,7.26,7.01,2.43,497,16643,No,https://boardgamegeek.com/boardgame/9217
92415,Skull,2011,7.17,7.01,1.12,503,29256,No,https://boardgamegeek.com/boardgame/92415
70323,King of Tokyo,2011,7.11,7.0,1.48,506,76586,No,https://boardgamegeek.com/boardgame/70323
53383,Ticket to Ride: Europa 1912,2009,7.63,7.0,1.93,,6251,Yes,https://boardgamegeek.com/boardgame/53383
34219,Biblios,2007,7.19,6.99,1.69,524,18510,No,https://boardgamegeek.com/boardgame/34219
31594,In the Year of the Dragon,2007,7.29,6.99,3.08,517,12701,No,https://boardgamegeek.com/boardgame/31594
39775,Kingsburg: To Forge a Realm,2009,7.83,6.99,2.45,,4347,Yes,https://boardgamegeek.com/boardgame/39775
101721,Mage Wars Arena,2012,7.56,6.99,3.68,515,8048,No,https://boardgamegeek.com/boardgame/101721
128671,Spartacus: A Game of Blood and Treachery,2012,7.46,6.99,2.73,516,9657,No,https://boardgamegeek.com/boardgame/128671
21348,Ticket to Ride: Märklin,2006,7.41,6.99,2.24,520,9394,No,https://boardgamegeek.com/boardgame/21348
1,Die Macher,1986,7.57,6.98,4.3,535,6043,No,https://boardgamegeek.com/boardgame/1
33160,Endeavor,2009,7.37,6.98,2.91,525,9702,No,https://boardgamegeek.com/boardgame/33160
138161,Firefly: The Game,2013,7.38,6.98,2.95,528,12671,No,https://boardgamegeek.com/boardgame/138161
220,High Society,1995,7.2,6.98,1.48,536,17005,No,https://boardgamegeek.com/boardgame/220
150,PitchCar,1995,7.29,6.98,1.12,532,11864,No,https://boardgamegeek.com/boardgame/150
503,Through the Desert,1998,7.2,6.98,2.16,529,16881,No,https://boardgamegeek.com/boardgame/503
11,Bohnanza,1997,7.08,6.96,1.67,545,51973,No,https://boardgamegeek.com/boardgame/11
71,Civilization,1980,7.48,6.96,3.64,544,7720,No,https://boardgamegeek.com/boardgame/71
100901,Flash Point: Fire Rescue,2011,7.14,6.96,2.2,551,25511,No,https://boardgamegeek.com/boardgame/100901
66188,Fresco,2010,7.24,6.96,2.64,547,13644,No,https://boardgamegeek.com/boardgame/66188
17392,Here I Stand,2006,7.88,6.96,4.2,555,4069,No,https://boardgamegeek.com/boardgame/17392
27162,Kingsburg,2007,7.16,6.96,2.42,557,20170,No,https://boardgamegeek.com/boardgame/27162
25031,Power Grid: Benelux/Central Europe,2006,8.01,6.96,3.14,,3401,Yes,https://boardgamegeek.com/boardgame/25031
62222,Commands & Colors: Napoleonics,2010,8.05,6.95,2.74,568,3561,No,https://boardgamegeek.com/boardgame/62222
55670,Macao,2009,7.4,6.95,3.13,567,7697,No,https://boardgamegeek.com/boardgame/55670
124708,Mice and Mystics,2012,7.2,6.95,2.74,572,20656,No,https://boardgamegeek.com/boardgame/124708
12942,No Thanks!,2004,7.08,6.95,1.13,562,31103,No,https://boardgamegeek.com/boardgame/12942
54625,Space Hulk (Third Edition),2009,7.54,6.95,2.78,564,7242,No,https://boardgamegeek.com/boardgame/54625
18833,The Lord of the Rings: The Confrontation,2005,7.51,6.95,2.19,563,6781,No,https://boardgamegeek.com/boardgame/18833
133993,7 Wonders: Wonder Pack,2013,7.59,6.94,2.26,,5749,Yes,https://boardgamegeek.com/boardgame/133993
40765,Clash of Cultures,2012,7.56,6.94,3.61,580,5985,No,https://boardgamegeek.com/boardgame/40765
140068,Galaxy Trucker: Anniversary Edition,2012,8.14,6.94,2.83,,2963,No,https://boardgamegeek.com/boardgame/140068
11170,Heroscape Master Set: Rise of the Valkyrie,2004,7.46,6.94,2.3,584,8467,No,https://boardgamegeek.com/boardgame/11170
63628,The Manhattan Project,2012,7.31,6.94,2.96,588,10171,No,https://boardgamegeek.com/boardgame/63628
79828,A Few Acres of Snow,2011,7.36,6.93,3.03,601,8157,No,https://boardgamegeek.com/boardgame/79828
243,Advanced Squad Leader,1985,8.02,6.93,4.74,594,3981,No,https://boardgamegeek.com/boardgame/243
478,Citadels,2000,7.05,6.93,2.05,597,57498,No,https://boardgamegeek.com/boardgame/478
36932,Claustrophobia,2009,7.46,6.93,2.48,592,7188,No,https://boardgamegeek.com/boardgame/36932
121,Dune,1979,7.58,6.93,3.45,593,6033,No,https://boardgamegeek.com/boardgame/121
43570,Friday,2011,7.11,6.93,2.16,600,23436,No,https://boardgamegeek.com/boardgame/43570
66362,Glen More,2010,7.29,6.93,2.67,596,9514,No,https://boardgamegeek.com/boardgame/66362
96913,Lancaster,2011,7.38,6.93,2.99,591,7952,No,https://boardgamegeek.com/boardgame/96913
98778,Hanabi,2010,7.03,6.92,1.69,608,53140,No,https://boardgamegeek.com/boardgame/98778
20437,Lords of Vegas,2010,7.35,6.92,2.34,610,8205,No,https://boardgamegeek.com/boardgame/20437
15062,Shadows over Camelot,2005,7.1,6.92,2.57,602,28620,No,https://boardgamegeek.com/boardgame/15062
81618,Small World: Be Not Afraid...,2010,7.58,6.92,2.27,,5604,Yes,https://boardgamegeek.com/boardgame/81618
177,Advanced Civilization,1991,8.01,6.91,3.65,,3417,Yes,https://boardgamegeek.com/boardgame/177
6249,Alhambra,2003,7.04,6.91,2.1,618,35904,No,https://boardgamegeek.com/boardgame/6249
5404,Amun-Re,2003,7.28,6.91,3.03,614,9630,No,https://boardgamegeek.com/boardgame/5404
325,Catan: Seafarers,1997,7.16,6.91,2.37,,21547,Yes,https://boardgamegeek.com/boardgame/325
136063,Forbidden Desert,2013,7.06,6.91,2.04,616,33075,No,https://boardgamegeek.com/boardgame/136063
38378,Galaxy Trucker: The Big Expansion,2008,7.93,6.91,2.68,,3354,Yes,https://boardgamegeek.com/boardgame/38378
21790,Thurn and Taxis,2006,7.09,6.91,2.26,615,20981,No,https://boardgamegeek.com/boardgame/21790
137408,Amerigo,2013,7.43,6.9,2.97,623,6488,No,https://boardgamegeek.com/boardgame/137408
25417,BattleLore,2006,7.35,6.9,2.77,626,9454,No,https://boardgamegeek.com/boardgame/25417
13,Catan,1995,7.09,6.9,2.28,627,144422,No,https://boardgamegeek.com/boardgame/13
117959,Las Vegas,2012,7.18,6.9,1.17,632,12577,No,https://boardgamegeek.com/boardgame/117959
83330,Mansions of Madness,2011,7.25,6.9,3.24,629,14062,No,https://boardgamegeek.com/boardgame/83330
712,Blood Bowl (Third Edition),1994,7.56,6.89,2.99,640,5712,No,https://boardgamegeek.com/boardgame/712
17226,Descent: Journeys in the Dark,2005,7.27,6.89,3.35,636,11912,No,https://boardgamegeek.com/boardgame/17226
105134,Risk Legacy,2011,7.35,6.89,2.59,637,8927,No,https://boardgamegeek.com/boardgame/105134
84419,Space Empires 4X,2011,7.72,6.89,3.37,639,4384,No,https://boardgamegeek.com/boardgame/84419
9674,Ingenious,2004,7.09,6.88,1.9,646,18166,No,https://boardgamegeek.com/boardgame/9674
37397,Power Grid: China/Korea,2008,8.0,6.88,3.26,,3010,Yes,https://boardgamegeek.com/boardgame/37397
19319,Power Grid: France/Italy,2005,7.91,6.88,3.29,,3242,Yes,https://boardgamegeek.com/boardgame/19319
29416,Power Grid: The New Power Plants – Set 1,2007,7.79,6.88,2.99,,3664,Yes,https://boardgamegeek.com/boardgame/29416
17405,1846: The Race for the Midwest,2005,7.86,6.87,3.99,665,3293,No,https://boardgamegeek.com/boardgame/17405
91312,Discworld: Ankh-Morpork,2011,7.26,6.87,2.21,660,10954,No,https://boardgamegeek.com/boardgame/91312
28023,Jamaica,2007,7.06,6.87,1.66,653,22519,No,https://boardgamegeek.com/boardgame/28023
62227,"Labyrinth: The War on Terror, 2001 – ?",2010,7.56,6.87,3.69,659,5237,No,https://boardgamegeek.com/boardgame/62227
19245,Memoir '44: Eastern Front,2005,7.99,6.87,2.17,,3158,Yes,https://boardgamegeek.com/boardgame/19245
18,RoboRally,1994,7.05,6.87,2.43,658,24564,No,https://boardgamegeek.com/boardgame/18
97786,Small World Underground,2011,7.22,6.87,2.59,655,11539,No,https://boardgamegeek.com/boardgame/97786
57072,Small World: Cursed!,2009,7.46,6.87,2.22,,5997,Yes,https://boardgamegeek.com/boardgame/57072
133473,Sushi Go!,2013,6.98,6.87,1.16,665,53164,No,https://boardgamegeek.com/boardgame/133473
31999,TZAAR,2007,7.66,6.87,2.48,661,4201,No,https://boardgamegeek.com/boardgame/31999
31730,Wabash Cannonball,2007,7.26,6.87,2.77,654,8744,No,https://boardgamegeek.com/boardgame/31730
128996,1775: Rebellion,2013,7.62,6.86,2.32,668,4517,No,https://boardgamegeek.com/boardgame/128996
40776,Arkham Horror: Innsmouth Horror Expansion,2009,7.9,6.86,3.58,,3536,Yes,https://boardgamegeek.com/boardgame/40776
97842,Last Will,2011,7.16,6.86,2.72,678,11069,No,https://boardgamegeek.com/boardgame/97842
125618,Libertalia,2012,7.1,6.86,2.23,673,14834,No,https://boardgamegeek.com/boardgame/125618
432,Take 5,1994,6.99,6.86,1.19,674,33179,No,https://boardgamegeek.com/boardgame/432
90419,Airlines Europe,2011,7.29,6.85,2.43,693,7637,No,https://boardgamegeek.com/boardgame/90419
4390,Carcassonne: Hunters and Gatherers,2002,7.13,6.85,1.92,698,13839,No,https://boardgamegeek.com/boardgame/4390
2346,DVONN,2001,7.44,6.85,2.65,684,5803,No,https://boardgamegeek.com/boardgame/2346
119506,Freedom: The Underground Railroad,2013,7.56,6.85,2.91,689,4688,No,https://boardgamegeek.com/boardgame/119506
127398,Legends of Andor,2012,7.08,6.85,2.77,688,21045,No,https://boardgamegeek.com/boardgame/127398
66121,Race for the Galaxy: The Brink of War,2010,7.76,6.85,3.38,,3725,Yes,https://boardgamegeek.com/boardgame/66121
27173,Vikings,2007,7.24,6.85,2.54,694,8763,No,https://boardgamegeek.com/boardgame/27173
15985,Blood Bowl: Living Rulebook,2004,7.85,6.84,3.18,702,3441,No,https://boardgamegeek.com/boardgame/15985
133848,Euphoria: Build a Better Dystopia,2013,7.16,6.84,3.11,707,11489,No,https://boardgamegeek.com/boardgame/133848
699,HeroQuest,1989,7.23,6.84,2.13,712,15263,No,https://boardgamegeek.com/boardgame/699
65781,London,2010,7.32,6.84,2.88,711,6682,No,https://boardgamegeek.com/boardgame/65781
95527,Madeira,2013,7.52,6.84,4.3,718,4740,No,https://boardgamegeek.com/boardgame/95527
15363,Nexus Ops,2005,7.21,6.84,2.23,703,9419,No,https://boardgamegeek.com/boardgame/15363
102652,Sentinels of the Multiverse,2011,7.13,6.84,2.52,700,16530,No,https://boardgamegeek.com/boardgame/102652
23540,Shikoku 1889,2004,7.99,6.84,3.81,716,2761,No,https://boardgamegeek.com/boardgame/23540
22827,StarCraft: The Board Game,2007,7.36,6.84,3.86,704,7803,No,https://boardgamegeek.com/boardgame/22827
475,Taj Mahal,2000,7.25,6.84,2.85,710,8252,No,https://boardgamegeek.com/boardgame/475
34119,Tales of the Arabian Nights,2009,7.15,6.84,2.16,720,13067,No,https://boardgamegeek.com/boardgame/34119
105551,Archipelago,2012,7.26,6.83,3.74,722,8582,No,https://boardgamegeek.com/boardgame/105551
27746,Colosseum,2007,7.2,6.83,2.76,726,9291,No,https://boardgamegeek.com/boardgame/27746
131357,Coup,2012,6.97,6.83,1.41,728,52967,No,https://boardgamegeek.com/boardgame/131357
46,Medici,1995,7.19,6.83,2.22,729,9197,No,https://boardgamegeek.com/boardgame/46
133038,Pathfinder Adventure Card Game: Rise of the Runelords – Base Set,2013,7.16,6.83,2.72,731,12943,No,https://boardgamegeek.com/boardgame/133038
42215,Tobago,2009,7.1,6.83,2.14,727,12899,No,https://boardgamegeek.com/boardgame/42215
5782,Coloretto,2003,6.98,6.82,1.27,739,22947,No,https://boardgamegeek.com/boardgame/5782
137166,Dominion: Guilds,2013,7.85,6.82,2.47,,3280,Yes,https://boardgamegeek.com/boardgame/137166
128780,Pax Porfiriana,2012,7.63,6.82,3.64,743,3973,No,https://boardgamegeek.com/boardgame/128780
36553,Time's Up! Title Recall!,2008,7.66,6.82,1.19,736,3789,No,https://boardgamegeek.com/boardgame/36553
130960,Triumph & Tragedy: European Balance of Power 1936-1945,2015,8.12,6.82,3.42,735,2616,No,https://boardgamegeek.com/boardgame/130960
136223,Village: Inn,2013,7.83,6.82,2.99,,3207,Yes,https://boardgamegeek.com/boardgame/136223
42052,Vinhos,2010,7.45,6.82,4.2,744,5100,No,https://boardgamegeek.com/boardgame/42052
95619,Chaos in the Old World: The Horned Rat Expansion,2011,8.04,6.81,3.25,,2698,Yes,https://boardgamegeek.com/boardgame/95619
111799,Cuba Libre,2013,7.64,6.81,3.61,752,3942,No,https://boardgamegeek.com/boardgame/111799
58421,Egizia,2009,7.38,6.81,2.83,751,5614,No,https://boardgamegeek.com/boardgame/58421
875,Roads & Boats,1999,7.69,6.81,4.2,754,3589,No,https://boardgamegeek.com/boardgame/875
57070,Small World: Grand Dames of Small World,2009,7.4,6.81,2.18,,5821,Yes,https://boardgamegeek.com/boardgame/57070
30746,Ticket to Ride: Switzerland,2007,7.48,6.81,1.95,,5097,Yes,https://boardgamegeek.com/boardgame/30746
45358,Alhambra: Big Box,2009,7.49,6.8,2.34,,4818,No,https://boardgamegeek.com/boardgame/45358
39351,Automobile,2009,7.33,6.8,3.52,762,6001,No,https://boardgamegeek.com/boardgame/39351
2398,Cribbage,1630,7.13,6.8,2.51,758,11234,No,https://boardgamegeek.com/boardgame/2398
141572,Paperback,2014,7.09,6.8,2.01,760,11518,No,https://boardgamegeek.com/boardgame/141572
135779,A Fake Artist Goes to New York,2011,7.1,6.79,1.09,770,10892,No,https://boardgamegeek.com/boardgame/135779
25945,Arkham Horror: The King in Yellow Expansion,2007,7.62,6.79,3.21,,4322,Yes,https://boardgamegeek.com/boardgame/25945
123123,BattleCON: Devastation of Indines,2013,7.78,6.79,3.13,778,3457,No,https://boardgamegeek.com/boardgame/123123
41,Can't Stop,1980,6.95,6.79,1.14,769,22194,No,https://boardgamegeek.com/boardgame/41
137479,Elder Sign: Unseen Forces,2013,7.65,6.79,2.41,,4034,Yes,https://boardgamegeek.com/boardgame/137479
140603,Francis Drake,2013,7.37,6.79,2.9,772,5496,No,https://boardgamegeek.com/boardgame/140603
9625,Struggle of Empires,2004,7.52,6.79,3.59,768,4441,No,https://boardgamegeek.com/boardgame/9625
13004,The Downfall of Pompeii,2004,7.17,6.79,1.84,777,8783,No,https://boardgamegeek.com/boardgame/13004
30869,Thebes,2007,7.12,6.79,2.15,771,10325,No,https://boardgamegeek.com/boardgame/30869
113924,Zombicide,2012,7.08,6.79,2.53,774,19796,No,https://boardgamegeek.com/boardgame/113924
6472,A Game of Thrones,2003,7.16,6.78,3.45,785,10759,No,https://boardgamegeek.com/boardgame/6472
10547,Betrayal at House on the Hill,2004,7.01,6.78,2.4,783,50267,No,https://boardgamegeek.com/boardgame/10547
39938,Carson City,2009,7.2,6.78,3.18,782,7589,No,https://boardgamegeek.com/boardgame/39938
87507,Cosmic Encounter: Cosmic Conflict,2011,8.14,6.78,2.84,,2367,Yes,https://boardgamegeek.com/boardgame/87507
37904,Formula D,2008,6.98,6.78,1.96,788,20738,No,https://boardgamegeek.com/boardgame/37904
42776,Gears of War: The Board Game,2011,7.47,6.78,2.88,794,5282,No,https://boardgamegeek.com/boardgame/42776
107529,Kingdom Builder,2011,6.93,6.78,2.07,795,25107,No,https://boardgamegeek.com/boardgame/107529
135219,The Battle of Five Armies,2014,7.82,6.78,3.6,796,3244,No,https://boardgamegeek.com/boardgame/135219
1353,Time's Up!,1999,7.28,6.78,1.2,802,6313,No,https://boardgamegeek.com/boardgame/1353
141648,Battlestar Galactica: The Board Game – Daybreak Expansion,2013,8.27,6.77,3.64,,2166,Yes,https://boardgamegeek.com/boardgame/141648
96778,Cyclades: Hades,2011,7.98,6.77,2.89,,2757,Yes,https://boardgamegeek.com/boardgame/96778
100423,Elder Sign,2011,6.97,6.77,2.34,804,26426,No,https://boardgamegeek.com/boardgame/100423
3685,Hammer of the Scots,2002,7.52,6.77,2.95,816,4268,No,https://boardgamegeek.com/boardgame/3685
3201,Lord of the Rings: The Confrontation,2002,7.22,6.77,2.15,817,7250,No,https://boardgamegeek.com/boardgame/3201
24508,Taluva,2006,7.13,6.77,2.25,806,9196,No,https://boardgamegeek.com/boardgame/24508
69789,Ascension: Deckbuilding Game,2010,7.04,6.76,2.14,832,14292,No,https://boardgamegeek.com/boardgame/69789
29603,D-Day at Omaha Beach,2009,8.31,6.76,3.49,829,2151,No,https://boardgamegeek.com/boardgame/29603
21763,Mr. Jack,2006,6.96,6.76,2.17,822,19140,No,https://boardgamegeek.com/boardgame/21763
132018,Churchill,2015,7.66,6.75,3.39,836,3511,No,https://boardgamegeek.com/boardgame/132018
113294,Escape: The Curse of the Temple,2012,6.95,6.75,1.48,843,17665,No,https://boardgamegeek.com/boardgame/113294
2955,Mexica,2002,7.24,6.75,2.67,838,6446,No,https://boardgamegeek.com/boardgame/2955
108415,Sid Meier's Civilization: The Board Game – Fame and Fortune,2011,8.02,6.75,3.78,,2561,Yes,https://boardgamegeek.com/boardgame/108415
121408,Trains,2012,7.11,6.75,2.38,837,8756,No,https://boardgamegeek.com/boardgame/121408
71721,Space Hulk: Death Angel – The Card Game,2010,7.01,6.74,2.41,861,13784,No,https://boardgamegeek.com/boardgame/71721
1513,The Republic of Rome,1990,7.54,6.74,4.37,851,4336,No,https://boardgamegeek.com/boardgame/1513
123540,Tokaido,2012,6.91,6.74,1.74,860,29098,No,https://boardgamegeek.com/boardgame/123540
88,Torres,1999,7.07,6.74,2.85,856,10131,No,https://boardgamegeek.com/boardgame/88
1465,Wizard,1984,7.01,6.74,1.7,854,13914,No,https://boardgamegeek.com/boardgame/1465
7717,Carcassonne: The Castle,2003,7.11,6.73,1.99,864,8752,No,https://boardgamegeek.com/boardgame/7717
30380,Cuba,2007,7.12,6.73,3.26,868,8532,No,https://boardgamegeek.com/boardgame/30380
45,Perudo,1800,6.93,6.73,1.25,875,17117,No,https://boardgamegeek.com/boardgame/45
119432,Snowdonia,2012,7.3,6.73,2.99,872,5169,No,https://boardgamegeek.com/boardgame/119432
58281,Summoner Wars,2009,7.21,6.73,2.33,866,6808,No,https://boardgamegeek.com/boardgame/58281
20100,Wits & Wagers,2005,6.93,6.73,1.2,874,16210,No,https://boardgamegeek.com/boardgame/20100
50750,Belfort,2011,7.19,6.72,3.04,883,6538,No,https://boardgamegeek.com/boardgame/50750
2591,Carcassonne: The River,2001,7.04,6.72,1.69,,11204,Yes,https://boardgamegeek.com/boardgame/2591
483,Diplomacy,1959,7.03,6.72,3.32,894,14006,No,https://boardgamegeek.com/boardgame/483
139666,Hive: The Pillbug,2013,7.72,6.72,2.4,,3100,Yes,https://boardgamegeek.com/boardgame/139666
70512,Luna,2010,7.27,6.72,3.33,888,5327,No,https://boardgamegeek.com/boardgame/70512
126792,Myrmes,2012,7.25,6.72,3.45,892,5763,No,https://boardgamegeek.com/boardgame/126792
2453,Blokus,2000,6.86,6.71,1.73,912,29972,No,https://boardgamegeek.com/boardgame/2453
15512,Diamant,2005,6.85,6.71,1.11,903,24605,No,https://boardgamegeek.com/boardgame/15512
121288,Dixit: Journey,2012,7.38,6.71,1.26,909,4742,No,https://boardgamegeek.com/boardgame/121288
40628,Finca,2009,7.07,6.71,2.07,913,8571,No,https://boardgamegeek.com/boardgame/40628
20963,Fury of Dracula (Second Edition),2005,7.08,6.71,2.95,908,9475,No,https://boardgamegeek.com/boardgame/20963
30323,Hive: The Mosquito,2007,7.56,6.71,2.23,,3652,Yes,https://boardgamegeek.com/boardgame/30323
16747,Tumblin' Dice,2004,7.27,6.71,1.05,906,5268,No,https://boardgamegeek.com/boardgame/16747
21882,Blue Moon City,2006,7.04,6.7,2.29,931,9056,No,https://boardgamegeek.com/boardgame/21882
119657,Dixit 3: Journey,2012,7.71,6.7,1.23,,3075,Yes,https://boardgamegeek.com/boardgame/119657
11825,Empire of the Sun: The Pacific War 1941-1945,2005,8.25,6.7,4.4,919,2192,No,https://boardgamegeek.com/boardgame/11825
73761,K2,2010,7.0,6.7,2.25,914,11067,No,https://boardgamegeek.com/boardgame/73761
51,Ricochet Robots,1999,7.04,6.7,2.37,926,9829,No,https://boardgamegeek.com/boardgame/51
8125,Santiago,2003,7.2,6.7,2.48,927,5802,No,https://boardgamegeek.com/boardgame/8125
134726,Smash Up: Awesome Level 9000,2013,7.21,6.7,2.12,918,7211,No,https://boardgamegeek.com/boardgame/134726
72321,The Networks: Primetime,2016,7.13,6.7,2.6,916,7015,No,https://boardgamegeek.com/boardgame/72321
2807,Catan: 5-6 Player Expansion,1996,6.98,6.69,2.31,,18213,Yes,https://boardgamegeek.com/boardgame/2807
65532,Defenders of the Realm,2010,7.27,6.69,2.69,933,5576,No,https://boardgamegeek.com/boardgame/65532
87890,Prêt-à-Porter,2010,7.25,6.69,3.57,936,5304,No,https://boardgamegeek.com/boardgame/87890
30450,Railways of Europe,2008,8.05,6.69,2.94,,2069,Yes,https://boardgamegeek.com/boardgame/30450
9823,Advanced Squad Leader: Starter Kit #1,2004,7.84,6.68,3.76,956,2800,No,https://boardgamegeek.com/boardgame/9823
73171,Earth Reborn,2010,7.59,6.68,3.9,964,3394,No,https://boardgamegeek.com/boardgame/73171
68425,Eminent Domain,2011,6.96,6.68,2.51,955,10768,No,https://boardgamegeek.com/boardgame/68425
127061,Troyes: The Ladies of Troyes,2012,7.97,6.68,3.54,,2262,Yes,https://boardgamegeek.com/boardgame/127061
15364,Vegas Showdown,2005,7.13,6.68,2.36,946,6553,No,https://boardgamegeek.com/boardgame/15364
22345,Yspahan,2006,7.04,6.68,2.37,951,8306,No,https://boardgamegeek.com/boardgame/22345
31563,Middle-Earth Quest,2009,7.38,6.67,3.55,980,4309,No,https://boardgamegeek.com/boardgame/31563
129432,Star Wars: X-Wing Miniatures Game – Millennium Falcon Expansion Pack,2013,8.1,6.67,2.4,,2152,Yes,https://boardgamegeek.com/boardgame/129432
116998,Thunderstone Advance: Towers of Ruin,2012,7.31,6.67,2.75,978,4811,No,https://boardgamegeek.com/boardgame/116998
47185,Warhammer: Invasion,2009,7.23,6.67,2.74,975,6154,No,https://boardgamegeek.com/boardgame/47185
131260,Qwixx,2012,6.88,6.66,1.11,992,15840,No,https://boardgamegeek.com/boardgame/131260
55600,Shipyard,2009,7.31,6.66,3.5,998,4244,No,https://boardgamegeek.com/boardgame/55600
3307,Wallenstein,2002,7.45,6.66,3.3,985,3710,No,https://boardgamegeek.com/boardgame/3307
43528,World Without End,2009,7.21,6.66,2.82,999,5260,No,https://boardgamegeek.com/boardgame/43528
2093,Mahjong,1850,7.07,6.65,2.58,1019,8376,No,https://boardgamegeek.com/boardgame/2093
131287,Panamax,2014,7.3,6.65,3.76,1006,4279,No,https://boardgamegeek.com/boardgame/131287
56692,Parade,2007,7.0,6.65,1.46,1001,8711,No,https://boardgamegeek.com/boardgame/56692
2163,Space Hulk,1989,7.49,6.65,2.5,1020,3952,No,https://boardgamegeek.com/boardgame/2163
30645,Tammany Hall,2007,7.26,6.65,2.77,1022,4674,No,https://boardgamegeek.com/boardgame/30645
104590,Castle Panic: The Wizard's Tower,2011,7.44,6.64,2.07,,3595,Yes,https://boardgamegeek.com/boardgame/104590
29298,Descent: The Road to Legend,2008,7.98,6.64,3.68,,2289,Yes,https://boardgamegeek.com/boardgame/29298
91872,Dungeons & Dragons: The Legend of Drizzt Board Game,2011,7.2,6.64,2.59,1038,6687,No,https://boardgamegeek.com/boardgame/91872
65244,Forbidden Island,2010,6.75,6.64,1.74,1045,54898,No,https://boardgamegeek.com/boardgame/65244
12002,Jambo,2004,6.98,6.64,2.08,1029,8474,No,https://boardgamegeek.com/boardgame/12002
122298,Morels,2012,6.97,6.64,1.74,1025,10303,No,https://boardgamegeek.com/boardgame/122298
1035,Squad Leader,1977,7.56,6.64,4.03,1040,3566,No,https://boardgamegeek.com/boardgame/1035
137988,Zombicide Season 2: Prison Outbreak,2013,7.34,6.64,2.67,1047,4894,No,https://boardgamegeek.com/boardgame/137988
110277,Among the Stars,2012,7.0,6.63,2.24,1059,7390,No,https://boardgamegeek.com/boardgame/110277
26990,Container,2007,7.17,6.63,3.22,1058,5112,No,https://boardgamegeek.com/boardgame/26990
21384,Memoir '44: Pacific Theater,2006,7.93,6.63,2.2,,2247,Yes,https://boardgamegeek.com/boardgame/21384
132959,Sentinels of the Multiverse: Shattered Timelines,2013,8.11,6.63,2.44,,1944,Yes,https://boardgamegeek.com/boardgame/132959
36235,The Duke,2013,7.3,6.63,2.46,1052,4324,No,https://boardgamegeek.com/boardgame/36235
528,ZÈRTZ,1999,7.26,6.63,2.74,1060,4587,No,https://boardgamegeek.com/boardgame/528
26997,1989: Dawn of Freedom,2012,7.74,6.62,3.29,1077,2499,No,https://boardgamegeek.com/boardgame/26997
31784,Carcassonne: Abbey & Mayor,2007,7.16,6.62,2.02,,5685,Yes,https://boardgamegeek.com/boardgame/31784
112,Condottiere,1995,6.9,6.62,1.95,1067,10888,No,https://boardgamegeek.com/boardgame/112
12891,Friedrich: Anniversary Edition,2004,7.55,6.62,3.13,1066,3094,No,https://boardgamegeek.com/boardgame/12891
70704,Hive: The Ladybug,2010,7.6,6.62,2.16,,2876,Yes,https://boardgamegeek.com/boardgame/70704
904,Nightmare Productions,2000,7.07,6.62,2.1,1065,6125,No,https://boardgamegeek.com/boardgame/904
12962,Reef Encounter,2004,7.12,6.62,3.67,1082,5302,No,https://boardgamegeek.com/boardgame/12962
91514,Rhino Hero,2011,6.88,6.62,1.02,1063,12367,No,https://boardgamegeek.com/boardgame/91514
136233,Seasons: Enchanted Kingdom,2013,7.77,6.62,2.7,,2423,Yes,https://boardgamegeek.com/boardgame/136233
137269,Spyrium,2013,7.04,6.62,2.91,1071,6556,No,https://boardgamegeek.com/boardgame/137269
103886,Star Wars: The Card Game,2012,7.17,6.62,2.98,1064,5937,No,https://boardgamegeek.com/boardgame/103886
30957,Tribune: Primus Inter Pares,2007,7.2,6.62,2.87,1079,4740,No,https://boardgamegeek.com/boardgame/30957
586,Up Front,1983,7.88,6.62,3.42,1071,2349,No,https://boardgamegeek.com/boardgame/586
41002,Vasco da Gama,2009,7.21,6.62,3.23,1073,4686,No,https://boardgamegeek.com/boardgame/41002
119788,Hyperborea,2014,7.16,6.61,3.16,1094,5161,No,https://boardgamegeek.com/boardgame/119788
29368,Last Night on Earth: The Zombie Game,2007,6.9,6.61,2.3,1101,14343,No,https://boardgamegeek.com/boardgame/29368
25669,Qwirkle,2006,6.77,6.61,1.58,1090,22510,No,https://boardgamegeek.com/boardgame/25669
37380,Roll Through the Ages: The Bronze Age,2008,6.84,6.61,1.78,1088,12406,No,https://boardgamegeek.com/boardgame/37380
53953,Thunderstone,2009,6.9,6.61,2.5,1095,10724,No,https://boardgamegeek.com/boardgame/53953
12902,Carcassonne: The City,2004,7.21,6.6,2.26,1105,4622,No,https://boardgamegeek.com/boardgame/12902
11971,Cockroach Poker,2004,6.8,6.6,1.1,1109,16786,No,https://boardgamegeek.com/boardgame/11971
28181,Combat Commander: Pacific,2008,8.1,6.6,3.25,1119,1849,No,https://boardgamegeek.com/boardgame/28181
125678,DC Deck-Building Game,2012,7.06,6.6,1.99,1123,8036,No,https://boardgamegeek.com/boardgame/125678
173,Formula Dé,1997,6.99,6.6,1.95,1111,8028,No,https://boardgamegeek.com/boardgame/173
1041,San Marco,2001,7.17,6.6,2.67,1112,4714,No,https://boardgamegeek.com/boardgame/1041
79127,Star Trek: Fleet Captains,2011,7.46,6.6,3.06,1118,3411,No,https://boardgamegeek.com/boardgame/79127
38996,Washington's War,2010,7.6,6.6,2.89,1107,2779,No,https://boardgamegeek.com/boardgame/38996
117915,Yedo,2012,7.33,6.6,3.33,1121,3951,No,https://boardgamegeek.com/boardgame/117915
59946,Dungeons & Dragons: Castle Ravenloft Board Game,2010,6.98,6.59,2.5,1140,9590,No,https://boardgamegeek.com/boardgame/59946
98229,Pictomania,2011,7.25,6.59,1.52,1124,4077,No,https://boardgamegeek.com/boardgame/98229
129948,The Palaces of Carrara,2012,7.11,6.59,2.59,1144,4957,No,https://boardgamegeek.com/boardgame/129948
31753,The Pillars of the Earth: Expansion Set,2007,7.63,6.59,2.83,,2576,Yes,https://boardgamegeek.com/boardgame/31753
131188,Ticket to Ride Map Collection 3: The Heart of Africa,2012,7.36,6.59,2.04,,3634,Yes,https://boardgamegeek.com/boardgame/131188
94,Union Pacific,1999,7.19,6.59,2.55,1131,4409,No,https://boardgamegeek.com/boardgame/94
2181,Bridge,1925,7.46,6.58,3.89,1162,3310,No,https://boardgamegeek.com/boardgame/2181
66098,Dominion: Alchemy,2010,6.92,6.58,2.44,,8975,Yes,https://boardgamegeek.com/boardgame/66098
1345,Genoa,2001,7.04,6.58,3.08,1148,6300,No,https://boardgamegeek.com/boardgame/1345
113997,Tajemnicze Domostwo,2013,7.07,6.58,1.83,1161,5567,No,https://boardgamegeek.com/boardgame/113997
35570,Tinners' Trail,2008,7.2,6.58,2.83,1166,4194,No,https://boardgamegeek.com/boardgame/35570
137987,Zombicide: Toxic City Mall,2013,7.66,6.58,2.79,,2853,Yes,https://boardgamegeek.com/boardgame/137987
27588,Zooloretto,2007,6.78,6.58,1.86,1146,15764,No,https://boardgamegeek.com/boardgame/27588
67208,Arkham Horror: The Lurker at the Threshold Expansion,2010,7.81,6.57,3.34,,2311,Yes,https://boardgamegeek.com/boardgame/67208
8051,Attika,2003,6.98,6.57,2.37,1174,6737,No,https://boardgamegeek.com/boardgame/8051
129721,Blood Bowl: Team Manager – The Card Game: Sudden Death,2013,7.85,6.57,2.36,,2107,Yes,https://boardgamegeek.com/boardgame/129721
18836,Carcassonne: The River II,2005,7.22,6.57,1.69,,4464,Yes,https://boardgamegeek.com/boardgame/18836
13291,Citadels: The Dark City,2004,7.03,6.57,2.1,,6858,Yes,https://boardgamegeek.com/boardgame/13291
24800,Conflict of Heroes: Awakening the Bear! – Russia 1941-42,2008,7.49,6.57,2.99,1177,3096,No,https://boardgamegeek.com/boardgame/24800
66356,Dungeons & Dragons: Wrath of Ashardalon Board Game,2011,7.09,6.57,2.59,1180,6959,No,https://boardgamegeek.com/boardgame/66356
8203,"Hey, That's My Fish!",2003,6.7,6.57,1.44,1176,22949,No,https://boardgamegeek.com/boardgame/8203
9440,Maharaja: The Game of Palace Building in India,2004,7.09,6.57,3.17,1175,5204,No,https://boardgamegeek.com/boardgame/9440
18098,"Napoleon's Triumph: The Battle of Austerlitz, 2 December 1805",2007,7.99,6.57,3.66,1184,1875,No,https://boardgamegeek.com/boardgame/18098
12382,Puerto Rico: Expansion I – New Buildings,2004,7.54,6.57,3.22,,2779,Yes,https://boardgamegeek.com/boardgame/12382
681,Quarto,1991,6.9,6.57,1.86,1187,9020,No,https://boardgamegeek.com/boardgame/681
38054,Snow Tails,2008,6.97,6.57,2.05,1172,6623,No,https://boardgamegeek.com/boardgame/38054
38796,StarCraft: The Board Game – Brood War Expansion,2008,8.26,6.57,3.89,,1734,Yes,https://boardgamegeek.com/boardgame/38796
108906,Thunder Alley,2014,7.29,6.57,2.4,1182,3738,No,https://boardgamegeek.com/boardgame/108906
31536,Arkham Horror: Kingsport Horror Expansion,2008,7.47,6.56,3.38,,3168,Yes,https://boardgamegeek.com/boardgame/31536
24124,Combat Commander: Mediterranean,2007,8.52,6.56,2.97,,1357,Yes,https://boardgamegeek.com/boardgame/24124
114276,Cosmic Encounter: Cosmic Alliance,2012,8.05,6.56,2.85,,1764,Yes,https://boardgamegeek.com/boardgame/114276
26566,Homesteaders,2009,7.17,6.56,3.05,1205,4040,No,https://boardgamegeek.com/boardgame/26566
13642,Louis XIV,2005,7.03,6.56,3.01,1202,5576,No,https://boardgamegeek.com/boardgame/13642
15817,Manila,2005,7.0,6.56,2.04,1190,6463,No,https://boardgamegeek.com/boardgame/15817
66056,Rivals for Catan,2010,6.93,6.56,2.33,1196,8574,No,https://boardgamegeek.com/boardgame/66056
107576,Stone Age: The Expansion,2011,7.38,6.56,2.54,,3308,Yes,https://boardgamegeek.com/boardgame/107576
41066,Virgin Queen,2012,7.97,6.56,4.45,1192,1924,No,https://boardgamegeek.com/boardgame/41066
491,Web of Power,2000,7.3,6.56,2.3,1194,3670,No,https://boardgamegeek.com/boardgame/491
139898,Brew Crafters,2013,7.35,6.55,3.58,1215,3228,No,https://boardgamegeek.com/boardgame/139898
240,Britannia,1986,7.18,6.55,3.16,1216,4393,No,https://boardgamegeek.com/boardgame/240
40793,Dice Town,2009,6.87,6.55,1.69,1229,8268,No,https://boardgamegeek.com/boardgame/40793
106217,Hawaii,2011,7.1,6.55,2.9,1227,4708,No,https://boardgamegeek.com/boardgame/106217
134352,Two Rooms and a Boom,2013,6.98,6.55,1.48,1230,6369,No,https://boardgamegeek.com/boardgame/134352
65901,Age of Industry,2010,7.34,6.54,3.35,1247,3129,No,https://boardgamegeek.com/boardgame/65901
22172,Arkham Horror: Curse of the Dark Pharaoh Expansion,2006,7.32,6.54,3.15,,3631,Yes,https://boardgamegeek.com/boardgame/22172
108784,Ascension: Storm of Souls,2011,7.28,6.54,2.32,1242,3723,No,https://boardgamegeek.com/boardgame/108784
398,Botswana,1994,7.02,6.54,1.27,1245,5270,No,https://boardgamegeek.com/boardgame/398
98351,Core Worlds,2011,7.13,6.54,2.89,1237,4378,No,https://boardgamegeek.com/boardgame/98351
47616,Ghost Stories: White Moon,2009,7.82,6.54,2.96,,2038,Yes,https://boardgamegeek.com/boardgame/47616
37628,Haggis,2010,7.03,6.54,2.1,1244,5054,No,https://boardgamegeek.com/boardgame/37628
27976,Heroscape Master Set: Swarm of the Marro,2007,7.64,6.54,2.27,1257,2451,No,https://boardgamegeek.com/boardgame/27976
52461,Legacy: The Testament of Duke de Crecy,2013,7.11,6.54,2.72,1236,4498,No,https://boardgamegeek.com/boardgame/52461
35704,Shadows over Camelot: Merlin's Company,2008,7.43,6.54,2.54,,3023,Yes,https://boardgamegeek.com/boardgame/35704
1382,Winner's Circle,2001,6.98,6.54,1.61,1238,6047,No,https://boardgamegeek.com/boardgame/1382
141517,A Study in Emerald,2013,7.21,6.53,3.46,1280,3627,No,https://boardgamegeek.com/boardgame/141517
30933,BANG! The Bullet!,2007,6.92,6.53,1.85,,9457,No,https://boardgamegeek.com/boardgame/30933
132028,Conflict of Heroes: Awakening the Bear! – Operation Barbarossa 1941 (Second Edition),2012,7.89,6.53,3.27,1281,1958,No,https://boardgamegeek.com/boardgame/132028
35497,Fauna,2008,7.04,6.53,1.44,1270,5033,No,https://boardgamegeek.com/boardgame/35497
72287,Mr. Jack Pocket,2010,6.82,6.53,1.83,1269,9132,No,https://boardgamegeek.com/boardgame/72287
123570,Strike,2012,6.99,6.53,1.02,1283,5658,No,https://boardgamegeek.com/boardgame/123570
82421,Summoner Wars: Phoenix Elves vs Tundra Orcs,2009,7.48,6.53,2.29,1266,2712,No,https://boardgamegeek.com/boardgame/82421
823,The Lord of the Rings,2000,6.73,6.53,2.53,1259,16342,No,https://boardgamegeek.com/boardgame/823
66505,The Speicherstadt,2010,7.02,6.53,2.27,1261,5280,No,https://boardgamegeek.com/boardgame/66505
16992,Tsuro,2005,6.67,6.53,1.22,1262,30954,No,https://boardgamegeek.com/boardgame/16992
104710,Wiz-War (Eighth Edition),2012,7.06,6.53,2.32,1275,5238,No,https://boardgamegeek.com/boardgame/104710
19600,Antike,2005,7.07,6.52,2.99,1300,4774,No,https://boardgamegeek.com/boardgame/19600
15158,Carcassonne: Dragon & Fairy,2005,6.82,6.52,1.99,,10721,Yes,https://boardgamegeek.com/boardgame/15158
75449,Firenze,2010,7.22,6.52,2.54,1304,3453,No,https://boardgamegeek.com/boardgame/75449
224,History of the World,1991,7.11,6.52,2.76,1285,4665,No,https://boardgamegeek.com/boardgame/224
554,La Città,2000,7.0,6.52,3.26,1286,5382,No,https://boardgamegeek.com/boardgame/554
25568,Metropolys,2008,7.06,6.52,2.2,1306,4454,No,https://boardgamegeek.com/boardgame/25568
37008,Arkham Horror: The Black Goat of the Woods Expansion,2008,7.51,6.51,3.15,,2736,Yes,https://boardgamegeek.com/boardgame/37008
129423,Descent: Journeys in the Dark (Second Edition) – Lair of the Wyrm,2012,7.88,6.51,3.06,,2100,Yes,https://boardgamegeek.com/boardgame/129423
21523,Runebound: Second Edition,2005,6.91,6.51,2.68,1313,8224,No,https://boardgamegeek.com/boardgame/21523
122522,Smash Up,2012,6.69,6.51,2.06,1329,28553,No,https://boardgamegeek.com/boardgame/122522
95064,Ascension: Return of the Fallen,2011,7.27,6.5,2.16,1344,3399,No,https://boardgamegeek.com/boardgame/95064
35052,Axis & Allies Anniversary Edition,2008,7.46,6.5,3.11,1357,3289,No,https://boardgamegeek.com/boardgame/35052
5287,Beyond Valor: ASL Module 1,1985,8.57,6.5,4.6,,1325,Yes,https://boardgamegeek.com/boardgame/5287
129736,Cockroach Poker Royal,2012,7.02,6.5,1.14,1349,4999,No,https://boardgamegeek.com/boardgame/129736
95103,Fortune and Glory: The Cliffhanger Game,2011,7.14,6.5,2.88,1337,4359,No,https://boardgamegeek.com/boardgame/95103
19244,Memoir '44: Terrain Pack,2005,7.58,6.5,2.13,,2414,Yes,https://boardgamegeek.com/boardgame/19244
58708,Power Grid: Brazil/Spain & Portugal,2009,7.87,6.5,2.97,,1771,Yes,https://boardgamegeek.com/boardgame/58708
91536,Quarriors!,2011,6.73,6.5,1.97,1341,14151,No,https://boardgamegeek.com/boardgame/91536
123726,Sentinels of the Multiverse: Infernal Relics,2012,8.06,6.5,2.45,,1620,Yes,https://boardgamegeek.com/boardgame/123726
939,Star Wars: The Queen's Gambit,2000,7.58,6.5,2.47,1338,2329,No,https://boardgamegeek.com/boardgame/939
82420,Summoner Wars: Guild Dwarves vs Cave Goblins,2009,7.54,6.5,2.22,1342,2428,No,https://boardgamegeek.com/boardgame/82420
130176,Tales & Games: The Hare & the Tortoise,2011,7.06,6.5,1.37,1356,4391,No,https://boardgamegeek.com/boardgame/130176
10873,A Game of Thrones: A Clash of Kings Expansion,2004,7.78,6.49,3.45,,1976,Yes,https://boardgamegeek.com/boardgame/10873
221,Ikusa,1986,7.04,6.49,2.95,1374,5406,No,https://boardgamegeek.com/boardgame/221
136991,Loony Quest,2015,6.86,6.49,1.19,1359,6846,No,https://boardgamegeek.com/boardgame/136991
131646,Merchant of Venus (Second Edition),2012,7.12,6.49,3.01,1365,3989,No,https://boardgamegeek.com/boardgame/131646
55427,Mr. Jack in New York,2009,7.17,6.49,2.52,1380,3744,No,https://boardgamegeek.com/boardgame/55427
24068,Shadow Hunters,2005,6.83,6.49,1.82,1366,9328,No,https://boardgamegeek.com/boardgame/24068
97903,Terror in Meeple City,2013,6.82,6.49,1.48,1372,7722,No,https://boardgamegeek.com/boardgame/97903
6830,Zendo,2001,7.2,6.49,2.52,1369,3457,No,https://boardgamegeek.com/boardgame/6830
66837,1862: Railway Mania in the Eastern Counties,2013,8.15,6.48,4.59,1391,1419,No,https://boardgamegeek.com/boardgame/66837
127518,A Distant Plain,2013,7.78,6.48,3.88,1390,1898,No,https://boardgamegeek.com/boardgame/127518
130752,Agricola: All Creatures Big and Small – More Buildings Big and Small,2012,7.67,6.48,2.31,,2000,Yes,https://boardgamegeek.com/boardgame/130752
17329,Animal Upon Animal,2005,6.76,6.48,1.04,1395,9240,No,https://boardgamegeek.com/boardgame/17329
278,Catan Card Game,1996,6.7,6.48,2.44,1392,14620,No,https://boardgamegeek.com/boardgame/278
141423,Dead Men Tell No Tales,2015,7.09,6.48,2.56,1385,4399,No,https://boardgamegeek.com/boardgame/141423
22361,Descent: The Well of Darkness,2006,7.71,6.48,3.4,,2156,Yes,https://boardgamegeek.com/boardgame/22361
69779,Polis: Fight for the Hegemony,2012,7.48,6.48,3.69,1400,2462,No,https://boardgamegeek.com/boardgame/69779
123764,Star Wars: X-Wing Miniatures Game – TIE Advanced Expansion Pack,2012,7.77,6.48,2.29,,1997,Yes,https://boardgamegeek.com/boardgame/123764
354,Stick 'Em,1993,7.05,6.48,1.9,1397,4094,No,https://boardgamegeek.com/boardgame/354
60153,War of the Ring Collector's Edition,2010,8.72,6.48,3.96,,1113,No,https://boardgamegeek.com/boardgame/60153
1608,Ambush!,1983,7.53,6.47,3.25,1413,2456,No,https://boardgamegeek.com/boardgame/1608
72225,CO₂,2012,7.08,6.47,3.87,1414,4010,No,https://boardgamegeek.com/boardgame/72225
18100,China,2005,6.98,6.47,2.28,1411,4592,No,https://boardgamegeek.com/boardgame/18100
137842,Descent: Journeys in the Dark (Second Edition) – Labyrinth of Ruin,2013,8.1,6.47,3.22,,1689,Yes,https://boardgamegeek.com/boardgame/137842
327,Loopin' Louie,1992,6.73,6.47,1.05,1404,10037,No,https://boardgamegeek.com/boardgame/327
1115,Poker,1810,6.72,6.47,2.42,1420,12306,No,https://boardgamegeek.com/boardgame/1115
78727,Power Grid: Russia & Japan,2010,7.89,6.47,3.08,,1649,Yes,https://boardgamegeek.com/boardgame/78727
104363,Rex: Final Days of an Empire,2012,7.03,6.47,3.3,1401,4592,No,https://boardgamegeek.com/boardgame/104363
110242,Sentinels of the Multiverse: Rook City,2012,7.82,6.47,2.42,,1835,Yes,https://boardgamegeek.com/boardgame/110242
71818,Small World: Tales and Legends,2010,7.22,6.47,2.17,,3447,Yes,https://boardgamegeek.com/boardgame/71818
129433,Star Wars: X-Wing Miniatures Game – Slave I Expansion Pack,2013,7.94,6.47,2.43,,1728,Yes,https://boardgamegeek.com/boardgame/129433
107933,The Lord of the Rings: The Card Game – Khazad-dûm,2011,7.94,6.47,3.03,,1672,Yes,https://boardgamegeek.com/boardgame/107933
22825,Tide of Iron,2007,7.21,6.47,3.45,1415,3902,No,https://boardgamegeek.com/boardgame/22825
60,Vinci,1999,7.06,6.47,2.78,1422,4112,No,https://boardgamegeek.com/boardgame/60
91080,Andean Abyss,2012,7.58,6.46,3.81,1438,2161,No,https://boardgamegeek.com/boardgame/91080
551,Battle Cry,1999,7.17,6.46,2.1,1449,3585,No,https://boardgamegeek.com/boardgame/551
43443,Castle Panic,2009,6.66,6.46,1.66,1432,17369,No,https://boardgamegeek.com/boardgame/43443
4101,Catan: Cities & Knights – 5-6 Player Extension,2000,7.15,6.46,2.74,,4208,Yes,https://boardgamegeek.com/boardgame/4101
5737,Domaine,2003,6.99,6.46,2.71,1429,4666,No,https://boardgamegeek.com/boardgame/5737
41105,Dominion: Black Market Promo Card,2009,7.14,6.46,2.32,,3629,Yes,https://boardgamegeek.com/boardgame/41105
39707,Dominion: Envoy Promo Card,2008,7.19,6.46,2.2,,3327,Yes,https://boardgamegeek.com/boardgame/39707
833,For the People,1998,7.82,6.46,3.74,1433,1870,No,https://boardgamegeek.com/boardgame/833
37836,"Julius Caesar: Caesar, Pompey, and the Roman Civil War",2010,7.77,6.46,2.46,1434,1858,No,https://boardgamegeek.com/boardgame/37836
32248,Last Night on Earth: Growing Hunger,2008,7.6,6.46,2.6,,2326,Yes,https://boardgamegeek.com/boardgame/32248
38320,Memoir '44: Mediterranean Theater,2008,7.93,6.46,2.15,,1676,Yes,https://boardgamegeek.com/boardgame/38320
1301,Netrunner,1996,7.45,6.46,2.93,1441,2530,No,https://boardgamegeek.com/boardgame/1301
140261,A Game of Thrones: The Board Game (Second Edition) – A Feast for Crows,2013,7.85,6.45,3.39,,1763,Yes,https://boardgamegeek.com/boardgame/140261
27760,Catan: Traders & Barbarians,2007,6.99,6.45,2.57,,5569,Yes,https://boardgamegeek.com/boardgame/27760
82168,Escape from the Aliens in Outer Space,2010,6.91,6.45,1.98,1461,5468,No,https://boardgamegeek.com/boardgame/82168
8989,Hansa,2004,6.88,6.45,2.34,1477,5333,No,https://boardgamegeek.com/boardgame/8989
63975,Mountain Goats,2010,6.85,6.45,1.19,1469,6080,No,https://boardgamegeek.com/boardgame/63975
44163,Power Grid: Factory Manager,2009,6.83,6.45,3.0,1465,6150,No,https://boardgamegeek.com/boardgame/44163
137297,Rise of Augustus,2013,6.73,6.45,1.64,1458,8606,No,https://boardgamegeek.com/boardgame/137297
91072,Saboteur 2 (expansion-only editions),2011,6.93,6.45,1.54,,5935,Yes,https://boardgamegeek.com/boardgame/91072
18034,War of the Ring: Battles of the Third Age,2006,8.08,6.45,3.68,,1524,Yes,https://boardgamegeek.com/boardgame/18034
1822,Wilderness War,2001,7.67,6.45,3.31,1470,1995,No,https://boardgamegeek.com/boardgame/1822
16395,Blokus Duo,2005,6.83,6.44,1.67,1494,6135,No,https://boardgamegeek.com/boardgame/16395
140933,Blueprints,2013,6.78,6.44,1.69,1485,7134,No,https://boardgamegeek.com/boardgame/140933
22141,Cleopatra and the Society of Architects,2006,6.8,6.44,2.28,1499,6763,No,https://boardgamegeek.com/boardgame/22141
105,Colossal Arena,1997,6.76,6.44,2.02,1496,7445,No,https://boardgamegeek.com/boardgame/105
22605,Commands & Colors: Ancients Expansion Pack #1 – Greece & Eastern Kingdoms,2006,8.28,6.44,2.49,,1270,Yes,https://boardgamegeek.com/boardgame/22605
1526,PitchCar: Extension 1,1997,7.61,6.44,1.09,,1906,Yes,https://boardgamegeek.com/boardgame/1526
61492,Space Alert: The New Frontier,2010,8.42,6.44,3.33,,1170,Yes,https://boardgamegeek.com/boardgame/61492
45986,Stronghold,2009,7.1,6.44,3.67,1493,3525,No,https://boardgamegeek.com/boardgame/45986
85897,Thunderstone: Dragonspire,2011,7.3,6.44,2.7,1485,2745,No,https://boardgamegeek.com/boardgame/85897
34084,Witch's Brew,2008,7.02,6.44,1.87,1506,3979,No,https://boardgamegeek.com/boardgame/34084
71671,Yggdrasil,2011,7.03,6.44,2.6,1483,4080,No,https://boardgamegeek.com/boardgame/71671
89409,BattleCON: War of Indines,2012,7.62,6.43,2.75,1530,1996,No,https://boardgamegeek.com/boardgame/89409
4103,Catan: Seafarers – 5-6 Player Extension,1999,7.01,6.43,2.42,,4655,Yes,https://boardgamegeek.com/boardgame/4103
27364,Caylus Magna Carta,2007,6.88,6.43,2.87,1525,5054,No,https://boardgamegeek.com/boardgame/27364
128721,Crisis,2016,7.45,6.43,3.09,1521,2237,No,https://boardgamegeek.com/boardgame/128721
13823,Fairy Tale,2004,6.7,6.43,1.77,1511,9064,No,https://boardgamegeek.com/boardgame/13823
83195,Ghost Blitz,2010,6.71,6.43,1.13,1516,11033,No,https://boardgamegeek.com/boardgame/83195
124,Primordial Soup,1997,6.92,6.43,2.73,1510,4792,No,https://boardgamegeek.com/boardgame/124
135382,Shadowrun: Crossfire,2014,7.07,6.43,2.84,1525,3795,No,https://boardgamegeek.com/boardgame/135382
123763,Star Wars: X-Wing Miniatures Game – Y-Wing Expansion Pack,2012,7.73,6.43,2.33,,1855,Yes,https://boardgamegeek.com/boardgame/123763
104020,Vanuatu,2011,7.22,6.43,3.29,1509,2894,No,https://boardgamegeek.com/boardgame/104020
1634,Warhammer Quest,1995,7.51,6.43,2.69,1523,2622,No,https://boardgamegeek.com/boardgame/1634
94246,1812: The Invasion of Canada,2012,7.32,6.42,2.18,1540,2477,No,https://boardgamegeek.com/boardgame/94246
35815,A Touch of Evil: The Supernatural Game,2008,6.99,6.42,2.56,1548,4823,No,https://boardgamegeek.com/boardgame/35815
67492,Battles of Westeros,2010,7.23,6.42,3.21,1534,3107,No,https://boardgamegeek.com/boardgame/67492
10,Elfenland,1998,6.67,6.42,2.15,1557,9392,No,https://boardgamegeek.com/boardgame/10
527,GIPF,1996,7.07,6.42,2.75,1537,3571,No,https://boardgamegeek.com/boardgame/527
2449,Lord of the Rings: Friends & Foes,2001,7.27,6.42,2.71,,2842,Yes,https://boardgamegeek.com/boardgame/2449
126100,Mythos Tales,2016,7.33,6.42,2.12,1550,2625,No,https://boardgamegeek.com/boardgame/126100
134466,Spartacus: The Serpents and the Wolf Expansion Set,2013,7.96,6.42,2.63,,1536,Yes,https://boardgamegeek.com/boardgame/134466
129431,Star Wars: X-Wing Miniatures Game – TIE Interceptor Expansion Pack,2013,7.98,6.42,2.3,,1536,Yes,https://boardgamegeek.com/boardgame/129431
123755,Star Wars: X-Wing Miniatures Game – X-Wing Expansion Pack,2012,7.89,6.42,2.31,,1634,Yes,https://boardgamegeek.com/boardgame/123755
121410,Steam Park,2013,6.81,6.42,2.12,1536,6145,No,https://boardgamegeek.com/boardgame/121410
91873,Strasbourg,2011,7.17,6.42,2.74,1556,2872,No,https://boardgamegeek.com/boardgame/91873
41916,The Magic Labyrinth,2009,6.81,6.42,1.21,1533,6836,No,https://boardgamegeek.com/boardgame/41916
38713,Time's Up! Party,2008,7.57,6.42,1.07,1543,1972,No,https://boardgamegeek.com/boardgame/38713
25643,Arkadia,2006,6.91,6.41,2.57,1562,4492,No,https://boardgamegeek.com/boardgame/25643
131014,Carcassonne: Winter Edition,2012,7.5,6.41,1.78,1579,2139,No,https://boardgamegeek.com/boardgame/131014
102548,Dungeon Fighter,2011,6.78,6.41,1.76,1559,7230,No,https://boardgamegeek.com/boardgame/102548
92898,Innovation: Echoes of the Past,2011,7.55,6.41,2.95,,1892,Yes,https://boardgamegeek.com/boardgame/92898
117793,Kingdom Builder: Nomads,2012,7.33,6.41,2.25,,2432,Yes,https://boardgamegeek.com/boardgame/117793
1261,Medina,2001,7.04,6.41,2.77,1583,3422,No,https://boardgamegeek.com/boardgame/1261
68264,No Retreat! The Russian Front,2011,7.73,6.41,3.17,1572,1788,No,https://boardgamegeek.com/boardgame/68264
42452,Rattus,2010,6.78,6.41,2.07,1567,6300,No,https://boardgamegeek.com/boardgame/42452
9220,Saboteur,2004,6.54,6.41,1.32,1577,36916,No,https://boardgamegeek.com/boardgame/9220
38025,Talisman (Revised 4th Edition): The Reaper Expansion,2008,7.34,6.41,2.13,,2848,Yes,https://boardgamegeek.com/boardgame/38025
25821,The Werewolves of Miller's Hollow,2001,6.67,6.41,1.31,1560,13028,No,https://boardgamegeek.com/boardgame/25821
85256,Timeline: Inventions,2010,6.7,6.41,1.09,1575,8784,No,https://boardgamegeek.com/boardgame/85256
2842,TransAmerica,2001,6.69,6.41,1.35,1578,8539,No,https://boardgamegeek.com/boardgame/2842
16986,Ubongo,2003,6.66,6.41,1.5,1584,10623,No,https://boardgamegeek.com/boardgame/16986
61692,Axis & Allies: Europe 1940,2010,7.57,6.4,3.49,1591,2495,No,https://boardgamegeek.com/boardgame/61692
1540,BattleTech,1985,7.11,6.4,3.41,1589,3716,No,https://boardgamegeek.com/boardgame/1540
89952,Carcassonne: 10 Year Special Edition,2011,7.68,6.4,2.02,,1828,No,https://boardgamegeek.com/boardgame/89952
826,Cartagena,2000,6.68,6.4,1.6,1616,8213,No,https://boardgamegeek.com/boardgame/826
12995,Dungeon Twister,2004,6.8,6.4,2.88,1602,6138,No,https://boardgamegeek.com/boardgame/12995
121297,Fleet,2012,6.81,6.4,2.24,1596,5473,No,https://boardgamegeek.com/boardgame/121297
139991,Fresco: Big Box,2014,7.66,6.4,2.76,,1744,No,https://boardgamegeek.com/boardgame/139991
30381,Hamburgum,2007,7.04,6.4,3.07,1606,3340,No,https://boardgamegeek.com/boardgame/30381
8045,Princes of the Renaissance,2003,7.3,6.4,3.5,1604,2415,No,https://boardgamegeek.com/boardgame/8045
104347,Santiago de Cuba,2011,6.88,6.4,2.15,1599,4752,No,https://boardgamegeek.com/boardgame/104347
63214,Thunderstone: Wrath of the Elements,2010,7.49,6.4,2.65,,2070,Yes,https://boardgamegeek.com/boardgame/63214
39953,A Game of Thrones: The Card Game,2008,6.8,6.39,3.26,1632,6389,No,https://boardgamegeek.com/boardgame/39953
7805,Fearsome Floors,2003,6.68,6.39,1.81,1624,8591,No,https://boardgamegeek.com/boardgame/7805
116,Guillotine,1998,6.54,6.39,1.27,1637,22490,No,https://boardgamegeek.com/boardgame/116
19100,Hacienda,2005,6.91,6.39,2.63,1628,4279,No,https://boardgamegeek.com/boardgame/19100
134253,Hostage Negotiator,2015,6.78,6.39,2.06,1636,6309,No,https://boardgamegeek.com/boardgame/134253
855,Java,2000,7.01,6.39,3.37,1644,3550,No,https://boardgamegeek.com/boardgame/855
17396,Manoeuvre,2008,7.28,6.39,2.12,1626,2505,No,https://boardgamegeek.com/boardgame/17396
18258,Mission: Red Planet,2005,6.88,6.39,2.32,1642,4373,No,https://boardgamegeek.com/boardgame/18258
42910,Peloponnes,2009,7.09,6.39,2.38,1641,3008,No,https://boardgamegeek.com/boardgame/42910
15818,Pick-omino,2005,6.59,6.39,1.15,1635,13133,No,https://boardgamegeek.com/boardgame/15818
115098,Quarriors! Quarmageddon,2012,7.3,6.39,2.06,,2443,Yes,https://boardgamegeek.com/boardgame/115098
123955,Thunderbolt Apache Leader,2012,8.02,6.39,3.25,1644,1453,No,https://boardgamegeek.com/boardgame/123955
93465,Arkham Horror: Miskatonic Horror Expansion,2011,7.92,6.38,3.38,,1506,Yes,https://boardgamegeek.com/boardgame/93465
2397,Backgammon,-3000,6.58,6.38,2.0,1662,15490,No,https://boardgamegeek.com/boardgame/2397
24976,Descent: The Altar of Despair,2007,7.72,6.38,3.35,,1713,Yes,https://boardgamegeek.com/boardgame/24976
394,Kahuna,1998,6.61,6.38,2.05,1650,10399,No,https://boardgamegeek.com/boardgame/394
137649,Level 7 [Omega Protocol],2013,7.41,6.38,3.18,1652,2203,No,https://boardgamegeek.com/boardgame/137649
50768,Ninjato,2011,7.15,6.38,2.76,1663,2766,No,https://boardgamegeek.com/boardgame/50768
3228,Pueblo,2002,6.98,6.38,2.23,1652,3541,No,https://boardgamegeek.com/boardgame/3228
119591,Rialto,2013,6.89,6.38,2.55,1653,4172,No,https://boardgamegeek.com/boardgame/119591
102889,Runewars: Banners of War,2011,8.23,6.38,3.87,,1237,Yes,https://boardgamegeek.com/boardgame/102889
113873,"The Hunters: German U-Boats at War, 1939-43",2013,7.72,6.38,2.53,1661,1911,No,https://boardgamegeek.com/boardgame/113873
38863,The Rich and the Good,2008,7.15,6.38,2.16,1658,2763,No,https://boardgamegeek.com/boardgame/38863
1403,Turn the Tide,1997,6.79,6.38,1.52,1666,5319,No,https://boardgamegeek.com/boardgame/1403
1159,Evo,2001,6.85,6.37,2.34,1682,4537,No,https://boardgamegeek.com/boardgame/1159
132372,Guildhall,2012,6.88,6.37,2.07,1673,4252,No,https://boardgamegeek.com/boardgame/132372
199,Manhattan,1994,6.73,6.37,1.93,1676,6115,No,https://boardgamegeek.com/boardgame/199
19374,Memoir '44: Winter/Desert Board Map,2005,7.49,6.37,1.93,,2043,Yes,https://boardgamegeek.com/boardgame/19374
230,Merchant of Venus,1988,7.13,6.37,2.83,1686,2839,No,https://boardgamegeek.com/boardgame/230
92932,Race for the Galaxy: Alien Artifacts,2013,7.55,6.37,2.94,,1827,Yes,https://boardgamegeek.com/boardgame/92932
38159,Ultimate Werewolf: Ultimate Edition,2008,6.93,6.37,1.49,1689,4253,No,https://boardgamegeek.com/boardgame/38159
111124,Dark Moon,2011,6.97,6.36,2.39,1701,3577,No,https://boardgamegeek.com/boardgame/111124
4099,Keythedral,2002,7.04,6.36,2.85,1696,3056,No,https://boardgamegeek.com/boardgame/4099
136986,Legends of Andor: The Star Shield,2013,7.72,6.36,2.87,,1652,Yes,https://boardgamegeek.com/boardgame/136986
2507,Liberté,1998,7.11,6.36,3.31,1698,2790,No,https://boardgamegeek.com/boardgame/2507
42487,Lost Cities: The Board Game,2008,6.8,6.36,1.73,1705,5011,No,https://boardgamegeek.com/boardgame/42487
23094,Planet Steam,2008,7.09,6.36,3.77,1704,2994,No,https://boardgamegeek.com/boardgame/23094
624,Quoridor,1997,6.64,6.36,1.82,1715,9897,No,https://boardgamegeek.com/boardgame/624
134398,Sentinels of the Multiverse: Vengeance,2014,7.81,6.36,2.77,,1512,Yes,https://boardgamegeek.com/boardgame/134398
2338,Starship Catan,2001,6.83,6.36,2.46,1714,4576,No,https://boardgamegeek.com/boardgame/2338
1897,The Starfarers of Catan,1999,6.8,6.36,2.58,1700,5478,No,https://boardgamegeek.com/boardgame/1897
9203,Wings of War: Famous Aces,2004,6.86,6.36,1.73,1699,4787,No,https://boardgamegeek.com/boardgame/9203
9653,BANG! Dodge City,2004,6.87,6.35,1.65,,4681,Yes,https://boardgamegeek.com/boardgame/9653
12495,Fire & Axe: A Viking Saga,2004,6.99,6.35,2.67,1739,3236,No,https://boardgamegeek.com/boardgame/12495
97845,Galaxy Trucker: Another Big Expansion,2012,8.02,6.35,2.98,,1206,Yes,https://boardgamegeek.com/boardgame/97845
98527,Gloom of Kilforth: A Fantasy Quest Game,2017,7.48,6.35,3.13,1740,2141,No,https://boardgamegeek.com/boardgame/98527
127024,Room 25,2013,6.68,6.35,1.93,1729,7324,No,https://boardgamegeek.com/boardgame/127024
63268,Spot it!,2009,6.52,6.35,1.04,1716,22700,No,https://boardgamegeek.com/boardgame/63268
117985,Star Trek: Catan,2012,6.98,6.35,2.35,1725,3893,No,https://boardgamegeek.com/boardgame/117985
129430,Star Wars: X-Wing Miniatures Game – A-Wing Expansion Pack,2013,7.77,6.35,2.4,,1551,Yes,https://boardgamegeek.com/boardgame/129430
134453,The Little Prince: Make Me a Planet,2013,6.89,6.35,1.58,1724,4000,No,https://boardgamegeek.com/boardgame/134453
113401,Timeline: Events,2011,6.76,6.35,1.09,1735,5294,No,https://boardgamegeek.com/boardgame/113401
103,Titan,1980,6.96,6.35,3.46,1734,4095,No,https://boardgamegeek.com/boardgame/103
72991,Asara,2010,7.0,6.34,2.34,1746,3100,No,https://boardgamegeek.com/boardgame/72991
5716,Balloon Cup,2003,6.68,6.34,1.46,1760,6174,No,https://boardgamegeek.com/boardgame/5716
19237,Ca$h 'n Gun$,2005,6.55,6.34,1.28,1764,10626,No,https://boardgamegeek.com/boardgame/19237
15,Cosmic Encounter,1977,6.91,6.34,2.37,1765,4005,No,https://boardgamegeek.com/boardgame/15
10640,Doom: The Boardgame,2004,6.84,6.34,2.91,1745,5281,No,https://boardgamegeek.com/boardgame/10640
29223,Marrakech,2007,6.71,6.34,1.33,1774,6263,No,https://boardgamegeek.com/boardgame/29223
21441,Mykerinos,2006,6.84,6.34,2.56,1759,4029,No,https://boardgamegeek.com/boardgame/21441
106,Mystery Rummy: Jack the Ripper,1998,6.94,6.34,1.74,1752,3609,No,https://boardgamegeek.com/boardgame/106
139037,Pathfinder Adventure Card Game: Rise of the Runelords – Character Add-On Deck,2013,7.57,6.34,2.72,,1748,Yes,https://boardgamegeek.com/boardgame/139037
60435,Rallyman,2009,7.17,6.34,2.17,1775,2532,No,https://boardgamegeek.com/boardgame/60435
811,Rummikub,1950,6.53,6.34,1.71,1747,22462,No,https://boardgamegeek.com/boardgame/811
33604,Say Anything,2008,6.69,6.34,1.09,1758,6419,No,https://boardgamegeek.com/boardgame/33604
438,Scotland Yard,1983,6.51,6.34,1.94,1748,18313,No,https://boardgamegeek.com/boardgame/438
123759,Star Wars: X-Wing Miniatures Game – TIE Fighter Expansion Pack,2012,7.82,6.34,2.22,,1510,Yes,https://boardgamegeek.com/boardgame/123759
204,Stephenson's Rocket,1999,6.94,6.34,3.04,1761,3297,No,https://boardgamegeek.com/boardgame/204
95338,The Lord of the Rings: The Card Game – Conflict at the Carrock,2011,7.67,6.34,2.91,,1562,Yes,https://boardgamegeek.com/boardgame/95338
63170,1817,2010,8.58,6.33,4.8,1793,895,No,https://boardgamegeek.com/boardgame/63170
93193,Alien Frontiers: Factions,2012,7.6,6.33,2.47,,1547,Yes,https://boardgamegeek.com/boardgame/93193
66646,"Carcassonne: Expansion 8 – Bridges, Castles and Bazaars",2010,7.04,6.33,2.06,,3194,Yes,https://boardgamegeek.com/boardgame/66646
57390,Catacombs,2010,7.04,6.33,1.95,1789,2991,No,https://boardgamegeek.com/boardgame/57390
119,Cosmolancer,1994,6.71,6.33,1.85,1781,5519,No,https://boardgamegeek.com/boardgame/119
66682,Dominion: Stash Promo Card,2010,7.24,6.33,2.19,,2268,Yes,https://boardgamegeek.com/boardgame/66682
53093,Heroes of Normandie,2014,7.42,6.33,2.74,1801,2219,No,https://boardgamegeek.com/boardgame/53093
66,Löwenherz,1997,7.06,6.33,2.78,1782,2777,No,https://boardgamegeek.com/boardgame/66
139030,Mascarade,2013,6.55,6.33,1.53,1798,11382,No,https://boardgamegeek.com/boardgame/139030
1569,RoboRally: Armed and Dangerous,1995,7.79,6.33,2.69,,1445,Yes,https://boardgamegeek.com/boardgame/1569
105037,Tournay,2011,6.94,6.33,2.9,1786,3355,No,https://boardgamegeek.com/boardgame/105037
878,Wyatt Earp,2001,6.83,6.33,1.85,1783,4186,No,https://boardgamegeek.com/boardgame/878
15126,Advanced Squad Leader: Starter Kit #2,2005,7.97,6.32,3.81,1831,1333,No,https://boardgamegeek.com/boardgame/15126
19999,Aton,2005,6.85,6.32,2.12,1832,3671,No,https://boardgamegeek.com/boardgame/19999
55829,Axis & Allies: Pacific 1940,2009,7.53,6.32,3.55,1815,2163,No,https://boardgamegeek.com/boardgame/55829
3955,BANG!,2002,6.49,6.32,1.63,1823,35106,No,https://boardgamegeek.com/boardgame/3955
9446,Blue Moon,2004,6.69,6.32,2.17,1809,5864,No,https://boardgamegeek.com/boardgame/9446
8190,Bridges of Shangri-La,2003,6.97,6.32,2.71,1829,3002,No,https://boardgamegeek.com/boardgame/8190
116954,Butterfly Garden,2012,6.85,6.32,1.46,1832,3901,No,https://boardgamegeek.com/boardgame/116954
73664,Cabo,2010,7.08,6.32,1.41,1825,2789,No,https://boardgamegeek.com/boardgame/73664
30618,Eat Poop You Cat,,7.44,6.32,1.11,1827,1743,No,https://boardgamegeek.com/boardgame/30618
39684,Merkator,2010,7.02,6.32,2.96,1810,2815,No,https://boardgamegeek.com/boardgame/39684
3284,Star Wars: Epic Duels,2002,7.03,6.32,1.78,1824,3454,No,https://boardgamegeek.com/boardgame/3284
201,The Rose King,1992,6.82,6.32,1.93,1828,4039,No,https://boardgamegeek.com/boardgame/201
2122,Vampire: The Eternal Struggle,1994,7.27,6.32,3.42,1812,2519,No,https://boardgamegeek.com/boardgame/2122
22038,Warrior Knights,2006,6.87,6.32,3.51,1807,4133,No,https://boardgamegeek.com/boardgame/22038
3097,1849: The Game of Sicilian Railways,1998,8.06,6.31,4.16,1884,1060,No,https://boardgamegeek.com/boardgame/3097
1231,Bandu,1987,6.79,6.31,1.28,1867,4229,No,https://boardgamegeek.com/boardgame/1231
481,Carolus Magnus,2000,6.83,6.31,2.58,1877,3786,No,https://boardgamegeek.com/boardgame/481
38823,Conflict of Heroes: Storms of Steel! – Kursk 1943,2009,7.67,6.31,3.11,1888,1501,No,https://boardgamegeek.com/boardgame/38823
110831,Dominion: Governor Promo Card,2011,7.72,6.31,2.31,,1423,Yes,https://boardgamegeek.com/boardgame/110831
131366,Eight-Minute Empire,2012,6.54,6.31,1.63,1875,9027,No,https://boardgamegeek.com/boardgame/131366
131751,Mansions of Madness: Call of the Wild,2013,8.13,6.31,3.42,,1173,Yes,https://boardgamegeek.com/boardgame/131751
71836,Onirim,2010,6.63,6.31,1.65,1866,6779,No,https://boardgamegeek.com/boardgame/71836
94362,Rune Age,2011,6.79,6.31,2.29,1857,4608,No,https://boardgamegeek.com/boardgame/94362
2065,Shogi,1587,7.37,6.31,3.8,1855,2131,No,https://boardgamegeek.com/boardgame/2065
1568,Space Crusade,1990,7.08,6.31,2.3,1856,3212,No,https://boardgamegeek.com/boardgame/1568
929,The Great Dalmuti,1995,6.6,6.31,1.28,1878,8780,No,https://boardgamegeek.com/boardgame/929
27690,Thurn and Taxis: Power and Glory,2007,7.18,6.31,2.31,,2259,Yes,https://boardgamegeek.com/boardgame/27690
124693,A Game of Thrones: The Board Game (Second Edition) – A Dance with Dragons,2012,7.85,6.3,3.38,,1380,Yes,https://boardgamegeek.com/boardgame/124693
29934,Amyitis,2007,6.9,6.3,3.22,1904,3225,No,https://boardgamegeek.com/boardgame/29934
67877,Anomia,2010,6.69,6.3,1.05,1909,6068,No,https://boardgamegeek.com/boardgame/67877
126954,Flash Point: Fire Rescue – 2nd Story,2012,7.56,6.3,2.23,,1558,Yes,https://boardgamegeek.com/boardgame/126954
139766,Flash Point: Fire Rescue – Extreme Danger,2013,7.69,6.3,2.3,,1444,Yes,https://boardgamegeek.com/boardgame/139766
84732,Kariba,2010,7.02,6.3,1.06,1915,2866,No,https://boardgamegeek.com/boardgame/84732
129051,Le Havre: The Inland Port,2012,6.79,6.3,2.51,1911,3802,No,https://boardgamegeek.com/boardgame/129051
16496,Roma,2005,6.74,6.3,2.01,1898,4804,No,https://boardgamegeek.com/boardgame/16496
1198,SET,1988,6.51,6.3,1.65,1908,14362,No,https://boardgamegeek.com/boardgame/1198
96323,Survive: Escape from Atlantis! – 5-6 Player Mini Expansion,2011,7.4,6.3,1.56,,1814,Yes,https://boardgamegeek.com/boardgame/96323
41064,Talisman (Revised 4th Edition): The Dungeon Expansion,2009,7.34,6.3,2.36,,2212,Yes,https://boardgamegeek.com/boardgame/41064
619,The Bottle Imp,1995,6.75,6.3,1.87,1912,4220,No,https://boardgamegeek.com/boardgame/619
131325,Timeline: General Interest,2012,6.76,6.3,1.07,1895,4510,No,https://boardgamegeek.com/boardgame/131325
6411,Blokus 3D,2003,6.77,6.29,1.75,1922,4152,No,https://boardgamegeek.com/boardgame/6411
21550,Blokus Trigon,2006,6.89,6.29,1.92,1941,3400,No,https://boardgamegeek.com/boardgame/21550
136313,Eminent Domain: Escalation,2014,7.73,6.29,2.87,,1296,Yes,https://boardgamegeek.com/boardgame/136313
110139,Flash Point: Fire Rescue – Urban Structures,2011,7.6,6.29,2.23,,1483,Yes,https://boardgamegeek.com/boardgame/110139
242,Junta,1979,6.69,6.29,2.86,1928,6031,No,https://boardgamegeek.com/boardgame/242
196,Kremlin,1986,6.96,6.29,2.85,1936,3031,No,https://boardgamegeek.com/boardgame/196
65996,Le Havre: Le Grand Hameau,2010,7.82,6.29,3.43,,1254,Yes,https://boardgamegeek.com/boardgame/65996
22,Magic Realm,1979,7.32,6.29,4.56,1925,2232,No,https://boardgamegeek.com/boardgame/22
902,Meuterer,2000,6.86,6.29,2.31,1950,3380,No,https://boardgamegeek.com/boardgame/902
1915,Middle-earth,1995,7.37,6.29,3.74,1949,2072,No,https://boardgamegeek.com/boardgame/1915
17223,World of Warcraft: The Boardgame,2005,6.75,6.29,3.51,1934,6057,No,https://boardgamegeek.com/boardgame/17223
492,Aladdin's Dragons,2000,6.88,6.28,2.36,1956,3278,No,https://boardgamegeek.com/boardgame/492
139596,Android: Netrunner – Creation and Control,2013,8.21,6.28,3.22,,1082,Yes,https://boardgamegeek.com/boardgame/139596
494,Ave Caesar,1989,6.66,6.28,1.35,1967,5111,No,https://boardgamegeek.com/boardgame/494
98,Axis & Allies,1981,6.59,6.28,3.03,1968,11495,No,https://boardgamegeek.com/boardgame/98
125099,Core Worlds: Galactic Orders,2012,7.86,6.28,3.0,,1158,Yes,https://boardgamegeek.com/boardgame/125099
101785,D-Day Dice,2012,6.8,6.28,2.04,1973,3696,No,https://boardgamegeek.com/boardgame/101785
138431,Galaxy Defenders,2014,7.41,6.28,3.23,1961,1841,No,https://boardgamegeek.com/boardgame/138431
115,I'm the Boss!,1994,6.77,6.28,1.97,1964,4191,No,https://boardgamegeek.com/boardgame/115
57925,La Habana,2009,6.83,6.28,2.22,1981,3376,No,https://boardgamegeek.com/boardgame/57925
84406,Memoir '44: Winter Wars,2010,8.19,6.28,2.33,,1075,Yes,https://boardgamegeek.com/boardgame/84406
915,Mystery of the Abbey,1995,6.54,6.28,2.2,1979,8428,No,https://boardgamegeek.com/boardgame/915
38718,Normandy '44,2010,7.9,6.28,3.37,1982,1275,No,https://boardgamegeek.com/boardgame/38718
40209,RAF: The Battle of Britain 1940,2009,8.07,6.28,3.26,1975,1166,No,https://boardgamegeek.com/boardgame/40209
1829,Risk 2210 A.D.,2001,6.69,6.28,2.72,1970,7386,No,https://boardgamegeek.com/boardgame/1829
594,Sleuth,1971,6.89,6.28,2.47,1957,3151,No,https://boardgamegeek.com/boardgame/594
122316,Small World: Realms,2012,7.3,6.28,2.42,,2029,Yes,https://boardgamegeek.com/boardgame/122316
18745,Sun Tzu,2005,7.04,6.28,2.09,1972,2522,No,https://boardgamegeek.com/boardgame/18745
24827,Traders of Osaka,2006,6.79,6.28,2.04,1965,3635,No,https://boardgamegeek.com/boardgame/24827
135378,Catan: Explorers & Pirates,2013,7.15,6.27,2.84,,2642,Yes,https://boardgamegeek.com/boardgame/135378
75165,De Vulgari Eloquentia,2010,7.19,6.27,3.64,1987,2049,No,https://boardgamegeek.com/boardgame/75165
168,Empire Builder,1982,6.96,6.27,2.63,2008,3098,No,https://boardgamegeek.com/boardgame/168
24417,Factory Fun,2006,6.79,6.27,2.5,1991,3543,No,https://boardgamegeek.com/boardgame/24417
152,Mü & More,1995,7.15,6.27,2.56,1990,2129,No,https://boardgamegeek.com/boardgame/152
120523,Nothing Personal,2013,7.02,6.27,2.78,1993,2479,No,https://boardgamegeek.com/boardgame/120523
94104,Omen: A Reign of War,2011,7.27,6.27,2.34,2015,1873,No,https://boardgamegeek.com/boardgame/94104
2987,Pirate's Cove,2002,6.56,6.27,2.01,1984,8465,No,https://boardgamegeek.com/boardgame/2987
70940,Thunderstone: Doomgate Legion,2010,7.62,6.27,2.76,,1427,Yes,https://boardgamegeek.com/boardgame/70940
109125,Wallenstein (Second Edition),2012,7.56,6.27,3.23,2014,1424,No,https://boardgamegeek.com/boardgame/109125
20542,Advanced Squad Leader: Starter Kit #3,2007,8.04,6.26,3.9,2026,1168,No,https://boardgamegeek.com/boardgame/20542
39339,Android,2008,6.74,6.26,3.96,2047,3994,No,https://boardgamegeek.com/boardgame/39339
37919,Ascending Empires,2011,7.14,6.26,2.35,2038,2084,No,https://boardgamegeek.com/boardgame/37919
92332,Carcassonne: The Phantom,2011,7.57,6.26,1.57,,1465,Yes,https://boardgamegeek.com/boardgame/92332
101665,Dominion: Walled Village Promo Card,2011,7.48,6.26,2.15,,1553,Yes,https://boardgamegeek.com/boardgame/101665
22877,Fields of Fire,2008,7.86,6.26,4.26,2030,1322,No,https://boardgamegeek.com/boardgame/22877
38545,Kamisado,2008,6.95,6.26,2.36,2036,2782,No,https://boardgamegeek.com/boardgame/38545
68752,Memoir '44: Breakthrough,2010,8.28,6.26,2.44,,958,Yes,https://boardgamegeek.com/boardgame/68752
3072,Necromunda,1995,7.31,6.26,3.12,2048,1939,No,https://boardgamegeek.com/boardgame/3072
31497,Oregon,2007,6.78,6.26,2.14,2039,3578,No,https://boardgamegeek.com/boardgame/31497
14254,PitchCar Mini,2003,6.99,6.26,1.14,2028,2449,No,https://boardgamegeek.com/boardgame/14254
125548,Pixel Tactics,2012,6.8,6.26,2.62,2043,3700,No,https://boardgamegeek.com/boardgame/125548
131184,Power Grid: Northern Europe/United Kingdom & Ireland,2012,7.88,6.26,2.98,,1136,Yes,https://boardgamegeek.com/boardgame/131184
106662,Power Grid: The First Sparks,2011,6.76,6.26,2.71,2049,3665,No,https://boardgamegeek.com/boardgame/106662
34887,Revolution!,2009,6.72,6.26,2.04,2035,4489,No,https://boardgamegeek.com/boardgame/34887
130806,Android: Netrunner – What Lies Ahead,2012,8.12,6.25,3.4,,1067,Yes,https://boardgamegeek.com/boardgame/130806
95683,Arkham Horror: The Curse of the Dark Pharaoh Expansion (Revised Edition),2011,7.75,6.25,3.46,,1350,Yes,https://boardgamegeek.com/boardgame/95683
54137,Battle Sheep,2010,6.6,6.25,1.46,2068,5830,No,https://boardgamegeek.com/boardgame/54137
1544,Beyond Balderdash,1993,6.83,6.25,1.47,2061,3380,No,https://boardgamegeek.com/boardgame/1544
21385,Carcassonne: Towers & Thieves,2006,6.61,6.25,2.16,,6386,Yes,https://boardgamegeek.com/boardgame/21385
4636,Clans,2002,6.59,6.25,2.03,2070,5405,No,https://boardgamegeek.com/boardgame/4636
83404,Hansa Teutonica: East Expansion,2010,8.07,6.25,3.16,,979,Yes,https://boardgamegeek.com/boardgame/83404
13780,In the Shadow of the Emperor,2004,6.86,6.25,3.33,2051,2976,No,https://boardgamegeek.com/boardgame/13780
90040,Pergamon,2011,6.92,6.25,2.24,2055,2708,No,https://boardgamegeek.com/boardgame/90040
29549,Saint Petersburg: New Society & Banquet Expansion,2008,7.43,6.25,2.49,,1553,Yes,https://boardgamegeek.com/boardgame/29549
8129,Sluff Off!,2003,6.88,6.25,1.85,2054,2906,No,https://boardgamegeek.com/boardgame/8129
7480,"Sword of Rome: Conquest of Italy, 362-272 BC",2004,7.32,6.25,3.33,2074,1710,No,https://boardgamegeek.com/boardgame/7480
94288,The Lord of the Rings: The Card Game – The Hunt for Gollum,2011,7.33,6.25,2.85,,1750,Yes,https://boardgamegeek.com/boardgame/94288
33451,The Red Dragon Inn 2,2008,6.91,6.25,1.81,2069,3393,No,https://boardgamegeek.com/boardgame/33451
10093,Axis & Allies,2004,6.69,6.24,3.22,2080,6179,No,https://boardgamegeek.com/boardgame/10093
337,Circus Flohcati,1998,6.72,6.24,1.23,2092,3867,No,https://boardgamegeek.com/boardgame/337
36722,Descent: The Tomb of Ice,2008,7.84,6.24,3.43,,1233,Yes,https://boardgamegeek.com/boardgame/36722
15511,Fjords,2005,6.78,6.24,1.71,2083,3466,No,https://boardgamegeek.com/boardgame/15511
38862,Giants,2008,6.95,6.24,2.93,2081,2575,No,https://boardgamegeek.com/boardgame/38862
361,Hare & Tortoise,1973,6.62,6.24,1.92,2097,5029,No,https://boardgamegeek.com/boardgame/361
22484,Ingenious: Travel Edition,2006,7.09,6.24,1.85,2096,2087,No,https://boardgamegeek.com/boardgame/22484
8098,Jungle Speed,1997,6.45,6.24,1.13,2095,14456,No,https://boardgamegeek.com/boardgame/8098
137396,Kingdom Builder: Crossroads,2013,7.57,6.24,2.32,,1329,Yes,https://boardgamegeek.com/boardgame/137396
133798,Mage Wars Arena: Forcemaster vs Warlord Expansion Set,2013,8.13,6.24,3.64,,1001,Yes,https://boardgamegeek.com/boardgame/133798
102435,Navajo Wars,2013,7.87,6.24,3.94,2116,1135,No,https://boardgamegeek.com/boardgame/102435
5206,Ogre,1977,6.95,6.24,2.33,2114,2936,No,https://boardgamegeek.com/boardgame/5206
92319,Olympos,2011,6.89,6.24,2.96,2085,2766,No,https://boardgamegeek.com/boardgame/92319
13884,The Scepter of Zavandor,2004,6.94,6.24,3.5,2100,2626,No,https://boardgamegeek.com/boardgame/13884
99975,Timeline: Science & Discoveries,2011,6.7,6.24,1.16,2084,4144,No,https://boardgamegeek.com/boardgame/99975
46396,Ubongo 3D,2009,7.06,6.24,1.9,2113,2219,No,https://boardgamegeek.com/boardgame/46396
43022,Yomi,2011,6.91,6.24,2.36,2101,3004,No,https://boardgamegeek.com/boardgame/43022
38343,Ad Astra,2009,6.85,6.23,2.68,2124,2986,No,https://boardgamegeek.com/boardgame/38343
26,Age of Renaissance,1996,7.09,6.23,3.85,2140,2264,No,https://boardgamegeek.com/boardgame/26
34194,Aquaretto,2008,6.96,6.23,2.12,2137,2564,No,https://boardgamegeek.com/boardgame/34194
122294,Ascension: Immortal Heroes,2012,7.32,6.23,2.11,2125,1721,No,https://boardgamegeek.com/boardgame/122294
27225,Bananagrams,2006,6.43,6.23,1.29,2146,13804,No,https://boardgamegeek.com/boardgame/27225
40270,Call of Cthulhu: The Card Game,2008,6.89,6.23,2.91,2157,3055,No,https://boardgamegeek.com/boardgame/40270
140711,Carcassonne Big Box 4,2012,7.74,6.23,2.04,,1323,No,https://boardgamegeek.com/boardgame/140711
131111,Codex: Card-Time Strategy – Deluxe Set,2016,7.97,6.23,3.62,2145,1175,No,https://boardgamegeek.com/boardgame/131111
22348,Duplik,2005,6.97,6.23,1.21,2135,2528,No,https://boardgamegeek.com/boardgame/22348
6901,Euchre,1848,6.87,6.23,1.69,2139,3033,No,https://boardgamegeek.com/boardgame/6901
903,Hamster Roll,2000,6.85,6.23,1.07,2164,2749,No,https://boardgamegeek.com/boardgame/903
1219,Labyrinth,1986,6.41,6.23,1.35,2127,16266,No,https://boardgamegeek.com/boardgame/1219
39861,Memoir '44: Campaign Book Volume 1,2009,8.22,6.23,2.42,,925,Yes,https://boardgamegeek.com/boardgame/39861
41010,My First Carcassonne,2009,6.65,6.23,1.13,2155,4960,No,https://boardgamegeek.com/boardgame/41010
13308,Niagara,2004,6.46,6.23,1.83,2152,9133,No,https://boardgamegeek.com/boardgame/13308
27627,Talisman: Revised 4th Edition,2007,6.51,6.23,2.17,2160,16305,No,https://boardgamegeek.com/boardgame/27627
43868,The Adventurers: The Temple of Chac,2009,6.6,6.23,1.66,2158,4951,No,https://boardgamegeek.com/boardgame/43868
123695,The Lord of the Rings: The Card Game – The Hobbit: Over Hill and Under Hill,2012,7.84,6.23,3.16,,1131,Yes,https://boardgamegeek.com/boardgame/123695
57660,Time's Up! Edición Azul,2006,7.4,6.23,1.22,2159,1467,No,https://boardgamegeek.com/boardgame/57660
103185,Walnut Grove,2011,6.96,6.23,2.47,2123,2389,No,https://boardgamegeek.com/boardgame/103185
123239,Wits & Wagers Party,2012,6.89,6.23,1.12,2153,2684,No,https://boardgamegeek.com/boardgame/123239
12761,Ys,2004,6.9,6.23,2.92,2132,2649,No,https://boardgamegeek.com/boardgame/12761
423,1856: Railroading in Upper Canada from 1856,1995,7.46,6.22,4.25,2192,1374,No,https://boardgamegeek.com/boardgame/423
12750,1860: Railways on the Isle of Wight,2004,7.82,6.22,4.13,2173,1061,No,https://boardgamegeek.com/boardgame/12750
526,Abalone,1987,6.49,6.22,2.15,2189,8439,No,https://boardgamegeek.com/boardgame/526
41933,Arctic Scavengers,2009,6.73,6.22,2.27,2181,3616,No,https://boardgamegeek.com/boardgame/41933
5072,Carrom,,7.1,6.22,1.46,2167,2048,No,https://boardgamegeek.com/boardgame/5072
6351,Gulo Gulo,2003,6.83,6.22,1.08,2202,2871,No,https://boardgamegeek.com/boardgame/6351
47055,High Frontier,2010,7.34,6.22,4.35,2204,1568,No,https://boardgamegeek.com/boardgame/47055
3800,Himalaya,2004,6.99,6.22,2.57,2179,2271,No,https://boardgamegeek.com/boardgame/3800
139993,Kingdom Builder: Big Box,2014,7.53,6.22,2.33,,1333,No,https://boardgamegeek.com/boardgame/139993
108150,Mansions of Madness: Forbidden Alchemy,2011,7.74,6.22,3.09,,1288,Yes,https://boardgamegeek.com/boardgame/108150
3565,Mordheim: City of the Damned,1999,7.37,6.22,3.09,2191,1770,No,https://boardgamegeek.com/boardgame/3565
1107,Nyet!,1997,6.78,6.22,1.9,2190,3037,No,https://boardgamegeek.com/boardgame/1107
24773,On the Underground,2006,6.89,6.22,2.44,2200,2568,No,https://boardgamegeek.com/boardgame/24773
55697,Power Struggle,2009,6.97,6.22,3.36,2175,2369,No,https://boardgamegeek.com/boardgame/55697
2251,Strat-O-Matic Baseball,1962,7.89,6.22,2.39,2199,1283,No,https://boardgamegeek.com/boardgame/2251
2081,The Civil War 1861-1865,1983,7.73,6.22,3.79,2197,1317,No,https://boardgamegeek.com/boardgame/2081
34297,The Climbers,2008,6.74,6.22,1.76,2184,3375,No,https://boardgamegeek.com/boardgame/34297
24310,The Red Dragon Inn,2007,6.54,6.22,1.66,2168,9435,No,https://boardgamegeek.com/boardgame/24310
1499,World in Flames,1985,7.66,6.22,4.64,2187,1494,No,https://boardgamegeek.com/boardgame/1499
73369,51st State,2010,6.78,6.21,3.1,2234,3107,No,https://boardgamegeek.com/boardgame/73369
19400,A Game of Thrones: A Storm of Swords Expansion,2006,7.77,6.21,3.55,,1167,Yes,https://boardgamegeek.com/boardgame/19400
986,Babel,2000,6.64,6.21,2.4,2215,4184,No,https://boardgamegeek.com/boardgame/986
88827,Battle Cry: 150th Civil War Anniversary Edition,2010,7.67,6.21,2.07,2229,1303,No,https://boardgamegeek.com/boardgame/88827
32125,Felicity: The Cat in the Sack,2007,6.56,6.21,1.4,2209,5160,No,https://boardgamegeek.com/boardgame/32125
1762,HeroQuest: Kellar's Keep,1989,7.3,6.21,2.12,,1833,Yes,https://boardgamegeek.com/boardgame/1762
49,Mamma Mia!,1998,6.49,6.21,1.36,2222,6604,No,https://boardgamegeek.com/boardgame/49
123607,Puzzle Strike: Third Edition,2012,7.16,6.21,2.72,2240,1891,No,https://boardgamegeek.com/boardgame/123607
15600,Sardegna,2005,7.03,6.21,2.6,2242,2089,No,https://boardgamegeek.com/boardgame/15600
124185,Sentinels of the Multiverse: Unity Hero Character,2012,7.97,6.21,2.29,,995,Yes,https://boardgamegeek.com/boardgame/124185
124172,Tsuro of the Seas,2012,6.51,6.21,1.41,2233,7033,No,https://boardgamegeek.com/boardgame/124172
58936,Wars of the Roses: Lancaster vs. York,2010,7.34,6.21,3.19,2214,1550,No,https://boardgamegeek.com/boardgame/58936
237,Wooden Ships & Iron Men,1974,7.1,6.21,3.09,2206,2168,No,https://boardgamegeek.com/boardgame/237
701,A House Divided: War Between the States 1861-65,1981,7.06,6.2,2.59,2275,2075,No,https://boardgamegeek.com/boardgame/701
28086,Age of War,2006,6.44,6.2,1.15,2246,9558,No,https://boardgamegeek.com/boardgame/28086
138233,Ascension: Rise of Vigil,2013,7.18,6.2,2.27,2261,1835,No,https://boardgamegeek.com/boardgame/138233
17419,Catan 3D Collector's Edition,2005,7.9,6.2,2.64,,1089,No,https://boardgamegeek.com/boardgame/17419
2915,Catan Card Game: Expansion Set,2002,7.1,6.2,2.51,,2035,Yes,https://boardgamegeek.com/boardgame/2915
28089,Château Roquefort,2007,6.85,6.2,1.58,2272,2668,No,https://boardgamegeek.com/boardgame/28089
24742,Cold War: CIA vs KGB,2007,6.63,6.2,1.85,2267,4256,No,https://boardgamegeek.com/boardgame/24742
6887,Hearts,1850,6.55,6.2,1.74,2260,5104,No,https://boardgamegeek.com/boardgame/6887
103092,Helvetia,2011,6.97,6.2,3.05,2264,2126,No,https://boardgamegeek.com/boardgame/103092
1761,HeroQuest: Return of the Witch Lord,1991,7.36,6.2,2.18,,1724,Yes,https://boardgamegeek.com/boardgame/1761
21920,Leonardo da Vinci,2006,6.72,6.2,3.18,2249,3465,No,https://boardgamegeek.com/boardgame/21920
140,Pit,1903,6.41,6.2,1.15,2266,10340,No,https://boardgamegeek.com/boardgame/140
91984,Québec,2011,7.14,6.2,2.98,2276,1767,No,https://boardgamegeek.com/boardgame/91984
30658,Rise of Empires,2009,7.01,6.2,3.54,2253,2108,No,https://boardgamegeek.com/boardgame/30658
26457,Successors: The Battles for Alexander's Empire,2008,7.54,6.2,3.3,2271,1274,No,https://boardgamegeek.com/boardgame/26457
82423,Summoner Wars: Fallen Kingdom Faction Deck,2010,7.9,6.2,2.21,,1019,Yes,https://boardgamegeek.com/boardgame/82423
111417,The Great Heartland Hauling Co.,2013,6.84,6.2,1.82,2266,2656,No,https://boardgamegeek.com/boardgame/111417
61487,Unconditional Surrender! World War 2 in Europe,2014,7.98,6.2,3.79,2263,1073,No,https://boardgamegeek.com/boardgame/61487
104955,Antike Duellum,2012,7.05,6.19,2.87,2315,1932,No,https://boardgamegeek.com/boardgame/104955
41863,Axis & Allies: 1942,2009,6.94,6.19,3.17,2300,3142,No,https://boardgamegeek.com/boardgame/41863
70,Big City,1999,6.85,6.19,2.22,2311,2516,No,https://boardgamegeek.com/boardgame/70
24089,Commands & Colors: Ancients Expansion Pack #2 – Rome vs the Barbarians,2007,8.28,6.19,2.56,,800,Yes,https://boardgamegeek.com/boardgame/24089
254,Empires in Arms,1983,7.62,6.19,4.4,2308,1371,No,https://boardgamegeek.com/boardgame/254
107255,Evo (Second Edition),2011,6.93,6.19,2.36,2286,2323,No,https://boardgamegeek.com/boardgame/107255
71074,Expedition: Northwest Passage – HMS Terror Edition,2013,6.95,6.19,2.68,2303,2210,No,https://boardgamegeek.com/boardgame/71074
120,Hoity Toity,1990,6.51,6.19,1.86,2277,5583,No,https://boardgamegeek.com/boardgame/120
29937,König von Siam,2007,6.89,6.19,2.68,2312,2304,No,https://boardgamegeek.com/boardgame/29937
4396,Odin's Ravens,2002,6.65,6.19,1.68,2292,3968,No,https://boardgamegeek.com/boardgame/4396
127997,Qin,2012,6.8,6.19,2.03,2295,2736,No,https://boardgamegeek.com/boardgame/127997
35503,Ra: The Dice Game,2009,6.78,6.19,1.74,2301,2744,No,https://boardgamegeek.com/boardgame/35503
98113,The Lord of the Rings: The Card Game – A Journey to Rhosgobel,2011,7.42,6.19,2.92,,1383,Yes,https://boardgamegeek.com/boardgame/98113
2808,The Russian Campaign,1974,7.33,6.19,2.85,2285,1645,No,https://boardgamegeek.com/boardgame/2808
2393,Xiangqi,762,7.09,6.19,3.55,2290,2280,No,https://boardgamegeek.com/boardgame/2393
110308,7 Wonders: Catan,2011,7.1,6.18,1.94,,1946,Yes,https://boardgamegeek.com/boardgame/110308
38386,A Castle for All Seasons,2008,6.72,6.18,2.79,2330,3136,No,https://boardgamegeek.com/boardgame/38386
123499,City of Iron,2013,7.13,6.18,3.23,2351,1725,No,https://boardgamegeek.com/boardgame/123499
40794,Cuba: El Presidente,2009,7.61,6.18,3.13,,1155,Yes,https://boardgamegeek.com/boardgame/40794
340,Frank's Zoo,1999,6.62,6.18,1.53,2323,4009,No,https://boardgamegeek.com/boardgame/340
136280,La Boca,2013,6.93,6.18,1.36,2327,2201,No,https://boardgamegeek.com/boardgame/136280
35435,Nefertiti,2008,6.99,6.18,2.36,2318,2050,No,https://boardgamegeek.com/boardgame/35435
75358,SNCF: France & Germany,2010,6.66,6.18,1.81,2348,3266,No,https://boardgamegeek.com/boardgame/75358
128667,Samurai Sword,2012,6.67,6.18,1.76,2335,4253,No,https://boardgamegeek.com/boardgame/128667
63759,Seeland,2010,6.91,6.18,2.3,2333,2190,No,https://boardgamegeek.com/boardgame/63759
592,Spades,1938,6.81,6.18,2.03,2338,2779,No,https://boardgamegeek.com/boardgame/592
139771,Star Trek: Attack Wing,2013,7.49,6.18,2.72,2324,1981,No,https://boardgamegeek.com/boardgame/139771
102875,The Lord of the Rings: The Card Game – Return to Mirkwood,2011,7.67,6.18,3.0,,1128,Yes,https://boardgamegeek.com/boardgame/102875
96007,The New Era,2011,7.43,6.18,3.45,2339,1325,No,https://boardgamegeek.com/boardgame/96007
16267,Trans Europa,2005,6.65,6.18,1.41,2343,3526,No,https://boardgamegeek.com/boardgame/16267
1117,You're Bluffing!,1985,6.58,6.18,1.63,2321,4773,No,https://boardgamegeek.com/boardgame/1117
132005,Android: Netrunner – Trace Amount,2013,8.13,6.17,3.28,,907,Yes,https://boardgamegeek.com/boardgame/132005
1032,B-17: Queen of the Skies,1981,7.14,6.17,2.33,2353,2146,No,https://boardgamegeek.com/boardgame/1032
37907,Diamonds Club,2008,7.05,6.17,2.61,2368,1851,No,https://boardgamegeek.com/boardgame/37907
122842,Exodus: Proxima Centauri,2012,7.13,6.17,3.61,2373,1754,No,https://boardgamegeek.com/boardgame/122842
34585,Keltis,2008,6.43,6.17,1.64,2354,6991,No,https://boardgamegeek.com/boardgame/34585
85325,Kolejka,2011,6.65,6.17,2.03,2385,4101,No,https://boardgamegeek.com/boardgame/85325
112138,Krosmaster: Arena,2012,6.69,6.17,2.68,2367,3819,No,https://boardgamegeek.com/boardgame/112138
3931,Mare Nostrum,2003,6.72,6.17,2.99,2366,3287,No,https://boardgamegeek.com/boardgame/3931
31638,Memoir '44: Air Pack,2007,7.52,6.17,2.45,,1275,Yes,https://boardgamegeek.com/boardgame/31638
125,Money!,1999,6.6,6.17,1.56,2390,3708,No,https://boardgamegeek.com/boardgame/125
1662,"Napoléon: The Waterloo Campaign, 1815",1974,7.38,6.17,2.47,2360,1423,No,https://boardgamegeek.com/boardgame/1662
36648,Pyramid of Pengqueen,2008,6.88,6.17,1.37,2382,2273,No,https://boardgamegeek.com/boardgame/36648
9441,Ribbit,2004,6.77,6.17,1.09,2377,3008,No,https://boardgamegeek.com/boardgame/9441
21551,SPQR (Deluxe Edition),2008,8.03,6.17,3.91,2364,955,No,https://boardgamegeek.com/boardgame/21551
113289,Snake Oil,2010,6.65,6.17,1.13,2371,3685,No,https://boardgamegeek.com/boardgame/113289
37387,Steel Driver,2008,6.96,6.17,2.8,2389,1989,No,https://boardgamegeek.com/boardgame/37387
67051,Talisman (Revised 4th Edition): The Highland Expansion,2010,7.31,6.17,2.3,,1643,Yes,https://boardgamegeek.com/boardgame/67051
85005,The Boss,2010,6.78,6.17,1.79,2359,2802,No,https://boardgamegeek.com/boardgame/85005
66510,The Red Dragon Inn 3,2011,7.19,6.17,1.95,2384,1958,No,https://boardgamegeek.com/boardgame/66510
66588,Wits & Wagers Family,2010,6.9,6.17,1.1,2355,2258,No,https://boardgamegeek.com/boardgame/66588
19622,A Victory Lost: Crisis in Ukraine 1942-1943,2006,7.63,6.16,2.56,2423,1152,No,https://boardgamegeek.com/boardgame/19622
133500,Android: Netrunner – Cyber Exodus,2013,8.16,6.16,3.31,,870,Yes,https://boardgamegeek.com/boardgame/133500
163,Balderdash,1984,6.48,6.16,1.39,2402,6673,No,https://boardgamegeek.com/boardgame/163
141007,Carcassonne Big Box 3,2010,7.88,6.16,2.09,,963,No,https://boardgamegeek.com/boardgame/141007
37358,Founding Fathers,2010,6.95,6.16,2.75,2406,1997,No,https://boardgamegeek.com/boardgame/37358
1887,Legend of the Five Rings,1995,7.17,6.16,3.3,2413,1737,No,https://boardgamegeek.com/boardgame/1887
37911,Memoir '44: Operation Overlord,2008,7.77,6.16,2.45,,1048,Yes,https://boardgamegeek.com/boardgame/37911
38992,Royal Palace,2008,6.85,6.16,2.78,2410,2275,No,https://boardgamegeek.com/boardgame/38992
22245,Royal Visit,2006,6.71,6.16,1.66,2392,3105,No,https://boardgamegeek.com/boardgame/22245
110926,The Castles of Burgundy: 1st Expansion – New Player Boards,2011,7.93,6.16,2.89,,897,Yes,https://boardgamegeek.com/boardgame/110926
122967,Thunderstone Advance: Caverns of Bane,2012,7.73,6.16,2.69,,1044,Yes,https://boardgamegeek.com/boardgame/122967
33154,Wasabi!,2008,6.51,6.16,1.9,2424,4917,No,https://boardgamegeek.com/boardgame/33154
31105,Archaeology: The Card Game,2007,6.65,6.15,1.34,2471,3266,No,https://boardgamegeek.com/boardgame/31105
98918,Bios: Genesis,2016,7.05,6.15,4.38,2470,1849,No,https://boardgamegeek.com/boardgame/98918
12477,Bootleggers,2004,6.67,6.15,2.62,2440,3306,No,https://boardgamegeek.com/boardgame/12477
730,Breakout: Normandy,1992,7.68,6.15,3.4,2462,1083,No,https://boardgamegeek.com/boardgame/730
472,DungeonQuest,1985,6.79,6.15,1.92,2444,2951,No,https://boardgamegeek.com/boardgame/472
113636,Edo,2012,7.02,6.15,2.96,2447,1790,No,https://boardgamegeek.com/boardgame/113636
157,Eurorails,1990,7.09,6.15,2.74,2437,1879,No,https://boardgamegeek.com/boardgame/157
42673,Field Commander: Napoleon,2011,7.65,6.15,2.74,2460,1139,No,https://boardgamegeek.com/boardgame/42673
136955,Hands in the Sea,2016,7.78,6.15,3.12,2476,962,No,https://boardgamegeek.com/boardgame/136955
22192,HeroQuest Advanced Quest,1990,7.32,6.15,2.19,2448,1839,No,https://boardgamegeek.com/boardgame/22192
22646,Heroscape Expansion Set: Fortress of the Archkyrie,2006,7.72,6.15,2.22,,1077,Yes,https://boardgamegeek.com/boardgame/22646
24703,Heroscape Marvel: The Conflict Begins,2007,7.02,6.15,2.06,2456,1974,No,https://boardgamegeek.com/boardgame/24703
249,Lifeboats,1993,6.58,6.15,1.78,2443,3811,No,https://boardgamegeek.com/boardgame/249
128442,Relic,2013,6.75,6.15,2.48,2434,3467,No,https://boardgamegeek.com/boardgame/128442
118695,Riff Raff,2012,6.91,6.15,1.19,2436,2103,No,https://boardgamegeek.com/boardgame/118695
108018,Riichi Mahjong,1920,8.3,6.15,3.64,2445,863,No,https://boardgamegeek.com/boardgame/108018
1968,RoboRally: Crash and Burn,1997,7.83,6.15,2.65,,983,Yes,https://boardgamegeek.com/boardgame/1968
84,Rommel in the Desert,1982,7.56,6.15,3.41,2472,1149,No,https://boardgamegeek.com/boardgame/84
320,Scrabble,1948,6.28,6.15,2.05,2442,35752,No,https://boardgamegeek.com/boardgame/320
22823,World of Warcraft: The Boardgame – Shadow of War,2006,7.48,6.15,3.23,,1339,Yes,https://boardgamegeek.com/boardgame/22823
42047,A Touch of Evil: Something Wicked Expansion,2009,7.72,6.14,2.91,,1093,Yes,https://boardgamegeek.com/boardgame/42047
56931,Arena: Roma II,2009,6.86,6.14,1.94,2477,2194,No,https://boardgamegeek.com/boardgame/56931
33458,"Carcassonne: Expansion 6 – Count, King & Robber",2007,6.86,6.14,2.19,,2474,Yes,https://boardgamegeek.com/boardgame/33458
7707,Carcassonne: King & Scout,2003,6.6,6.14,1.8,,3868,Yes,https://boardgamegeek.com/boardgame/7707
67239,Catan Histories: Settlers of America – Trails to Rails,2010,6.79,6.14,2.69,2479,2622,No,https://boardgamegeek.com/boardgame/67239
120217,City of Horror,2012,6.68,6.14,2.43,2500,3243,No,https://boardgamegeek.com/boardgame/120217
137330,Cube Quest,2013,6.81,6.14,1.11,2524,2338,No,https://boardgamegeek.com/boardgame/137330
28259,Cutthroat Caverns,2007,6.49,6.14,2.08,2497,5140,No,https://boardgamegeek.com/boardgame/28259
138649,DC Comics Dice Masters: Justice League,2015,7.26,6.14,2.31,2493,1438,No,https://boardgamegeek.com/boardgame/138649
12692,Gloom,2005,6.33,6.14,1.63,2510,16599,No,https://boardgamegeek.com/boardgame/12692
38765,Ground Floor,2012,6.98,6.14,3.71,2484,1789,No,https://boardgamegeek.com/boardgame/38765
63543,Horus Heresy,2010,7.06,6.14,3.78,2511,1807,No,https://boardgamegeek.com/boardgame/63543
466,Inkognito,1988,6.6,6.14,2.16,2491,3638,No,https://boardgamegeek.com/boardgame/466
32412,Palastgeflüster,2007,6.78,6.14,1.64,2518,2491,No,https://boardgamegeek.com/boardgame/32412
12589,Ratzia,2004,6.85,6.14,1.96,2485,2183,No,https://boardgamegeek.com/boardgame/12589
232,Serenissima,1996,6.84,6.14,3.04,2512,2365,No,https://boardgamegeek.com/boardgame/232
73,Show Manager,1996,6.96,6.14,2.09,2522,1883,No,https://boardgamegeek.com/boardgame/73
6819,Skat,1810,7.3,6.14,3.08,2488,1430,No,https://boardgamegeek.com/boardgame/6819
1111,Taboo,1989,6.32,6.14,1.2,2487,14283,No,https://boardgamegeek.com/boardgame/1111
34707,The Hanging Gardens,2008,6.78,6.14,1.94,2504,2393,No,https://boardgamegeek.com/boardgame/34707
442,Um Reifenbreite,1979,6.77,6.14,1.96,2481,2514,No,https://boardgamegeek.com/boardgame/442
7858,Ardennes '44: The Battle of the Bulge,2003,7.99,6.13,3.68,2539,900,No,https://boardgamegeek.com/boardgame/7858
118174,Compounded,2013,6.69,6.13,2.44,2557,2876,No,https://boardgamegeek.com/boardgame/118174
17710,Conquest of the Empire,2005,6.72,6.13,3.07,2531,3099,No,https://boardgamegeek.com/boardgame/17710
19526,Elasund: The First City,2005,6.59,6.13,2.73,2554,3378,No,https://boardgamegeek.com/boardgame/19526
715,Escape from Colditz,1973,6.68,6.13,2.22,2529,3583,No,https://boardgamegeek.com/boardgame/715
6205,Europe Engulfed: WWII European Theatre Block Game,2003,7.44,6.13,3.75,2543,1327,No,https://boardgamegeek.com/boardgame/6205
40393,FITS,2009,6.57,6.13,1.39,2545,3404,No,https://boardgamegeek.com/boardgame/40393
85990,Survive: Escape from Atlantis! – The Giant Squid Mini Expansion,2011,7.09,6.13,1.48,,1663,Yes,https://boardgamegeek.com/boardgame/85990
128,Take it Easy!,1983,6.61,6.13,1.48,2540,3515,No,https://boardgamegeek.com/boardgame/128
132477,The Castles of Burgundy: 2nd Expansion – New Hex Tiles,2012,7.65,6.13,2.78,,979,Yes,https://boardgamegeek.com/boardgame/132477
36522,2 de Mayo,2008,6.87,6.12,2.16,2587,1995,No,https://boardgamegeek.com/boardgame/36522
71061,DungeonQuest (Third Edition),2010,6.64,6.12,2.17,2567,3425,No,https://boardgamegeek.com/boardgame/71061
68820,Enemy Action: Ardennes,2015,8.55,6.12,4.26,2607,697,No,https://boardgamegeek.com/boardgame/68820
131904,Heart of Crown,2011,7.53,6.12,2.5,2583,1235,No,https://boardgamegeek.com/boardgame/131904
65564,Hornet Leader: Carrier Air Operations,2010,7.85,6.12,2.84,2568,1003,No,https://boardgamegeek.com/boardgame/65564
559,Metro,1997,6.37,6.12,1.68,2589,6760,No,https://boardgamegeek.com/boardgame/559
65515,Nuns on the Run,2010,6.49,6.12,2.07,2578,4319,No,https://boardgamegeek.com/boardgame/65515
130060,Ohne Furcht und Adel Sonderausgabe,2012,7.03,6.12,2.35,2571,1815,No,https://boardgamegeek.com/boardgame/130060
1234,Once Upon a Time: The Storytelling Card Game,1993,6.35,6.12,1.37,2573,9297,No,https://boardgamegeek.com/boardgame/1234
125752,Race! Formula 90,2013,7.88,6.12,3.56,2584,933,No,https://boardgamegeek.com/boardgame/125752
141736,Sail to India,2013,6.66,6.12,2.21,2591,2738,No,https://boardgamegeek.com/boardgame/141736
109291,Sails of Glory,2013,7.5,6.12,2.94,2598,1222,No,https://boardgamegeek.com/boardgame/109291
134389,Sentinels of the Multiverse: The Scholar Hero Character,2013,7.86,6.12,2.38,,893,Yes,https://boardgamegeek.com/boardgame/134389
113942,Space Empires: Close Encounters,2012,8.38,6.12,3.48,,710,Yes,https://boardgamegeek.com/boardgame/113942
3720,Subbuteo,1947,6.97,6.12,1.79,2613,1954,No,https://boardgamegeek.com/boardgame/3720
131816,Talisman (Revised 4th Edition): The City Expansion,2013,7.44,6.12,2.21,,1316,Yes,https://boardgamegeek.com/boardgame/131816
65282,Tanto Cuore,2009,6.87,6.12,2.16,2608,2364,No,https://boardgamegeek.com/boardgame/65282
85704,Agricola: Gamers' Deck,2010,7.78,6.11,3.38,,907,Yes,https://boardgamegeek.com/boardgame/85704
40760,Alea Iacta Est,2009,6.63,6.11,1.91,2615,2832,No,https://boardgamegeek.com/boardgame/40760
41749,American Rails,2009,7.38,6.11,2.86,2644,1113,No,https://boardgamegeek.com/boardgame/41749
125921,Catan: Junior,2012,6.57,6.11,1.5,2626,3801,No,https://boardgamegeek.com/boardgame/125921
7,Cathedral,1979,6.56,6.11,1.78,2625,3850,No,https://boardgamegeek.com/boardgame/7
124052,Cinque Terre,2013,7.07,6.11,2.35,2641,1536,No,https://boardgamegeek.com/boardgame/124052
28682,Combat Commander: Battle Pack #1 – Paratroopers,2007,8.3,6.11,2.97,,697,Yes,https://boardgamegeek.com/boardgame/28682
2587,Cross of Iron: A Squad Leader Gamette,1978,7.71,6.11,4.14,,1028,Yes,https://boardgamegeek.com/boardgame/2587
134157,Guilds of London,2016,6.72,6.11,3.07,2638,2411,No,https://boardgamegeek.com/boardgame/134157
13551,Oltre Mare,2004,6.64,6.11,2.51,2646,2818,No,https://boardgamegeek.com/boardgame/13551
1295,Pente,1977,6.65,6.11,2.08,2636,3266,No,https://boardgamegeek.com/boardgame/1295
17053,Sleeping Queens,2005,6.47,6.11,1.06,2649,5510,No,https://boardgamegeek.com/boardgame/17053
123096,Space Cadets,2012,6.54,6.11,2.75,2639,3452,No,https://boardgamegeek.com/boardgame/123096
90317,Summoner Wars: Jungle Elves Faction Deck,2011,7.98,6.11,2.67,,817,Yes,https://boardgamegeek.com/boardgame/90317
82422,Summoner Wars: Vanguards Faction Deck,2010,7.73,6.11,2.38,,938,Yes,https://boardgamegeek.com/boardgame/82422
54475,Talisman (Revised 4th Edition): The Frostmarch Expansion,2009,7.15,6.11,2.18,,1660,Yes,https://boardgamegeek.com/boardgame/54475
100092,The Lord of the Rings: The Card Game – The Dead Marshes,2011,7.42,6.11,2.87,,1147,Yes,https://boardgamegeek.com/boardgame/100092
9910,Wings of War: Watch Your Back!,2005,6.99,6.11,1.71,2618,1830,No,https://boardgamegeek.com/boardgame/9910
12005,Around the World in 80 Days,2004,6.54,6.1,1.81,2696,3406,No,https://boardgamegeek.com/boardgame/12005
26615,Carcassonne: GQ Promo Tiles,2006,7.32,6.1,1.79,,1250,Yes,https://boardgamegeek.com/boardgame/26615
34580,Combat Commander: Battle Pack #2 – Stalingrad,2008,8.42,6.1,3.0,,641,Yes,https://boardgamegeek.com/boardgame/34580
20055,Doom: The Boardgame Expansion Set,2005,7.54,6.1,2.88,,1120,Yes,https://boardgamegeek.com/boardgame/20055
66171,Dragonheart,2010,6.49,6.1,1.36,2684,3810,No,https://boardgamegeek.com/boardgame/66171
112686,Epic Spell Wars of the Battle Wizards: Duel at Mt. Skullzfyre,2012,6.44,6.1,1.58,2683,7169,No,https://boardgamegeek.com/boardgame/112686
39217,Fighting Formations: Grossdeutschland Motorized Infantry Division,2011,7.62,6.1,3.27,2661,1032,No,https://boardgamegeek.com/boardgame/39217
382,Heimlich & Co.,1984,6.47,6.1,1.47,2654,4204,No,https://boardgamegeek.com/boardgame/382
21133,Infinity N3: Core Book,2005,7.98,6.1,3.92,2677,854,No,https://boardgamegeek.com/boardgame/21133
68182,Isla Dorada,2010,6.71,6.1,2.16,2657,2566,No,https://boardgamegeek.com/boardgame/68182
98833,King of Tokyo: Promo Cards,2011,7.45,6.1,1.54,,1095,Yes,https://boardgamegeek.com/boardgame/98833
16772,Mall of Horror,2005,6.61,6.1,1.94,2668,3068,No,https://boardgamegeek.com/boardgame/16772
40398,Monopoly Deal Card Game,2008,6.33,6.1,1.31,2694,13089,No,https://boardgamegeek.com/boardgame/40398
91620,Pastiche,2011,6.81,6.1,2.25,2681,2142,No,https://boardgamegeek.com/boardgame/91620
21954,Perikles,2006,6.85,6.1,3.28,2656,1949,No,https://boardgamegeek.com/boardgame/21954
17025,Poison,2005,6.45,6.1,1.19,2687,4469,No,https://boardgamegeek.com/boardgame/17025
1563,Rise and Decline of the Third Reich,1974,6.98,6.1,4.34,2651,2141,No,https://boardgamegeek.com/boardgame/1563
124300,Rune Age: Oath and Anvil,2012,7.7,6.1,2.57,,956,Yes,https://boardgamegeek.com/boardgame/124300
94963,Space Hulk: Death Angel – The Card Game: Space Marine Pack 1,2011,7.42,6.1,2.15,,1163,Yes,https://boardgamegeek.com/boardgame/94963
36811,The Princes of Machu Picchu,2008,6.94,6.1,3.1,2658,1739,No,https://boardgamegeek.com/boardgame/36811
37141,Time's Up! Deluxe,2008,7.44,6.1,1.31,2695,1054,No,https://boardgamegeek.com/boardgame/37141
62220,Urban Sprawl,2011,6.77,6.1,3.31,2664,2172,No,https://boardgamegeek.com/boardgame/62220
3353,WW2: Barbarossa to Berlin,2002,7.26,6.1,3.53,2678,1357,No,https://boardgamegeek.com/boardgame/3353
23679,"Warriors of God: The Wars of England & France, 1135-1453",2008,7.39,6.1,2.6,2652,1154,No,https://boardgamegeek.com/boardgame/23679
32666,Wealth of Nations,2008,6.91,6.1,3.6,2663,1853,No,https://boardgamegeek.com/boardgame/32666
424,1870: Railroading Across the Trans Mississippi from 1870,1992,7.43,6.09,4.2,2755,1091,No,https://boardgamegeek.com/boardgame/424
83445,7 Wonders: Manneken Pis,2010,6.77,6.09,1.97,,2199,Yes,https://boardgamegeek.com/boardgame/83445
111105,Agents of SMERSH,2012,6.93,6.09,2.48,2744,1706,No,https://boardgamegeek.com/boardgame/111105
118063,Android: Infiltration,2012,6.5,6.09,2.1,2734,3816,No,https://boardgamegeek.com/boardgame/118063
1494,Bohnanza Erweiterungs-Set (Revised Edition),2001,7.01,6.09,1.78,,1603,Yes,https://boardgamegeek.com/boardgame/1494
132,Caesar & Cleopatra,1997,6.4,6.09,1.91,2763,4857,No,https://boardgamegeek.com/boardgame/132
46255,Campaign Manager 2008,2009,6.62,6.09,2.21,2701,2775,No,https://boardgamegeek.com/boardgame/46255
71906,Castaways,2010,6.95,6.09,2.99,2709,1801,No,https://boardgamegeek.com/boardgame/71906
105593,Cheating Moth,2011,6.39,6.09,1.16,2720,6771,No,https://boardgamegeek.com/boardgame/105593
3570,Chicken Cha Cha Cha,1997,6.56,6.09,1.12,2711,3540,No,https://boardgamegeek.com/boardgame/3570
54307,Chronicle,2009,6.8,6.09,1.96,2727,2046,No,https://boardgamegeek.com/boardgame/54307
100527,Claustrophobia: De Profundis,2011,8.0,6.09,2.55,,765,Yes,https://boardgamegeek.com/boardgame/100527
15954,Conquest of Paradise,2007,6.92,6.09,2.51,2748,1723,No,https://boardgamegeek.com/boardgame/15954
114031,Copycat,2012,6.69,6.09,2.71,2751,2302,No,https://boardgamegeek.com/boardgame/114031
31790,"Crusade and Revolution: The Spanish Civil War, 1936-1939",2013,8.56,6.09,3.33,2740,635,No,https://boardgamegeek.com/boardgame/31790
9364,Doppelkopf,1895,7.61,6.09,2.92,2704,1006,No,https://boardgamegeek.com/boardgame/9364
102237,Drako: Dragon & Dwarves,2011,6.67,6.09,1.77,2705,2752,No,https://boardgamegeek.com/boardgame/102237
86246,Drum Roll,2011,6.85,6.09,3.02,2728,1900,No,https://boardgamegeek.com/boardgame/86246
129459,Duel of Ages II,2013,7.3,6.09,3.41,2759,1260,No,https://boardgamegeek.com/boardgame/129459
42124,Dungeon Twister 2: Prison,2009,7.26,6.09,3.24,2719,1258,No,https://boardgamegeek.com/boardgame/42124
128236,Escape: The Curse of the Temple – Expansion 1: Illusions,2012,7.37,6.09,1.6,,1080,Yes,https://boardgamegeek.com/boardgame/128236
99,Fortress America,1986,6.74,6.09,2.63,2726,2570,No,https://boardgamegeek.com/boardgame/99
25224,Hermagor,2006,6.89,6.09,3.17,2710,1843,No,https://boardgamegeek.com/boardgame/25224
119391,Il Vecchio,2012,6.9,6.09,2.62,2739,1741,No,https://boardgamegeek.com/boardgame/119391
28,Illuminati,1987,6.46,6.09,2.65,2729,5320,No,https://boardgamegeek.com/boardgame/28
42116,Last Night on Earth: Survival of the Fittest,2010,7.58,6.09,2.38,,1061,Yes,https://boardgamegeek.com/boardgame/42116
31624,League of Six,2007,6.8,6.09,2.88,2725,1998,No,https://boardgamegeek.com/boardgame/31624
4209,Monza,2000,6.62,6.09,1.05,2712,2887,No,https://boardgamegeek.com/boardgame/4209
88408,Nightfall,2011,6.48,6.09,2.63,2736,4027,No,https://boardgamegeek.com/boardgame/88408
104581,Panic on Wall Street!,2011,6.98,6.09,1.68,2724,1626,No,https://boardgamegeek.com/boardgame/104581
2569,Pick Picknic,2001,6.59,6.09,1.2,2749,2923,No,https://boardgamegeek.com/boardgame/2569
634,River Dragons,2000,6.49,6.09,1.71,2747,3835,No,https://boardgamegeek.com/boardgame/634
2381,Scattergories,1988,6.31,6.09,1.36,2761,11659,No,https://boardgamegeek.com/boardgame/2381
98315,The Adventurers: The Pyramid of Horus,2011,6.8,6.09,1.75,2718,2165,No,https://boardgamegeek.com/boardgame/98315
35488,The Name of the Rose,2008,6.89,6.09,2.37,2732,1829,No,https://boardgamegeek.com/boardgame/35488
88126,Time's Up! Family,2010,7.28,6.09,1.08,2756,1176,No,https://boardgamegeek.com/boardgame/88126
21632,To Court the King,2006,6.46,6.09,1.73,2742,4111,No,https://boardgamegeek.com/boardgame/21632
15510,Tower of Babel,2005,6.65,6.09,2.33,2733,2551,No,https://boardgamegeek.com/boardgame/15510
1442,Victory in the Pacific,1977,7.23,6.09,2.36,2713,1374,No,https://boardgamegeek.com/boardgame/1442
2596,Villa Paletti,2001,6.41,6.09,1.16,2762,4498,No,https://boardgamegeek.com/boardgame/2596
85036,20th Century,2010,6.82,6.08,2.99,2780,1856,No,https://boardgamegeek.com/boardgame/85036
135103,Android: Netrunner – A Study in Static,2013,8.07,6.08,3.18,,764,Yes,https://boardgamegeek.com/boardgame/135103
28250,BattleLore: Call to Arms,2007,7.33,6.08,2.49,,1193,Yes,https://boardgamegeek.com/boardgame/28250
1125,Big Shot,2001,7.04,6.08,2.0,2811,1409,No,https://boardgamegeek.com/boardgame/1125
131835,Boss Monster: The Dungeon Building Card Game,2013,6.27,6.08,1.85,2812,18331,No,https://boardgamegeek.com/boardgame/131835
2961,Confusion: Espionage and Deception in the Cold War,1992,7.05,6.08,2.41,2790,1416,No,https://boardgamegeek.com/boardgame/2961
94471,Dice Town: Wild West,2011,7.34,6.08,1.97,,1079,Yes,https://boardgamegeek.com/boardgame/94471
138547,Dixit: Odyssey (expansion),2013,7.58,6.08,1.3,,967,Yes,https://boardgamegeek.com/boardgame/138547
104746,Eclipse: Supernova,2011,7.47,6.08,3.35,,1064,Yes,https://boardgamegeek.com/boardgame/104746
140552,Flash Point: Fire Rescue – Dangerous Waters,2013,7.61,6.08,2.33,,926,Yes,https://boardgamegeek.com/boardgame/140552
81640,Florenza,2010,7.35,6.08,3.74,2802,1106,No,https://boardgamegeek.com/boardgame/81640
54361,Heroscape Master Set:  Battle for the Underdark,2010,7.5,6.08,2.48,2779,1078,No,https://boardgamegeek.com/boardgame/54361
130,Iron Dragon,1994,7.0,6.08,2.93,2813,1716,No,https://boardgamegeek.com/boardgame/130
40237,Long Shot,2009,6.7,6.08,1.74,2765,2394,No,https://boardgamegeek.com/boardgame/40237
770,Loot,1992,6.3,6.08,1.38,2803,7241,No,https://boardgamegeek.com/boardgame/770
67888,Lords of Scotland,2010,6.76,6.08,1.93,2799,2140,No,https://boardgamegeek.com/boardgame/67888
3943,Munchkin 2: Unnatural Axe,2002,6.43,6.08,1.8,,7629,Yes,https://boardgamegeek.com/boardgame/3943
9027,Oasis,2004,6.7,6.08,2.32,2822,2257,No,https://boardgamegeek.com/boardgame/9027
1116,Oh Hell!,1930,6.9,6.08,1.73,2807,1732,No,https://boardgamegeek.com/boardgame/1116
37371,Piece o' Cake,2008,6.64,6.08,1.36,2772,2523,No,https://boardgamegeek.com/boardgame/37371
137155,Potato Man,2013,6.83,6.08,1.43,2773,1848,No,https://boardgamegeek.com/boardgame/137155
42964,Railways of England and Wales,2009,7.87,6.08,3.02,,766,Yes,https://boardgamegeek.com/boardgame/42964
36946,Red November,2008,6.29,6.08,2.07,2778,8225,No,https://boardgamegeek.com/boardgame/36946
8107,Risk: The Lord of the Rings Trilogy Edition,2003,6.58,6.08,2.36,2804,4140,No,https://boardgamegeek.com/boardgame/8107
47389,Roll Through the Ages: The Late Bronze Age,2009,7.29,6.08,1.81,,1120,Yes,https://boardgamegeek.com/boardgame/47389
89910,"Run, Fight, or Die!",2014,6.82,6.08,1.94,2808,1987,No,https://boardgamegeek.com/boardgame/89910
66214,Samarkand: Routes to Riches,2010,6.86,6.08,2.27,2774,1806,No,https://boardgamegeek.com/boardgame/66214
126951,Sentinels of the Multiverse: Ambuscade Villain Character,2012,7.67,6.08,2.21,,919,Yes,https://boardgamegeek.com/boardgame/126951
94964,Space Hulk: Death Angel – The Card Game: Mission Pack 1,2011,7.41,6.08,2.15,,1117,Yes,https://boardgamegeek.com/boardgame/94964
1270,Star Wars Customizable Card Game,1995,6.76,6.08,3.17,2823,2462,No,https://boardgamegeek.com/boardgame/1270
113225,Summoner Wars: The Filth Faction Deck,2012,8.06,6.08,2.52,,728,Yes,https://boardgamegeek.com/boardgame/113225
35761,Sylla,2008,6.71,6.08,3.11,2816,2195,No,https://boardgamegeek.com/boardgame/35761
6779,The Ark of the Covenant,2003,6.95,6.08,1.93,2788,1627,No,https://boardgamegeek.com/boardgame/6779
108421,The Manhattan Project: Nations Expansion,2012,7.43,6.08,2.52,,1032,Yes,https://boardgamegeek.com/boardgame/108421
620,We the People,1993,7.31,6.08,2.69,2814,1158,No,https://boardgamegeek.com/boardgame/620
31552,Wings of War: Deluxe Set,2007,7.28,6.08,2.01,2824,1216,No,https://boardgamegeek.com/boardgame/31552
40990,Word on the Street,2009,6.6,6.08,1.34,2781,2812,No,https://boardgamegeek.com/boardgame/40990
62871,Zombie Dice,2010,6.23,6.08,1.09,2801,19363,No,https://boardgamegeek.com/boardgame/62871
119637,Zug um Zug: Deutschland,2012,7.51,6.08,1.91,2774,1036,No,https://boardgamegeek.com/boardgame/119637
137863,Android: Netrunner – Future Proof,2013,8.19,6.07,3.38,,710,Yes,https://boardgamegeek.com/boardgame/137863
136147,Android: Netrunner – Humanity's Shadow,2013,8.16,6.07,3.26,,715,Yes,https://boardgamegeek.com/boardgame/136147
2570,Atlantic Star,2001,6.85,6.07,2.14,2829,1811,No,https://boardgamegeek.com/boardgame/2570
443,Code 777,1985,6.7,6.07,2.32,2868,2200,No,https://boardgamegeek.com/boardgame/443
8481,Crusader Rex,2005,7.17,6.07,2.91,2834,1297,No,https://boardgamegeek.com/boardgame/8481
638,Hera and Zeus,2000,6.49,6.07,2.05,2873,3491,No,https://boardgamegeek.com/boardgame/638
75476,Inca Empire,2010,6.99,6.07,3.14,2827,1497,No,https://boardgamegeek.com/boardgame/75476
105059,K2: Broad Peak,2011,7.52,6.07,2.36,,958,Yes,https://boardgamegeek.com/boardgame/105059
122240,Last Night on Earth: Timber Peak,2012,7.59,6.07,2.64,2838,1006,No,https://boardgamegeek.com/boardgame/122240
118247,Lucky Numbers,2012,6.41,6.07,1.13,2832,4632,No,https://boardgamegeek.com/boardgame/118247
30362,Mr. Jack: Extension,2007,7.21,6.07,2.28,,1212,Yes,https://boardgamegeek.com/boardgame/30362
133632,Mythotopia,2014,6.78,6.07,3.08,2848,1930,No,https://boardgamegeek.com/boardgame/133632
2165,Pokémon Trading Card Game,1996,6.42,6.07,2.05,2842,5476,No,https://boardgamegeek.com/boardgame/2165
134388,"Sentinels of the Multiverse: Silver Gulch, 1883 Environment",2013,7.78,6.07,2.24,,832,Yes,https://boardgamegeek.com/boardgame/134388
112092,Shadowrift,2012,7.19,6.07,2.69,2835,1347,No,https://boardgamegeek.com/boardgame/112092
92190,Super Dungeon Explore,2011,6.71,6.07,2.73,2867,2697,No,https://boardgamegeek.com/boardgame/92190
117,Ta Yü,1999,6.95,6.07,2.07,2856,1604,No,https://boardgamegeek.com/boardgame/117
17240,That's Life!,2005,6.48,6.07,1.32,2830,3636,No,https://boardgamegeek.com/boardgame/17240
119640,The Lord of the Rings: The Card Game – Foundations of Stone,2012,8.12,6.07,2.71,,678,Yes,https://boardgamegeek.com/boardgame/119640
925,Werewolf,1986,6.41,6.07,1.38,2860,4994,No,https://boardgamegeek.com/boardgame/925
5289,Yanks: ASL Module 3,1987,8.19,6.07,4.42,,711,Yes,https://boardgamegeek.com/boardgame/5289
27848,Age of Conan: The Strategy Board Game,2009,6.66,6.06,3.28,2910,2730,No,https://boardgamegeek.com/boardgame/27848
136056,Asante,2013,6.82,6.06,1.99,2919,1759,No,https://boardgamegeek.com/boardgame/136056
43152,Assyria,2009,6.8,6.06,2.99,2906,1874,No,https://boardgamegeek.com/boardgame/43152
31759,BattleTech: Introductory Box Set,2002,7.63,6.06,3.55,2921,949,No,https://boardgamegeek.com/boardgame/31759
2058,Civilization: West Extension Map,1986,7.81,6.06,3.2,,794,Yes,https://boardgamegeek.com/boardgame/2058
126996,King's Forge,2014,6.92,6.06,2.31,2886,1721,No,https://boardgamegeek.com/boardgame/126996
40381,Modern Art Card Game,2008,6.61,6.06,1.66,2880,2542,No,https://boardgamegeek.com/boardgame/40381
6606,Munchkin 3: Clerical Errors,2003,6.46,6.06,1.86,,5527,Yes,https://boardgamegeek.com/boardgame/6606
123219,OddVille,2012,6.74,6.06,2.36,2901,2026,No,https://boardgamegeek.com/boardgame/123219
56933,Penguin Party,2008,6.66,6.06,1.11,2883,2282,No,https://boardgamegeek.com/boardgame/56933
118536,Police Precinct,2013,6.84,6.06,2.57,2894,1807,No,https://boardgamegeek.com/boardgame/118536
19764,PÜNCT,2005,6.78,6.06,2.73,2884,1953,No,https://boardgamegeek.com/boardgame/19764
25277,Richard III: The Wars of the Roses,2009,7.4,6.06,2.67,2886,1044,No,https://boardgamegeek.com/boardgame/25277
66849,Safranito,2010,6.9,6.06,1.73,2923,1599,No,https://boardgamegeek.com/boardgame/66849
90316,Summoner Wars: Cloaks Faction Deck,2011,7.85,6.06,2.75,,772,Yes,https://boardgamegeek.com/boardgame/90316
153,Take 5!,1998,6.58,6.06,1.46,2895,2742,No,https://boardgamegeek.com/boardgame/153
75857,Talisman (Revised 4th Edition): The Sacred Pool Expansion,2010,7.22,6.06,2.27,,1392,Yes,https://boardgamegeek.com/boardgame/75857
2603,The Lord of the Rings Trading Card Game,2001,7.03,6.06,2.95,2907,1624,No,https://boardgamegeek.com/boardgame/2603
98634,The Lord of the Rings: The Card Game – The Hills of Emyn Muil,2011,7.18,6.06,2.76,,1244,Yes,https://boardgamegeek.com/boardgame/98634
40769,Valdora,2009,6.79,6.06,2.28,2881,2049,No,https://boardgamegeek.com/boardgame/40769
217,A la carte,1989,6.45,6.05,1.3,2978,3411,No,https://boardgamegeek.com/boardgame/217
73833,Agricola: The Goodies Expansion,2010,7.43,6.05,3.23,,974,Yes,https://boardgamegeek.com/boardgame/73833
9687,Alhambra: The Vizier's Favor,2004,6.89,6.05,2.17,,1607,Yes,https://boardgamegeek.com/boardgame/9687
137031,Ancient Terrible Things,2014,6.73,6.05,2.07,2974,2131,No,https://boardgamegeek.com/boardgame/137031
10550,Big Boggle,1979,6.89,6.05,1.5,2959,1746,No,https://boardgamegeek.com/boardgame/10550
313,Big Boss,1994,7.18,6.05,2.37,2965,1202,No,https://boardgamegeek.com/boardgame/313
29073,Blockers!,2007,6.61,6.05,1.69,2969,2340,No,https://boardgamegeek.com/boardgame/29073
133772,Boss Monster: Tools of Hero-Kind,2013,6.77,6.05,1.76,,2399,Yes,https://boardgamegeek.com/boardgame/133772
29853,Commands & Colors: Ancients Expansion Pack #3 – The Roman Civil Wars,2007,8.25,6.05,2.58,,610,Yes,https://boardgamegeek.com/boardgame/29853
71882,Conquest of Planet Earth: The Space Alien Game,2010,6.86,6.05,2.23,2929,1750,No,https://boardgamegeek.com/boardgame/71882
126839,Dungeon Lords: Festival Season,2012,7.75,6.05,3.81,,774,Yes,https://boardgamegeek.com/boardgame/126839
5781,"Edel, Stein & Reich",2003,6.89,6.05,2.07,2979,1547,No,https://boardgamegeek.com/boardgame/5781
8730,Flying Colors,2003,7.58,6.05,3.03,2937,978,No,https://boardgamegeek.com/boardgame/8730
12166,Funkenschlag,2001,7.54,6.05,3.56,2963,935,No,https://boardgamegeek.com/boardgame/12166
58110,Horse Fever,2009,6.93,6.05,2.37,2928,1687,No,https://boardgamegeek.com/boardgame/58110
3819,Lord of the Rings: Sauron,2002,6.9,6.05,2.74,,1706,Yes,https://boardgamegeek.com/boardgame/3819
73316,Magnum Sal,2010,6.96,6.05,2.92,2944,1537,No,https://boardgamegeek.com/boardgame/73316
38188,Neuroshima Hex! Babel13,2008,7.69,6.05,2.71,,829,Yes,https://boardgamegeek.com/boardgame/38188
128898,New Amsterdam,2012,7.01,6.05,3.22,2958,1382,No,https://boardgamegeek.com/boardgame/128898
129050,P.I.,2012,6.69,6.05,2.23,2977,2082,No,https://boardgamegeek.com/boardgame/129050
25946,PitchCar: Extension 2 – More Speed More Fun,2006,7.56,6.05,1.08,,874,Yes,https://boardgamegeek.com/boardgame/25946
38531,Powerboats,2008,6.69,6.05,1.69,2955,1980,No,https://boardgamegeek.com/boardgame/38531
137496,Quarriors! Quartifacts,2013,7.39,6.05,2.23,,1015,Yes,https://boardgamegeek.com/boardgame/137496
15290,R-Eco,2003,6.61,6.05,1.48,2946,2361,No,https://boardgamegeek.com/boardgame/15290
22822,Runebound: Sands of Al-Kalim,2007,7.63,6.05,2.81,,889,Yes,https://boardgamegeek.com/boardgame/22822
133597,Sentinels of the Multiverse: Miss Information Villain Character,2013,7.77,6.05,2.43,,815,Yes,https://boardgamegeek.com/boardgame/133597
134396,Sentinels of the Multiverse: The Final Wasteland Environment,2013,7.83,6.05,2.41,,778,Yes,https://boardgamegeek.com/boardgame/134396
67185,Sobek,2010,6.6,6.05,1.85,2975,2497,No,https://boardgamegeek.com/boardgame/67185
130715,The Lord of the Rings: The Card Game – The Hobbit: On the Doorstep,2013,8.0,6.05,3.22,,696,Yes,https://boardgamegeek.com/boardgame/130715
36399,The Napoleonic Wars (Second Edition),2008,7.48,6.05,3.38,2942,1004,No,https://boardgamegeek.com/boardgame/36399
94284,Troyes: Bonus Cards,2011,7.58,6.05,3.2,,866,Yes,https://boardgamegeek.com/boardgame/94284
949,Twixt,1962,6.6,6.05,2.48,2940,2699,No,https://boardgamegeek.com/boardgame/949
15953,Wings of War: Burning Drachens,2005,7.13,6.05,1.95,2931,1372,No,https://boardgamegeek.com/boardgame/15953
29307,World of Warcraft: The Boardgame – The Burning Crusade,2007,7.46,6.05,3.65,,1089,Yes,https://boardgamegeek.com/boardgame/29307
111148,Würfel Bohnanza,2012,6.64,6.05,1.31,2961,2318,No,https://boardgamegeek.com/boardgame/111148
110279,Zombie Dice 2: Double Feature,2012,6.62,6.05,1.14,,2744,Yes,https://boardgamegeek.com/boardgame/110279
1293,Boggle,1972,6.25,6.04,1.46,3013,9033,No,https://boardgamegeek.com/boardgame/1293
10997,Boomtown,2004,6.53,6.04,1.69,3010,2713,No,https://boardgamegeek.com/boardgame/10997
4491,Cave Troll,2002,6.41,6.04,1.98,2988,3897,No,https://boardgamegeek.com/boardgame/4491
31483,Constantinopolis,2010,6.87,6.04,3.12,3020,1619,No,https://boardgamegeek.com/boardgame/31483
92044,Dungeons & Dragons: Conquest of Nerath Board Game,2011,6.93,6.04,2.64,3004,1669,No,https://boardgamegeek.com/boardgame/92044
29972,El Capitán,2007,6.76,6.04,2.92,2998,1844,No,https://boardgamegeek.com/boardgame/29972
3085,Gang of Four,1990,6.62,6.04,1.86,2986,2545,No,https://boardgamegeek.com/boardgame/3085
118705,Ghost Blitz 2,2012,6.73,6.04,1.17,2997,2130,No,https://boardgamegeek.com/boardgame/118705
16,MarraCash,1996,7.01,6.04,2.16,3022,1300,No,https://boardgamegeek.com/boardgame/16
20660,Munchkin 4: The Need for Steed,2005,6.53,6.04,1.86,,3922,Yes,https://boardgamegeek.com/boardgame/20660
43262,Neuroshima Hex! Duel,2009,7.56,6.04,2.62,,872,No,https://boardgamegeek.com/boardgame/43262
138704,Northern Pacific,2013,7.04,6.04,1.45,2996,1253,No,https://boardgamegeek.com/boardgame/138704
37120,Pack & Stack,2008,6.44,6.04,1.27,3019,3266,No,https://boardgamegeek.com/boardgame/37120
108667,Power Grid: The Robots,2011,7.06,6.04,2.95,,1312,Yes,https://boardgamegeek.com/boardgame/108667
114351,The Lord of the Rings: The Card Game – The Watcher in the Water,2012,7.87,6.04,2.8,,730,Yes,https://boardgamegeek.com/boardgame/114351
72,Verräter,1998,6.68,6.04,2.57,3007,2033,No,https://boardgamegeek.com/boardgame/72
14,Basari,1998,6.74,6.03,1.84,3049,1785,No,https://boardgamegeek.com/boardgame/14
1042,Dragon's Gold,2001,6.43,6.03,1.7,3042,3435,No,https://boardgamegeek.com/boardgame/1042
223,Expeditions: Around the World,1996,6.73,6.03,1.98,3044,1930,No,https://boardgamegeek.com/boardgame/223
41302,First Orchard,2009,6.7,6.03,1.0,3079,2052,No,https://boardgamegeek.com/boardgame/41302
16366,Funny Friends,2005,6.5,6.03,2.27,3061,2778,No,https://boardgamegeek.com/boardgame/16366
29839,Key Harvest,2007,6.71,6.03,3.03,3075,1863,No,https://boardgamegeek.com/boardgame/29839
65907,Mystery Express,2010,6.55,6.03,2.66,3039,2654,No,https://boardgamegeek.com/boardgame/65907
121425,Neuroshima Hex! 3.0: Steel Police,2012,7.85,6.03,2.58,,735,Yes,https://boardgamegeek.com/boardgame/121425
15318,Palazzo,2005,6.53,6.03,2.06,3065,2557,No,https://boardgamegeek.com/boardgame/15318
128709,Quarriors! Quest of the Qladiator,2012,7.3,6.03,2.23,,1045,Yes,https://boardgamegeek.com/boardgame/128709
106895,Quarriors! Rise of the Demons,2011,6.77,6.03,1.91,,1772,Yes,https://boardgamegeek.com/boardgame/106895
125652,Star Trek: Fleet Captains – Romulan Empire,2012,7.89,6.03,3.23,,710,Yes,https://boardgamegeek.com/boardgame/125652
37400,Sushizock im Gockelwok,2008,6.52,6.03,1.22,3045,2788,No,https://boardgamegeek.com/boardgame/37400
103649,The City,2011,6.51,6.03,1.55,3072,2649,No,https://boardgamegeek.com/boardgame/103649
93701,Thunderstone: Thornwood Siege,2011,7.56,6.03,2.67,,850,Yes,https://boardgamegeek.com/boardgame/93701
128664,Timeline,2012,6.52,6.03,1.13,3032,2839,No,https://boardgamegeek.com/boardgame/128664
384,TurfMaster,1998,7.25,6.03,1.94,3064,1083,No,https://boardgamegeek.com/boardgame/384
132430,War of the Ring: Lords of Middle-earth – Treebeard Mini-Expansion,2012,7.93,6.03,3.2,,746,Yes,https://boardgamegeek.com/boardgame/132430
589,Wiz-War,1983,6.86,6.03,2.0,3071,1671,No,https://boardgamegeek.com/boardgame/589
5867,10 Days in Europe,2002,6.61,6.02,1.35,3115,2262,No,https://boardgamegeek.com/boardgame/5867
28260,BattleLore: Epic BattleLore,2007,7.55,6.02,2.6,,844,Yes,https://boardgamegeek.com/boardgame/28260
129294,Campaign Trail,2019,7.59,6.02,2.82,3096,833,No,https://boardgamegeek.com/boardgame/129294
1484,Clue: The Great Museum Caper,1991,6.79,6.02,1.93,3119,1707,No,https://boardgamegeek.com/boardgame/1484
40529,Cosmic Encounter,1991,7.2,6.02,2.64,3097,1101,No,https://boardgamegeek.com/boardgame/40529
81453,Famiglia,2010,6.42,6.02,1.76,3107,3252,No,https://boardgamegeek.com/boardgame/81453
16694,Heroscape Expansion Set: Orm's Return ,2005,7.62,6.02,2.31,,852,Yes,https://boardgamegeek.com/boardgame/16694
987,Kingmaker,1974,6.54,6.02,3.05,3104,3105,No,https://boardgamegeek.com/boardgame/987
9341,Lost Valley,2004,6.7,6.02,2.62,3093,1835,No,https://boardgamegeek.com/boardgame/9341
4218,O Zoo le Mio,2002,6.6,6.02,2.01,3113,2208,No,https://boardgamegeek.com/boardgame/4218
1917,Stratego,1946,6.17,6.02,1.85,3124,17740,No,https://boardgamegeek.com/boardgame/1917
39206,Tac Tac Jack,2008,6.38,6.02,1.04,3089,3824,No,https://boardgamegeek.com/boardgame/39206
121786,Talisman (Revised 4th Edition): The Blood Moon Expansion,2012,7.28,6.02,2.3,,1177,Yes,https://boardgamegeek.com/boardgame/121786
162,The Awful Green Things From Outer Space,1979,6.55,6.02,1.86,3117,2681,No,https://boardgamegeek.com/boardgame/162
20134,The End of the Triumvirate,2005,6.75,6.02,2.74,3118,1661,No,https://boardgamegeek.com/boardgame/20134
129480,The Lord of the Rings: The Card Game – Heirs of Númenor,2012,7.9,6.02,3.15,,701,Yes,https://boardgamegeek.com/boardgame/129480
4394,The Settlers of the Stone Age,2002,6.57,6.02,2.52,3109,2444,No,https://boardgamegeek.com/boardgame/4394
131306,Thunderstone Advance: Root of Corruption,2012,7.72,6.02,2.77,,750,Yes,https://boardgamegeek.com/boardgame/131306
67254,Warmachine Prime Mk II,2010,7.75,6.02,3.72,3092,801,No,https://boardgamegeek.com/boardgame/67254
175,What the Heck?,1988,6.48,6.02,1.16,3081,2906,No,https://boardgamegeek.com/boardgame/175
32424,1848: Australia,2007,7.84,6.01,3.82,3151,655,No,https://boardgamegeek.com/boardgame/32424
69601,1880: China,2010,7.86,6.01,4.17,3143,658,No,https://boardgamegeek.com/boardgame/69601
32441,Bezzerwizzer,2007,6.42,6.01,1.52,3142,3690,No,https://boardgamegeek.com/boardgame/32441
15839,Bonaparte at Marengo,2003,7.4,6.01,3.18,3149,889,No,https://boardgamegeek.com/boardgame/15839
90305,Cargo Noir,2011,6.44,6.01,2.09,3139,3087,No,https://boardgamegeek.com/boardgame/90305
8172,Coyote,2003,6.63,6.01,1.18,3175,2031,No,https://boardgamegeek.com/boardgame/8172
118418,Divinare,2012,6.72,6.01,1.78,3147,1726,No,https://boardgamegeek.com/boardgame/118418
80771,Dungeon Raiders,2011,6.63,6.01,1.39,3174,2175,No,https://boardgamegeek.com/boardgame/80771
22143,EastFront: The War in Russia 1941-45 – Second Edition,2006,8.08,6.01,3.48,3133,641,No,https://boardgamegeek.com/boardgame/22143
39425,Formula D: Circuits 1 – Sebring & Chicago,2009,7.41,6.01,1.92,,929,Yes,https://boardgamegeek.com/boardgame/39425
40832,Keltis: Das Kartenspiel,2009,6.69,6.01,1.49,3153,1853,No,https://boardgamegeek.com/boardgame/40832
21791,Masons,2006,6.48,6.01,2.13,3169,2582,No,https://boardgamegeek.com/boardgame/21791
256,Mississippi Queen,1997,6.31,6.01,1.7,3138,4366,No,https://boardgamegeek.com/boardgame/256
32928,Mü and Lots More,2007,7.36,6.01,2.44,,885,No,https://boardgamegeek.com/boardgame/32928
19841,Pentago,2005,6.38,6.01,1.83,3160,3890,No,https://boardgamegeek.com/boardgame/19841
30367,Perry Rhodan: The Cosmic League,2007,6.73,6.01,1.96,3140,1692,No,https://boardgamegeek.com/boardgame/30367
76150,Revolver,2011,6.86,6.01,1.98,3173,1512,No,https://boardgamegeek.com/boardgame/76150
1260,Rook,1906,6.45,6.01,1.87,3172,3191,No,https://boardgamegeek.com/boardgame/1260
11229,Star Wars Miniatures,2004,6.93,6.01,2.31,3166,1685,No,https://boardgamegeek.com/boardgame/11229
63787,Warhammer: Invasion – Assault on Ulthuan,2010,7.61,6.01,2.66,,823,Yes,https://boardgamegeek.com/boardgame/63787
4192,Warhammer: The Mass Combat Fantasy Roleplaying Game (1st Edition),1983,6.65,6.01,3.69,3157,2301,No,https://boardgamegeek.com/boardgame/4192
41627,Zulus on the Ramparts!: The Battle of Rorke's Drift – Second Edition,2009,7.35,6.01,2.12,3136,977,No,https://boardgamegeek.com/boardgame/41627
7866,10 Days in the USA,2003,6.5,6.0,1.38,3203,2566,No,https://boardgamegeek.com/boardgame/7866
18485,18MEX,2005,7.65,6.0,3.84,3206,709,No,https://boardgamegeek.com/boardgame/18485
798,Ace of Aces: Handy Rotary Series,1980,7.08,6.0,1.75,3217,1209,No,https://boardgamegeek.com/boardgame/798
13287,Alhambra: The City Gates,2004,7.11,6.0,2.21,,1113,Yes,https://boardgamegeek.com/boardgame/13287
139630,Among the Stars: The Ambassadors,2013,7.27,6.0,2.53,,927,Yes,https://boardgamegeek.com/boardgame/139630
112373,BraveRats,2011,6.45,6.0,1.13,3234,2806,No,https://boardgamegeek.com/boardgame/112373
1155,Capitol,2001,6.8,6.0,2.63,3215,1520,No,https://boardgamegeek.com/boardgame/1155
130882,Cardline: Animals,2012,6.54,6.0,1.12,3204,2340,No,https://boardgamegeek.com/boardgame/130882
244,Circus Maximus,1979,6.78,6.0,2.62,3200,1715,No,https://boardgamegeek.com/boardgame/244
41985,Combat Commander: Battle Pack #3 – Normandy,2010,8.54,6.0,2.98,,490,Yes,https://boardgamegeek.com/boardgame/41985
23107,Drakon (Third Edition),2006,6.46,6.0,1.81,3229,2832,No,https://boardgamegeek.com/boardgame/23107
131415,Eclipse: Pulsar,2012,7.67,6.0,3.49,,751,Yes,https://boardgamegeek.com/boardgame/131415
137405,Escape: The Curse of the Temple – Expansion 2: Quest,2013,7.59,6.0,1.46,,740,Yes,https://boardgamegeek.com/boardgame/137405
357,Excape,1998,6.51,6.0,1.13,3184,2369,No,https://boardgamegeek.com/boardgame/357
83667,First Train to Nuremberg,2010,7.02,6.0,3.17,3190,1183,No,https://boardgamegeek.com/boardgame/83667
43303,Formula D: Circuits 2 – Hockenheim and Valencia,2009,7.55,6.0,1.88,,797,Yes,https://boardgamegeek.com/boardgame/43303
19427,Gemblo,2003,6.77,6.0,1.85,3240,1663,No,https://boardgamegeek.com/boardgame/19427
1044,Gunslinger,1982,7.18,6.0,3.29,3231,1114,No,https://boardgamegeek.com/boardgame/1044
15155,Heroscape Expansion Set: Malliddon's Prophecy ,2004,7.7,6.0,2.26,,771,Yes,https://boardgamegeek.com/boardgame/15155
16991,Khet: The Laser Game,2005,6.49,6.0,2.52,3187,2849,No,https://boardgamegeek.com/boardgame/16991
103686,Mundus Novus,2011,6.63,6.0,2.18,3244,1920,No,https://boardgamegeek.com/boardgame/103686
125311,Okiya,2012,6.55,6.0,1.22,3208,2310,No,https://boardgamegeek.com/boardgame/125311
94480,Pantheon,2011,6.7,6.0,2.76,3179,1770,No,https://boardgamegeek.com/boardgame/94480
76417,Poseidon,2010,6.97,6.0,3.53,3193,1211,No,https://boardgamegeek.com/boardgame/76417
123122,Power Grid: Québec/Baden-Württemberg,2012,7.77,6.0,3.11,,672,Yes,https://boardgamegeek.com/boardgame/123122
8095,Prophecy,2002,6.65,6.0,2.63,3219,2016,No,https://boardgamegeek.com/boardgame/8095
67928,Puzzle Strike,2010,6.62,6.0,2.29,3216,2044,No,https://boardgamegeek.com/boardgame/67928
8611,Red Barricades: ASL Historical Module 1,1990,8.71,6.0,4.37,,492,Yes,https://boardgamegeek.com/boardgame/8611
111,Rheinländer,1999,6.66,6.0,2.31,3209,1839,No,https://boardgamegeek.com/boardgame/111
18866,Shear Panic,2005,6.34,6.0,2.22,3192,3898,No,https://boardgamegeek.com/boardgame/18866
37196,Sorry! Sliders,2008,6.32,6.0,1.06,3180,3955,No,https://boardgamegeek.com/boardgame/37196
714,Talisman,1983,6.36,6.0,2.18,3233,5784,No,https://boardgamegeek.com/boardgame/714
25261,Tannhäuser,2007,6.49,6.0,2.73,3213,3303,No,https://boardgamegeek.com/boardgame/25261
11057,The Great Battles of Alexander: Deluxe Edition,1995,7.71,6.0,3.57,3194,759,No,https://boardgamegeek.com/boardgame/11057
36400,The Guns of Gettysburg,2013,7.83,6.0,3.71,3186,699,No,https://boardgamegeek.com/boardgame/36400
121900,The Lord of the Rings: The Card Game – Shadow and Flame,2012,7.93,6.0,3.0,,639,Yes,https://boardgamegeek.com/boardgame/121900
110193,The Lord of the Rings: The Card Game – The Redhorn Gate,2012,7.76,6.0,2.78,,713,Yes,https://boardgamegeek.com/boardgame/110193
127127,The Lord of the Rings: The Fellowship of the Ring Deck-Building Game,2013,6.84,6.0,2.15,3198,1628,No,https://boardgamegeek.com/boardgame/127127
67180,Tikal II: The Lost Temple,2010,6.85,6.0,2.61,3189,1427,No,https://boardgamegeek.com/boardgame/67180
12157,Unanimo,1990,7.07,6.0,1.15,3236,1118,No,https://boardgamegeek.com/boardgame/12157
8195,Viva Mouse!,2002,6.81,6.0,1.08,3223,1634,No,https://boardgamegeek.com/boardgame/8195
25609,Warrior Knights: Crown and Glory,2007,7.69,6.0,3.38,,725,Yes,https://boardgamegeek.com/boardgame/25609
38506,Witch of Salem,2008,6.64,6.0,2.49,3214,2020,No,https://boardgamegeek.com/boardgame/38506
19643,World of Warcraft Trading Card Game,2006,6.73,6.0,2.58,3224,2012,No,https://boardgamegeek.com/boardgame/19643
4688,Angola,1988,8.03,5.99,3.18,3282,601,No,https://boardgamegeek.com/boardgame/4688
2288,Blood Bowl (Second Edition),1988,6.87,5.99,2.87,3278,1467,No,https://boardgamegeek.com/boardgame/2288
45748,Carcassonne: Wheel of Fortune,2009,6.97,5.99,2.04,3248,1276,No,https://boardgamegeek.com/boardgame/45748
66587,GOSU,2010,6.49,5.99,2.41,3280,2641,No,https://boardgamegeek.com/boardgame/66587
2266,Gobblet,2000,6.62,5.99,1.83,3299,2034,No,https://boardgamegeek.com/boardgame/2266
2932,Hnefatafl,400,6.67,5.99,2.5,3273,1947,No,https://boardgamegeek.com/boardgame/2932
10680,Jungle Speed: The Extreme Expansion,2003,7.12,5.99,1.18,,1154,Yes,https://boardgamegeek.com/boardgame/10680
111732,Kings of Air and Steam,2013,6.85,5.99,2.86,3265,1361,No,https://boardgamegeek.com/boardgame/111732
531,Merchants of Amsterdam,2000,6.7,5.99,2.63,3274,1715,No,https://boardgamegeek.com/boardgame/531
73070,Olympus,2010,6.79,5.99,3.01,3261,1509,No,https://boardgamegeek.com/boardgame/73070
117663,Piraten Kapern,2012,6.41,5.99,1.1,3250,3547,No,https://boardgamegeek.com/boardgame/117663
137423,Pixel Tactics 2,2013,6.95,5.99,2.67,3299,1307,No,https://boardgamegeek.com/boardgame/137423
23418,Pursuit of Glory,2008,8.01,5.99,3.94,3279,646,No,https://boardgamegeek.com/boardgame/23418
122,Quo Vadis?,1992,6.47,5.99,2.08,3284,2424,No,https://boardgamegeek.com/boardgame/122
9215,Revolution: The Dutch Revolt 1568-1648,2004,7.27,5.99,4.25,3268,969,No,https://boardgamegeek.com/boardgame/9215
511,Silverton,1991,7.13,5.99,3.23,3258,1089,No,https://boardgamegeek.com/boardgame/511
13315,Space Hulk: Deathwing Expansion,1990,7.97,5.99,2.7,,678,Yes,https://boardgamegeek.com/boardgame/13315
138745,Survive: Escape from Atlantis! – Dolphins & Dive Dice Mini Expansion,2013,7.2,5.99,1.64,,1036,Yes,https://boardgamegeek.com/boardgame/138745
17161,Tempus,2006,6.45,5.99,2.79,3290,2607,No,https://boardgamegeek.com/boardgame/17161
34373,Tiki Topple,2008,6.48,5.99,1.28,3291,2629,No,https://boardgamegeek.com/boardgame/34373
691,Timbuktu,1993,6.63,5.99,2.78,3257,1854,No,https://boardgamegeek.com/boardgame/691
139899,VivaJava: The Coffee Game: The Dice Game,2014,6.54,5.99,1.81,3269,2140,No,https://boardgamegeek.com/boardgame/139899
8269,BANG! High Noon,2003,6.7,5.98,1.56,,1801,Yes,https://boardgamegeek.com/boardgame/8269
1573,Banzai,1984,8.21,5.98,3.29,,534,Yes,https://boardgamegeek.com/boardgame/1573
1676,Blood Bowl: DeathZone,1994,7.64,5.98,2.84,,760,Yes,https://boardgamegeek.com/boardgame/1676
127493,Bolt Action,2012,7.81,5.98,2.74,3334,776,No,https://boardgamegeek.com/boardgame/127493
19995,Canal Mania,2006,6.87,5.98,2.89,3346,1271,No,https://boardgamegeek.com/boardgame/19995
118617,Carcassonne: The Gold Mines,2012,6.91,5.98,1.8,,1330,Yes,https://boardgamegeek.com/boardgame/118617
632,Cloud 9,1999,6.49,5.98,1.15,3365,2344,No,https://boardgamegeek.com/boardgame/632
77,"EastFront: The War in Russia, 1941-45",1991,7.7,5.98,3.6,3355,709,No,https://boardgamegeek.com/boardgame/77
2529,Flat Top,1977,7.36,5.98,4.23,3315,960,No,https://boardgamegeek.com/boardgame/2529
15390,Harvest,1992,7.26,5.98,1.08,3308,925,No,https://boardgamegeek.com/boardgame/15390
265,Intrigue,1994,6.39,5.98,1.92,3325,2934,No,https://boardgamegeek.com/boardgame/265
140535,Koryŏ,2013,6.58,5.98,1.88,3374,1999,No,https://boardgamegeek.com/boardgame/140535
39927,Last Train to Wensleydale,2009,7.07,5.98,3.25,3317,1027,No,https://boardgamegeek.com/boardgame/39927
125755,Memoir '44: Equipment Pack,2012,7.83,5.98,2.5,,681,Yes,https://boardgamegeek.com/boardgame/125755
91523,Mondo,2011,6.46,5.98,1.79,3343,2645,No,https://boardgamegeek.com/boardgame/91523
5288,Paratrooper: ASL Module 2,1986,7.87,5.98,4.09,,667,Yes,https://boardgamegeek.com/boardgame/5288
27356,Portobello Market,2007,6.4,5.98,2.04,3359,2763,No,https://boardgamegeek.com/boardgame/27356
59753,Priests of Ra,2009,6.82,5.98,2.24,3348,1361,No,https://boardgamegeek.com/boardgame/59753
35285,Prussian Rails,2008,7.0,5.98,2.91,3373,1096,No,https://boardgamegeek.com/boardgame/35285
72267,Railways of the Western U.S.,2010,7.88,5.98,2.94,,609,Yes,https://boardgamegeek.com/boardgame/72267
66771,Rattus: Pied Piper,2010,7.26,5.98,2.25,,914,Yes,https://boardgamegeek.com/boardgame/66771
1967,RoboRally: Grand Prix,1997,7.77,5.98,2.67,,674,Yes,https://boardgamegeek.com/boardgame/1967
2375,Sequence,1982,6.19,5.98,1.31,3333,12594,No,https://boardgamegeek.com/boardgame/2375
124827,Space Cadets: Away Missions,2015,7.3,5.98,2.62,3317,923,No,https://boardgamegeek.com/boardgame/124827
102104,Star Fluxx,2011,6.3,5.98,1.42,3360,6037,No,https://boardgamegeek.com/boardgame/102104
83734,Strike of the Eagle,2011,7.52,5.98,3.06,3368,767,No,https://boardgamegeek.com/boardgame/83734
113227,Summoner Wars: Mercenaries Faction Deck,2012,7.9,5.98,2.45,,625,Yes,https://boardgamegeek.com/boardgame/113227
129556,Tapple,2012,6.44,5.98,1.02,3327,2988,No,https://boardgamegeek.com/boardgame/129556
132544,Tesla vs. Edison: War of Currents,2015,6.68,5.98,3.24,3328,1703,No,https://boardgamegeek.com/boardgame/132544
85250,The Dwarf King,2011,6.48,5.98,1.42,3337,2345,No,https://boardgamegeek.com/boardgame/85250
21804,Traditional Card Games,,6.91,5.98,1.9,3351,1358,No,https://boardgamegeek.com/boardgame/21804
134380,Tzolk'in: The Mayan Calendar – Mini Expansion 1,2012,7.57,5.98,3.17,,722,Yes,https://boardgamegeek.com/boardgame/134380
18748,Unhappy King Charles!,2008,7.59,5.98,3.29,3318,750,No,https://boardgamegeek.com/boardgame/18748
139492,Zombicide: Box of Dogs – Set #6: Dog Companions,2013,7.54,5.98,2.82,,820,Yes,https://boardgamegeek.com/boardgame/139492
7865,10 Days in Africa,2003,6.57,5.97,1.37,3379,2072,No,https://boardgamegeek.com/boardgame/7865
6356,Age of Steam Expansion #1: England & Ireland,2003,8.02,5.97,3.91,,556,Yes,https://boardgamegeek.com/boardgame/6356
55253,Atlantis,2009,6.52,5.97,1.81,3410,2097,No,https://boardgamegeek.com/boardgame/55253
1262,Axis & Allies: Pacific,2001,6.67,5.97,2.87,3402,2030,No,https://boardgamegeek.com/boardgame/1262
41429,Band of Brothers: Screaming Eagles,2011,7.67,5.97,2.83,3425,726,No,https://boardgamegeek.com/boardgame/41429
3972,Catan: Portable Edition,2002,6.75,5.97,2.25,3421,1565,No,https://boardgamegeek.com/boardgame/3972
139952,Clockwork Wars,2015,7.51,5.97,3.12,3420,758,No,https://boardgamegeek.com/boardgame/139952
631,Daytona 500,1990,7.13,5.97,1.78,3386,1038,No,https://boardgamegeek.com/boardgame/631
13809,Dungeon Twister: Paladins & Dragons,2004,7.44,5.97,3.1,,792,Yes,https://boardgamegeek.com/boardgame/13809
883,Ivanhoe,2000,6.54,5.97,1.61,3384,2079,No,https://boardgamegeek.com/boardgame/883
2533,Kupferkessel Co.,2001,6.9,5.97,1.66,3388,1205,No,https://boardgamegeek.com/boardgame/2533
39188,Liberty Roads,2009,8.08,5.97,3.17,3431,584,No,https://boardgamegeek.com/boardgame/39188
286,Machiavelli,1977,7.09,5.97,3.18,3413,1145,No,https://boardgamegeek.com/boardgame/286
17099,Mare Nostrum: Mythology Expansion,2005,7.39,5.97,3.26,,826,Yes,https://boardgamegeek.com/boardgame/17099
34615,New World: A Carcassonne Game,2008,6.48,5.97,2.05,3440,2353,No,https://boardgamegeek.com/boardgame/34615
123609,Puzzle Strike Shadows,2012,7.74,5.97,3.03,3405,672,No,https://boardgamegeek.com/boardgame/123609
1966,RoboRally: Radioactive,1998,7.56,5.97,2.84,,745,Yes,https://boardgamegeek.com/boardgame/1966
117960,Saint Malo,2012,6.44,5.97,1.9,3377,2451,No,https://boardgamegeek.com/boardgame/117960
84183,Small World: Necromancer Island,2010,6.71,5.97,2.19,,1650,Yes,https://boardgamegeek.com/boardgame/84183
32484,The Battle for Hill 218,2007,6.57,5.97,1.71,3409,1901,No,https://boardgamegeek.com/boardgame/32484
112064,The Lord of the Rings: The Card Game – Road to Rivendell,2012,7.58,5.97,2.71,,723,Yes,https://boardgamegeek.com/boardgame/112064
128883,The Manhattan Project: Second Stage,2013,7.44,5.97,2.93,,769,Yes,https://boardgamegeek.com/boardgame/128883
19343,The Settlers of Catan: The Fishermen of Catan,2005,7.07,5.97,2.0,,1111,Yes,https://boardgamegeek.com/boardgame/19343
128554,Völuspá,2012,6.61,5.97,1.95,3441,1793,No,https://boardgamegeek.com/boardgame/128554
4741,Warmachine,2003,7.25,5.97,3.5,3437,1039,No,https://boardgamegeek.com/boardgame/4741
119866,Wings of Glory: WW1 Rules and Accessories Pack,2012,7.98,5.97,2.03,3391,692,No,https://boardgamegeek.com/boardgame/119866
3870,7 Ages,2004,7.11,5.96,3.93,3458,1070,No,https://boardgamegeek.com/boardgame/3870
97683,Age of Rail: South Africa,2011,7.66,5.96,3.0,3466,618,No,https://boardgamegeek.com/boardgame/97683
32116,Airships,2007,6.36,5.96,1.86,3484,2780,No,https://boardgamegeek.com/boardgame/32116
16216,Carcassonne: The Discovery,2005,6.48,5.96,1.94,3456,2344,No,https://boardgamegeek.com/boardgame/16216
112068,Commands & Colors: Napoleonics Expansion #2 – The Russian Army,2013,8.48,5.96,2.56,,473,Yes,https://boardgamegeek.com/boardgame/112068
124965,Dungeon Command: Heart of Cormyr,2012,7.38,5.96,2.6,3460,901,No,https://boardgamegeek.com/boardgame/124965
24037,Escape from Atlantis,1986,6.6,5.96,1.55,3464,1925,No,https://boardgamegeek.com/boardgame/24037
125046,Fantastiqa: The Rucksack Edition,2012,6.87,5.96,2.39,3488,1229,No,https://boardgamegeek.com/boardgame/125046
20,Full Metal Planète,1988,7.51,5.96,3.14,3443,804,No,https://boardgamegeek.com/boardgame/20
30539,Get Bit!,2007,6.14,5.96,1.12,3492,7130,No,https://boardgamegeek.com/boardgame/30539
59,Giganten,1999,6.69,5.96,2.57,3495,1476,No,https://boardgamegeek.com/boardgame/59
3439,HeroClix,2002,6.52,5.96,2.82,3453,2594,No,https://boardgamegeek.com/boardgame/3439
42350,Heroscape Expansion Set: Road to the Forgotten Forest,2005,8.06,5.96,2.35,,553,Yes,https://boardgamegeek.com/boardgame/42350
14634,Homeworlds,2001,7.49,5.96,3.38,3452,790,No,https://boardgamegeek.com/boardgame/14634
2476,Industrial Waste,2001,6.67,5.96,2.63,3476,1571,No,https://boardgamegeek.com/boardgame/2476
40845,"Keltis: Neue Wege, Neue Ziele",2009,7.13,5.96,2.08,,923,Yes,https://boardgamegeek.com/boardgame/40845
56786,Kuhhandel Master,2009,6.69,5.96,1.79,3497,1625,No,https://boardgamegeek.com/boardgame/56786
42432,Last Night on Earth: Hero Pack One,2010,7.57,5.96,2.08,,786,Yes,https://boardgamegeek.com/boardgame/42432
32944,Neue Heimat,2007,7.28,5.96,2.64,3448,816,No,https://boardgamegeek.com/boardgame/32944
128931,Noblemen,2012,6.9,5.96,3.04,3485,1162,No,https://boardgamegeek.com/boardgame/128931
2389,Othello,1883,6.16,5.96,2.07,3470,9399,No,https://boardgamegeek.com/boardgame/2389
2639,Panzer Leader: Game of Tactical Warfare on the Western Front,1974,6.73,5.96,3.11,3450,1838,No,https://boardgamegeek.com/boardgame/2639
30241,Patrician,2007,6.63,5.96,1.92,3482,1682,No,https://boardgamegeek.com/boardgame/30241
13081,Runebound: The Island of Dread,2005,7.26,5.96,2.62,,934,Yes,https://boardgamegeek.com/boardgame/13081
115584,Space Hulk: Death Angel – The Card Game: Tyranid Enemy Pack,2011,7.57,5.96,2.32,,753,Yes,https://boardgamegeek.com/boardgame/115584
108,TAMSK,1998,6.76,5.96,2.29,3445,1435,No,https://boardgamegeek.com/boardgame/108
31479,Ubongo Extreme,2007,6.71,5.96,1.87,3468,1509,No,https://boardgamegeek.com/boardgame/31479
520,Axis & Allies: Europe,1999,6.51,5.95,2.84,3516,2610,No,https://boardgamegeek.com/boardgame/520
19348,Byzantium,2005,6.78,5.95,3.45,3558,1291,No,https://boardgamegeek.com/boardgame/19348
84889,Cave Evil,2011,7.88,5.95,3.51,3520,654,No,https://boardgamegeek.com/boardgame/84889
99392,Colonial: Europe's Empires Overseas,2011,7.14,5.95,3.47,3510,1015,No,https://boardgamegeek.com/boardgame/99392
121193,Cover Your Assets,2011,6.48,5.95,1.2,3507,2650,No,https://boardgamegeek.com/boardgame/121193
67600,D-Day at Tarawa,2014,8.23,5.95,3.7,3551,533,No,https://boardgamegeek.com/boardgame/67600
128445,Darkest Night,2012,7.05,5.95,2.81,3527,1051,No,https://boardgamegeek.com/boardgame/128445
22897,Dreamblade,2006,7.13,5.95,2.69,3518,1011,No,https://boardgamegeek.com/boardgame/22897
122588,Dungeon Command: Sting of Lolth,2012,7.29,5.95,2.62,3544,936,No,https://boardgamegeek.com/boardgame/122588
28829,Field Commander: Rommel,2008,6.98,5.95,2.43,3556,1117,No,https://boardgamegeek.com/boardgame/28829
23686,Gift Trap,2006,6.4,5.95,1.24,3506,2724,No,https://boardgamegeek.com/boardgame/23686
55952,Greed Incorporated,2009,6.96,5.95,3.6,3524,1028,No,https://boardgamegeek.com/boardgame/55952
29510,Jambo Expansion,2007,7.22,5.95,2.05,,853,Yes,https://boardgamegeek.com/boardgame/29510
78750,Kaispeicher,2012,7.49,5.95,2.53,,695,Yes,https://boardgamegeek.com/boardgame/78750
348,Merchants of the Middle Ages,1999,6.74,5.95,3.01,3521,1418,No,https://boardgamegeek.com/boardgame/348
80006,Mord im Arosa,2010,6.53,5.95,1.44,3546,1866,No,https://boardgamegeek.com/boardgame/80006
8829,Nobody Is Perfect,1992,6.79,5.95,1.53,3563,1295,No,https://boardgamegeek.com/boardgame/8829
134520,Phantom Leader: Deluxe Edition,2013,8.06,5.95,2.63,3510,615,No,https://boardgamegeek.com/boardgame/134520
28620,Phoenicia,2007,6.52,5.95,2.93,3522,1929,No,https://boardgamegeek.com/boardgame/28620
2005,Primordial Soup: Freshly Spiced,1998,7.26,5.95,2.88,,810,Yes,https://boardgamegeek.com/boardgame/2005
140717,Progress: Evolution of Technology,2014,6.51,5.95,2.43,3531,2024,No,https://boardgamegeek.com/boardgame/140717
1589,Star Fleet Battles,1979,6.91,5.95,4.19,3539,1320,No,https://boardgamegeek.com/boardgame/1589
1423,Storm Over Arnhem,1981,7.2,5.95,2.88,3515,950,No,https://boardgamegeek.com/boardgame/1423
7806,Vive le Roi!,2003,6.44,5.95,1.21,3530,2422,No,https://boardgamegeek.com/boardgame/7806
118000,Africana,2012,6.69,5.94,2.02,3600,1461,No,https://boardgamegeek.com/boardgame/118000
133956,Axis & Allies: WWI 1914,2013,7.27,5.94,2.8,3584,1045,No,https://boardgamegeek.com/boardgame/133956
287,Bazaar,1967,6.53,5.94,2.03,3569,1885,No,https://boardgamegeek.com/boardgame/287
17449,Beowulf: The Legend,2005,6.39,5.94,2.26,3597,2475,No,https://boardgamegeek.com/boardgame/17449
111861,Cards Against Humanity: First Expansion,2011,6.48,5.94,1.27,,2844,Yes,https://boardgamegeek.com/boardgame/111861
45132,Conflict of Heroes: Price of Honour – Poland 1939,2010,8.19,5.94,2.9,,492,Yes,https://boardgamegeek.com/boardgame/45132
6366,Dungeons & Dragons: The Fantasy Adventure Board Game,2003,6.62,5.94,2.18,3585,2130,No,https://boardgamegeek.com/boardgame/6366
370,El Grande: König & Intrigant,1997,7.42,5.94,3.06,,708,Yes,https://boardgamegeek.com/boardgame/370
1334,Entdecker: Exploring New Horizons,2001,6.49,5.94,2.43,3594,2039,No,https://boardgamegeek.com/boardgame/1334
38309,God's Playground,2009,7.37,5.94,3.61,3571,746,No,https://boardgamegeek.com/boardgame/38309
122323,Innovation: Figures in the Sand,2013,7.51,5.94,3.11,,656,Yes,https://boardgamegeek.com/boardgame/122323
78733,Key Market,2010,7.33,5.94,3.52,3614,751,No,https://boardgamegeek.com/boardgame/78733
257,Kill Doctor Lucky,1996,6.16,5.94,1.64,3615,7528,No,https://boardgamegeek.com/boardgame/257
4174,Lifeboat,2002,6.29,5.94,1.75,3632,3570,No,https://boardgamegeek.com/boardgame/4174
40425,Maori,2009,6.58,5.94,1.79,3586,1645,No,https://boardgamegeek.com/boardgame/40425
24762,Medici vs Strozzi,2006,6.52,5.94,2.44,3644,1775,No,https://boardgamegeek.com/boardgame/24762
32674,Monsterpocalypse,2008,7.15,5.94,3.06,3582,1003,No,https://boardgamegeek.com/boardgame/32674
6866,Mus,1745,8.03,5.94,2.31,3633,548,No,https://boardgamegeek.com/boardgame/6866
1491,Outpost,1991,6.8,5.94,3.11,3566,1251,No,https://boardgamegeek.com/boardgame/1491
2238,PanzerBlitz,1970,6.65,5.94,3.05,3624,1934,No,https://boardgamegeek.com/boardgame/2238
4583,Pinochle,1864,6.88,5.94,2.31,3636,1192,No,https://boardgamegeek.com/boardgame/4583
6068,Queen's Necklace,2003,6.38,5.94,1.91,3572,2606,No,https://boardgamegeek.com/boardgame/6068
1425,Raid on St. Nazaire,1987,7.26,5.94,3.02,3639,878,No,https://boardgamegeek.com/boardgame/1425
3837,Rat-a-Tat Cat,1995,6.26,5.94,1.12,3605,4391,No,https://boardgamegeek.com/boardgame/3837
8170,Return of the Heroes,2003,6.48,5.94,2.36,3607,2069,No,https://boardgamegeek.com/boardgame/8170
1194,Speed Circuit,1971,6.9,5.94,2.06,3625,1223,No,https://boardgamegeek.com/boardgame/1194
38876,Stone Age: The New Huts,2008,7.37,5.94,2.23,,729,Yes,https://boardgamegeek.com/boardgame/38876
936,The Fury of Dracula,1987,6.92,5.94,2.6,3602,1215,No,https://boardgamegeek.com/boardgame/936
125472,The Red Dragon Inn: Allies – Pooky,2012,7.65,5.94,2.0,,719,Yes,https://boardgamegeek.com/boardgame/125472
104891,Thunderstone: Heart of Doom,2011,7.7,5.94,2.76,,605,Yes,https://boardgamegeek.com/boardgame/104891
932,Top Race,1996,6.75,5.94,1.75,3591,1351,No,https://boardgamegeek.com/boardgame/932
34969,Ubongo: Duel,2008,6.8,5.94,1.78,3631,1216,No,https://boardgamegeek.com/boardgame/34969
103660,VivaJava: The Coffee Game,2012,6.81,5.94,2.54,3603,1188,No,https://boardgamegeek.com/boardgame/103660
22532,Wings of War: The Dawn of World War II,2007,6.85,5.94,1.96,3574,1303,No,https://boardgamegeek.com/boardgame/22532
139386,Zombicide: Box of Zombies – Set #5: Zombie Dogz,2013,7.57,5.94,2.58,,740,Yes,https://boardgamegeek.com/boardgame/139386
99315,7 Wonders: Leaders – Stevie,2011,6.92,5.93,2.04,,1113,Yes,https://boardgamegeek.com/boardgame/99315
38641,Agricola: Through the Seasons,2008,7.11,5.93,3.1,,924,Yes,https://boardgamegeek.com/boardgame/38641
28723,Before the Wind,2007,6.61,5.93,2.6,3696,1548,No,https://boardgamegeek.com/boardgame/28723
130877,Blood Bound,2013,6.57,5.93,1.62,3684,1781,No,https://boardgamegeek.com/boardgame/130877
19736,Blue Moon: The Flit,2004,7.05,5.93,2.25,,923,Yes,https://boardgamegeek.com/boardgame/19736
19737,Blue Moon: The Khind,2004,7.22,5.93,2.23,,805,Yes,https://boardgamegeek.com/boardgame/19737
19739,Blue Moon: The Mimix,2004,7.04,5.93,2.18,,932,Yes,https://boardgamegeek.com/boardgame/19739
805,Buffy the Vampire Slayer: The Game,2000,6.59,5.93,2.01,3664,1749,No,https://boardgamegeek.com/boardgame/805
38032,Byzanz,2008,6.62,5.93,1.53,3702,1474,No,https://boardgamegeek.com/boardgame/38032
118614,Carcassonne: The Ferries,2012,6.77,5.93,1.81,,1322,Yes,https://boardgamegeek.com/boardgame/118614
125977,Cataclysm: A Second World War,2018,7.51,5.93,3.96,3683,754,No,https://boardgamegeek.com/boardgame/125977
37734,Cavum,2008,6.67,5.93,3.59,3705,1419,No,https://boardgamegeek.com/boardgame/37734
815,Chrononauts,2000,6.19,5.93,1.85,3681,5696,No,https://boardgamegeek.com/boardgame/815
38928,Commands & Colors: Ancients Expansion Pack #4 – Imperial Rome,2009,8.35,5.93,2.4,,428,Yes,https://boardgamegeek.com/boardgame/38928
38927,Commands & Colors: Ancients Expansion Pack #5 – Epic Ancients II,2009,8.35,5.93,2.34,,430,Yes,https://boardgamegeek.com/boardgame/38927
3609,Crescendo of Doom: A Squad Leader Gamette,1979,7.32,5.93,4.25,,809,Yes,https://boardgamegeek.com/boardgame/3609
70519,Cruel Necessity: The English Civil Wars 1640-1653,2013,7.41,5.93,2.77,3690,756,No,https://boardgamegeek.com/boardgame/70519
44,David & Goliath,1997,6.5,5.93,1.62,3674,1793,No,https://boardgamegeek.com/boardgame/44
94902,Dungeons & Dragons Starter Set,2008,7.7,5.93,3.0,3680,647,No,https://boardgamegeek.com/boardgame/94902
85925,"Fresco: Expansion Modules 4, 5 and 6",2010,7.44,5.93,2.75,,684,Yes,https://boardgamegeek.com/boardgame/85925
5451,Hanafuda,1701,6.91,5.93,1.72,3699,1195,No,https://boardgamegeek.com/boardgame/5451
15825,Heroscape Expansion Set: Utgar's Rage ,2005,7.76,5.93,2.15,,628,Yes,https://boardgamegeek.com/boardgame/15825
21654,Iliad,2006,6.5,5.93,2.09,3704,1882,No,https://boardgamegeek.com/boardgame/21654
119781,Legacy: Gears of Time,2012,6.95,5.93,2.83,3698,1018,No,https://boardgamegeek.com/boardgame/119781
943,Ligretto,1988,6.2,5.93,1.17,3675,5360,No,https://boardgamegeek.com/boardgame/943
11945,Linq,2004,6.85,5.93,1.43,3658,1137,No,https://boardgamegeek.com/boardgame/11945
101921,Mansions of Madness: Season of the Witch,2011,7.54,5.93,2.83,,686,Yes,https://boardgamegeek.com/boardgame/101921
59127,Memoir '44: Sword of Stalingrad,2009,8.04,5.93,2.38,,506,Yes,https://boardgamegeek.com/boardgame/59127
84465,Ottoman Sunset: The Great War in the Near East,2010,7.32,5.93,2.0,3692,767,No,https://boardgamegeek.com/boardgame/84465
5622,Pacific War: The Struggle Against Japan 1941-1945,1985,7.69,5.93,4.51,3695,666,No,https://boardgamegeek.com/boardgame/5622
3041,Panzergruppe Guderian,1976,7.37,5.93,2.79,3656,794,No,https://boardgamegeek.com/boardgame/3041
90870,Pelican Cove,2011,6.74,5.93,1.82,3651,1292,No,https://boardgamegeek.com/boardgame/90870
93401,Rivals for Catan: Age of Darkness,2011,7.54,5.93,2.27,,694,Yes,https://boardgamegeek.com/boardgame/93401
136000,Rivet Wars: Eastern Front,2014,7.0,5.93,2.4,3651,1117,No,https://boardgamegeek.com/boardgame/136000
34869,Shadow Hunters: Expansion,2006,7.36,5.93,1.89,,779,Yes,https://boardgamegeek.com/boardgame/34869
35572,Strozzi,2008,6.71,5.93,2.24,3657,1327,No,https://boardgamegeek.com/boardgame/35572
119012,The Capitals,2013,6.88,5.93,3.51,3671,1100,No,https://boardgamegeek.com/boardgame/119012
124668,The Dwarves,2012,6.84,5.93,2.53,3662,1213,No,https://boardgamegeek.com/boardgame/124668
4249,Trias,2002,6.42,5.93,2.39,3693,2096,No,https://boardgamegeek.com/boardgame/4249
5620,Vietnam 1965-1975,1984,7.48,5.93,4.32,3688,783,No,https://boardgamegeek.com/boardgame/5620
33643,Whoowasit?,2007,6.8,5.93,1.45,3701,1263,No,https://boardgamegeek.com/boardgame/33643
23817,1861: The Railways of the Russian Empire,2006,7.42,5.92,4.21,3758,667,No,https://boardgamegeek.com/boardgame/23817
95105,1st & Goal,2011,6.53,5.92,1.83,3735,1770,No,https://boardgamegeek.com/boardgame/95105
1758,Advanced Heroquest,1989,6.89,5.92,2.88,3757,1351,No,https://boardgamegeek.com/boardgame/1758
12350,Battlestations,2004,7.09,5.92,3.4,3768,951,No,https://boardgamegeek.com/boardgame/12350
93724,Black Gold,2011,6.78,5.92,2.58,3718,1231,No,https://boardgamegeek.com/boardgame/93724
508,Blue Max,1983,7.19,5.92,2.27,3787,859,No,https://boardgamegeek.com/boardgame/508
58602,Cable Car,2009,6.67,5.92,1.8,3796,1343,No,https://boardgamegeek.com/boardgame/58602
133528,City of Remnants,2013,6.77,5.92,3.13,3733,1274,No,https://boardgamegeek.com/boardgame/133528
1561,Clue Master Detective,1988,6.68,5.92,1.84,3775,1624,No,https://boardgamegeek.com/boardgame/1561
112066,Commands & Colors: Napoleonics Expansion #3 – The Austrian Army,2013,8.54,5.92,2.39,,410,Yes,https://boardgamegeek.com/boardgame/112066
68076,Conflict of Heroes: Guadalcanal – The Pacific 1942,2016,8.0,5.92,3.06,3789,523,No,https://boardgamegeek.com/boardgame/68076
30,Dark Tower,1981,6.89,5.92,1.79,3734,1443,No,https://boardgamegeek.com/boardgame/30
55150,Descent: The Sea of Blood,2009,7.43,5.92,3.4,,784,Yes,https://boardgamegeek.com/boardgame/55150
101,Detroit-Cleveland Grand Prix,1996,6.78,5.92,1.71,3793,1156,No,https://boardgamegeek.com/boardgame/101
129731,DreadBall: The Futuristic Sports Game,2012,7.27,5.92,2.87,3768,852,No,https://boardgamegeek.com/boardgame/129731
169,En Garde,1993,6.5,5.92,1.39,3772,1773,No,https://boardgamegeek.com/boardgame/169
31291,España 1936,2007,7.29,5.92,2.82,3724,795,No,https://boardgamegeek.com/boardgame/31291
35350,Field Commander: Alexander,2009,7.08,5.92,2.32,3763,917,No,https://boardgamegeek.com/boardgame/35350
83268,Formula D: Circuits 3 – Singapore & The Docks,2010,7.54,5.92,1.92,,648,Yes,https://boardgamegeek.com/boardgame/83268
635,Formula Motor Racing,1995,6.41,5.92,1.19,3782,2048,No,https://boardgamegeek.com/boardgame/635
24509,Gambit Royale,2006,6.47,5.92,1.87,3748,2047,No,https://boardgamegeek.com/boardgame/24509
23730,Gheos,2006,6.49,5.92,2.46,3726,1816,No,https://boardgamegeek.com/boardgame/23730
18207,Gloom: Unhappy Homes,2005,6.65,5.92,1.7,,1647,Yes,https://boardgamegeek.com/boardgame/18207
124839,Hoplomachus: The Lost Cities,2012,7.8,5.92,2.52,3791,584,No,https://boardgamegeek.com/boardgame/124839
14808,Marvel Heroes,2006,6.37,5.92,3.08,3780,2514,No,https://boardgamegeek.com/boardgame/14808
437,Master Labyrinth,1991,6.3,5.92,1.77,3800,2960,No,https://boardgamegeek.com/boardgame/437
41571,Memoir '44: Tigers in the Snow,2009,8.05,5.92,2.49,,488,Yes,https://boardgamegeek.com/boardgame/41571
28327,Munchkin 5: De-Ranged,2007,6.58,5.92,1.82,,2232,Yes,https://boardgamegeek.com/boardgame/28327
96152,Nightfall: Martial Law,2011,7.0,5.92,2.74,3773,935,No,https://boardgamegeek.com/boardgame/96152
85769,Panzer: The Game of Small Unit Actions and Combined Arms Operations on the Eastern Front 1943-44,2012,7.85,5.92,3.77,3797,615,No,https://boardgamegeek.com/boardgame/85769
17393,Pax Romana,2006,7.37,5.92,3.64,3732,748,No,https://boardgamegeek.com/boardgame/17393
3202,RAF,1986,7.44,5.92,3.09,3765,706,No,https://boardgamegeek.com/boardgame/3202
38786,"Red Winter: The Soviet Attack at Tolvajärvi, Finland – 8-12 December 1939",2012,7.94,5.92,2.97,3731,524,No,https://boardgamegeek.com/boardgame/38786
118610,Santa Cruz,2012,6.65,5.92,2.19,3741,1403,No,https://boardgamegeek.com/boardgame/118610
135281,Serenissima (Second Edition),2012,6.89,5.92,2.92,3772,1037,No,https://boardgamegeek.com/boardgame/135281
120965,Space Hulk: Death Angel – The Card Game: Deathwing Space Marine Pack,2012,7.45,5.92,2.37,,710,Yes,https://boardgamegeek.com/boardgame/120965
99815,Talisman (Revised 4th Edition): The Dragon Expansion,2011,6.89,5.92,2.53,,1274,Yes,https://boardgamegeek.com/boardgame/99815
20022,Terra Nova,2006,6.46,5.92,2.27,3790,1860,No,https://boardgamegeek.com/boardgame/20022
25951,The Castle of the Devil,2010,6.42,5.92,1.97,3799,2204,No,https://boardgamegeek.com/boardgame/25951
117929,The Lord of the Rings: The Card Game – The Long Dark,2012,7.58,5.92,2.71,,636,Yes,https://boardgamegeek.com/boardgame/117929
104139,The Lord of the Rings: The Card Game – The Massing at Osgiliath,2011,7.94,5.92,2.86,,507,Yes,https://boardgamegeek.com/boardgame/104139
96792,The Road to Canterbury,2011,6.82,5.92,2.25,3760,1111,No,https://boardgamegeek.com/boardgame/96792
35505,Walk the Plank!,2013,6.51,5.92,1.26,3737,1924,No,https://boardgamegeek.com/boardgame/35505
2162,"Warhammer 40,000 (Third Edition)",1998,6.51,5.92,3.49,3727,2358,No,https://boardgamegeek.com/boardgame/2162
692,Wizard Kings,2000,6.77,5.92,2.65,3716,1287,No,https://boardgamegeek.com/boardgame/692
130899,12 Days,2011,6.53,5.91,1.2,3843,1657,No,https://boardgamegeek.com/boardgame/130899
116951,A Touch of Evil: The Coast,2012,7.87,5.91,2.79,,570,Yes,https://boardgamegeek.com/boardgame/116951
3967,Battlefleet Gothic,1999,7.1,5.91,2.91,3814,984,No,https://boardgamegeek.com/boardgame/3967
39242,Black Friday,2010,6.56,5.91,2.83,3855,1567,No,https://boardgamegeek.com/boardgame/39242
467,Bohnanza Erweiterungs-Set,1997,7.05,5.91,1.62,,893,Yes,https://boardgamegeek.com/boardgame/467
2795,Car Wars,1981,6.43,5.91,3.08,3831,2308,No,https://boardgamegeek.com/boardgame/2795
118615,Carcassonne: The Flying Machines,2012,6.67,5.91,1.74,,1409,Yes,https://boardgamegeek.com/boardgame/118615
127354,Cards Against Humanity: Second Expansion,2012,6.52,5.91,1.22,,2303,Yes,https://boardgamegeek.com/boardgame/127354
85768,Commands & Colors: Napoleonics Expansion #1 – The Spanish Army,2011,8.21,5.91,2.44,,466,Yes,https://boardgamegeek.com/boardgame/85768
1137,Die Siedler von Catan: Das Buch zum Spielen,2000,7.29,5.91,2.92,,747,Yes,https://boardgamegeek.com/boardgame/1137
108722,Dreadfleet,2011,7.0,5.91,2.95,3841,1071,No,https://boardgamegeek.com/boardgame/108722
124969,Dungeon Command: Curse of Undeath,2012,7.48,5.91,2.52,3865,711,No,https://boardgamegeek.com/boardgame/124969
38548,Fast Flowing Forest Fellers,2008,6.49,5.91,1.52,3829,1673,No,https://boardgamegeek.com/boardgame/38548
27463,Galactic Emperor,2008,6.6,5.91,2.9,3828,1430,No,https://boardgamegeek.com/boardgame/27463
70918,Hanabi & Ikebana,2010,7.41,5.91,1.76,,645,No,https://boardgamegeek.com/boardgame/70918
42939,Invasion from Outer Space: The Martian Game,2010,7.08,5.91,2.79,3856,913,No,https://boardgamegeek.com/boardgame/42939
58,Kings & Things,1986,6.52,5.91,2.64,3873,1719,No,https://boardgamegeek.com/boardgame/58
109090,Memoir '44: Campaign Book Volume 2,2011,8.29,5.91,2.16,,440,Yes,https://boardgamegeek.com/boardgame/109090
1621,Mutant Chronicles: Siege of the Citadel,1993,7.0,5.91,2.23,3802,1102,No,https://boardgamegeek.com/boardgame/1621
5406,New England,2003,6.46,5.91,2.46,3840,1842,No,https://boardgamegeek.com/boardgame/5406
75091,Norenberc,2010,6.77,5.91,3.01,3860,1112,No,https://boardgamegeek.com/boardgame/75091
420,Rail Baron,1977,6.64,5.91,2.26,3806,1700,No,https://boardgamegeek.com/boardgame/420
127437,Rivals for Catan: Age of Enlightenment,2012,7.68,5.91,2.26,,585,Yes,https://boardgamegeek.com/boardgame/127437
20545,Rory's Story Cubes,2005,6.2,5.91,1.11,3843,4093,No,https://boardgamegeek.com/boardgame/20545
433,Shark,1987,6.61,5.91,2.2,3826,1480,No,https://boardgamegeek.com/boardgame/433
23451,Space Dealer,2006,6.51,5.91,2.41,3854,1661,No,https://boardgamegeek.com/boardgame/23451
12346,Spooky Stairs,2003,6.42,5.91,1.09,3861,2062,No,https://boardgamegeek.com/boardgame/12346
3421,StreetSoccer,2002,6.53,5.91,1.54,3803,1659,No,https://boardgamegeek.com/boardgame/3421
129351,The Cave,2012,6.46,5.91,2.52,3834,1890,No,https://boardgamegeek.com/boardgame/129351
130792,The Enchanted Tower,2012,6.6,5.91,1.13,3818,1500,No,https://boardgamegeek.com/boardgame/130792
89848,Ticket to Ride: Alvin & Dexter,2011,6.5,5.91,1.57,,1775,Yes,https://boardgamegeek.com/boardgame/89848
29311,Tide of Iron:  Days of the Fox,2008,7.69,5.91,3.2,,609,Yes,https://boardgamegeek.com/boardgame/29311
759,Turning Point: Stalingrad,1989,7.27,5.91,3.27,3823,785,No,https://boardgamegeek.com/boardgame/759
127838,7 Wonders: Leaders – Louis,2012,6.93,5.9,1.95,,985,Yes,https://boardgamegeek.com/boardgame/127838
46007,A Brief History of the World,2009,6.86,5.9,2.86,3942,970,No,https://boardgamegeek.com/boardgame/46007
8490,Age of Napoleon,2003,6.82,5.9,3.18,3919,1183,No,https://boardgamegeek.com/boardgame/8490
14183,Age of Steam Expansion #3: Scandinavia and Korea,2004,7.84,5.9,3.92,,489,Yes,https://boardgamegeek.com/boardgame/14183
1770,Aliens,1989,7.31,5.9,2.23,3947,788,No,https://boardgamegeek.com/boardgame/1770
10081,Axis & Allies: D-Day,2004,6.46,5.9,2.36,3917,2232,No,https://boardgamegeek.com/boardgame/10081
464,Billabong,1992,6.82,5.9,1.86,3932,1041,No,https://boardgamegeek.com/boardgame/464
19738,Blue Moon: The Aqua,2005,7.24,5.9,2.17,,709,Yes,https://boardgamegeek.com/boardgame/19738
19740,Blue Moon: The Terrah,2004,7.13,5.9,2.17,,778,Yes,https://boardgamegeek.com/boardgame/19740
2582,Catch Phrase!,1994,6.34,5.9,1.14,3944,2605,No,https://boardgamegeek.com/boardgame/2582
29773,Cheeky Monkey,2007,6.64,5.9,1.14,3938,1292,No,https://boardgamegeek.com/boardgame/29773
88853,Commands & Colors: Ancients Expansion Pack #6 – The Spartan Army,2011,8.46,5.9,2.59,,392,Yes,https://boardgamegeek.com/boardgame/88853
8924,Dancing Eggs,2003,6.31,5.9,1.05,3959,2458,No,https://boardgamegeek.com/boardgame/8924
299,De Bellis Antiquitatis: Quick Play Wargame Rules with Army Lists for Ancient and Medieval Battles,1990,7.34,5.9,2.79,3953,730,No,https://boardgamegeek.com/boardgame/299
27048,Duel in the Dark,2007,6.61,5.9,2.49,3911,1439,No,https://boardgamegeek.com/boardgame/27048
138788,Dungeon Roll,2013,6.07,5.9,1.33,3928,8572,No,https://boardgamegeek.com/boardgame/138788
20133,FAB: The Bulge,2008,7.36,5.9,3.07,3888,685,No,https://boardgamegeek.com/boardgame/20133
1017,Fresh Fish,1997,6.79,5.9,3.04,3939,1033,No,https://boardgamegeek.com/boardgame/1017
109779,Garden Dice,2012,6.63,5.9,2.12,3908,1331,No,https://boardgamegeek.com/boardgame/109779
75212,Grand Cru,2010,6.75,5.9,3.14,3937,1124,No,https://boardgamegeek.com/boardgame/75212
22357,Heroscape Expansion Set: Raknar's Vision ,2006,7.86,5.9,2.32,,520,Yes,https://boardgamegeek.com/boardgame/22357
22356,Heroscape Expansion Set: Thaelenk Tundra,2006,7.79,5.9,2.32,,551,Yes,https://boardgamegeek.com/boardgame/22356
135036,Kingdom Death: Monster – Gorm Expansion,2016,8.95,5.9,4.0,,364,Yes,https://boardgamegeek.com/boardgame/135036
141090,Kohle & Kolonie,2013,7.38,5.9,3.81,3880,638,No,https://boardgamegeek.com/boardgame/141090
36708,Leader 1,2008,6.97,5.9,2.52,3924,945,No,https://boardgamegeek.com/boardgame/36708
99875,Martian Dice,2011,6.15,5.9,1.07,3926,4574,No,https://boardgamegeek.com/boardgame/99875
296,Medieval Merchant,1998,6.7,5.9,3.08,3891,1214,No,https://boardgamegeek.com/boardgame/296
1265,Mystery Rummy: Jekyll & Hyde,2001,6.64,5.9,1.53,3935,1307,No,https://boardgamegeek.com/boardgame/1265
39813,Qwirkle Cubes,2009,6.58,5.9,1.58,3915,1516,No,https://boardgamegeek.com/boardgame/39813
19948,Rum & Pirates,2006,6.44,5.9,1.94,3875,1873,No,https://boardgamegeek.com/boardgame/19948
33107,Senji,2008,6.53,5.9,2.96,3921,1586,No,https://boardgamegeek.com/boardgame/33107
135649,Tales & Games: The Three Little Pigs,2013,6.41,5.9,1.18,3957,1991,No,https://boardgamegeek.com/boardgame/135649
1737,Talisman: Expansion Set,1986,6.96,5.9,2.15,,1033,Yes,https://boardgamegeek.com/boardgame/1737
1038,Tantrix,1991,6.36,5.9,2.21,3933,2421,No,https://boardgamegeek.com/boardgame/1038
40831,The Pillars of the Earth: Builders Duel,2009,6.52,5.9,2.18,3941,1572,No,https://boardgamegeek.com/boardgame/40831
118497,Trick of the Rails,2011,6.57,5.9,2.45,3902,1392,No,https://boardgamegeek.com/boardgame/118497
3263,Ukraine '43: The Soviet Summer Offensive Against Army Group South,2000,7.87,5.9,3.52,3885,523,No,https://boardgamegeek.com/boardgame/3263
100679,Ultimate Warriorz,2011,6.61,5.9,1.3,3951,1372,No,https://boardgamegeek.com/boardgame/100679
22398,10 Days in Asia,2007,6.69,5.89,1.42,3996,1211,No,https://boardgamegeek.com/boardgame/22398
2612,18AL,1999,7.09,5.89,3.85,3984,750,No,https://boardgamegeek.com/boardgame/2612
36888,After the Flood,2008,6.86,5.89,3.71,4032,963,No,https://boardgamegeek.com/boardgame/36888
8845,Age of Steam Expansion #2: Western United States and Germany,2003,7.84,5.89,3.81,,478,Yes,https://boardgamegeek.com/boardgame/8845
1606,Ambush!: Move Out!,1984,7.65,5.89,3.13,,556,Yes,https://boardgamegeek.com/boardgame/1606
139033,Archon: Glory & Machination,2013,6.9,5.89,3.18,3962,956,No,https://boardgamegeek.com/boardgame/139033
827,Attila,2000,6.46,5.89,2.55,3989,1689,No,https://boardgamegeek.com/boardgame/827
30232,BattleLore: The Hundred Years' War – Crossbows & Polearms,2007,7.58,5.89,2.65,,569,Yes,https://boardgamegeek.com/boardgame/30232
214,Café International,1989,6.23,5.89,1.65,4027,3035,No,https://boardgamegeek.com/boardgame/214
8607,Code of Bushido: ASL Module 8,1991,8.3,5.89,4.49,,434,Yes,https://boardgamegeek.com/boardgame/8607
8610,Croix de Guerre: ASL Module 10,1992,8.24,5.89,4.26,,437,Yes,https://boardgamegeek.com/boardgame/8610
147,Crude: The Oil Game,1974,6.69,5.89,2.73,4010,1163,No,https://boardgamegeek.com/boardgame/147
189,Die Siedler von Nürnberg,1999,6.9,5.89,2.78,4011,955,No,https://boardgamegeek.com/boardgame/189
96749,Fading Glory,2012,7.47,5.89,2.56,4019,617,No,https://boardgamegeek.com/boardgame/96749
14083,Fire in the Sky: The Great Pacific War 1941-1945,1999,7.51,5.89,3.17,3997,621,No,https://boardgamegeek.com/boardgame/14083
5205,G.E.V.,1978,7.03,5.89,2.25,3975,910,No,https://boardgamegeek.com/boardgame/5205
3139,Goldland,2002,6.62,5.89,2.38,3990,1300,No,https://boardgamegeek.com/boardgame/3139
108831,Kulami,2011,7.0,5.89,1.71,3974,901,No,https://boardgamegeek.com/boardgame/108831
124380,Ladies & Gentlemen,2013,6.44,5.89,2.09,4028,1772,No,https://boardgamegeek.com/boardgame/124380
19301,Mesopotamia: Cradle of Civilization,2005,6.47,5.89,2.45,4046,1630,No,https://boardgamegeek.com/boardgame/19301
141791,Piñata,2013,6.8,5.89,1.49,3972,1059,No,https://boardgamegeek.com/boardgame/141791
88491,Power Grid: BGG Promo Card Set,2011,7.45,5.89,3.1,,620,Yes,https://boardgamegeek.com/boardgame/88491
38997,Power Grid: Flux Generator,2008,7.42,5.89,2.97,,625,Yes,https://boardgamegeek.com/boardgame/38997
79073,Resident Evil Deck Building Game,2010,6.57,5.89,2.28,4022,1954,No,https://boardgamegeek.com/boardgame/79073
22551,Risk: Star Wars – Original Trilogy Edition,2006,6.83,5.89,2.11,3991,1182,No,https://boardgamegeek.com/boardgame/22551
15889,Scopa,1600,6.62,5.89,1.47,3979,1377,No,https://boardgamegeek.com/boardgame/15889
130486,Small City,2015,7.3,5.89,4.0,3963,669,No,https://boardgamegeek.com/boardgame/130486
60054,Small World: Leaders of Small World,2009,6.56,5.89,1.97,,1522,Yes,https://boardgamegeek.com/boardgame/60054
63091,Space Hulk (Second Edition),1996,7.49,5.89,2.69,3967,675,No,https://boardgamegeek.com/boardgame/63091
4100,Starfarers of Catan: 5-6 Player Expansion,2001,6.96,5.89,2.59,,922,Yes,https://boardgamegeek.com/boardgame/4100
99358,Stonewall Jackson's Way II: Battles of Bull Run,2013,8.69,5.89,3.65,4045,356,No,https://boardgamegeek.com/boardgame/99358
1597,Streetcar,1995,6.39,5.89,2.05,4018,1886,No,https://boardgamegeek.com/boardgame/1597
788,Tales of the Arabian Nights,1985,7.04,5.89,2.42,3988,840,No,https://boardgamegeek.com/boardgame/788
114387,Thebes: The Tomb Raiders,2013,6.84,5.89,2.02,4045,970,No,https://boardgamegeek.com/boardgame/114387
94389,Urbion,2012,6.86,5.89,1.83,4015,988,No,https://boardgamegeek.com/boardgame/94389
29432,Vexation,2007,7.08,5.89,1.64,,748,Yes,https://boardgamegeek.com/boardgame/29432
8605,West of Alamein: ASL Module 5,1988,8.05,5.89,4.49,,478,Yes,https://boardgamegeek.com/boardgame/8605
3236,WildLife,2002,6.59,5.89,3.07,3982,1369,No,https://boardgamegeek.com/boardgame/3236
21641,Aquädukt,2005,6.42,5.88,1.71,4094,1705,No,https://boardgamegeek.com/boardgame/21641
6541,Articulate!,1992,6.54,5.88,1.24,4119,1818,No,https://boardgamegeek.com/boardgame/6541
338,Bargain Hunter,1998,6.69,5.88,1.87,4083,1106,No,https://boardgamegeek.com/boardgame/338
19741,Blue Moon: The Pillar,2005,7.21,5.88,2.25,,689,Yes,https://boardgamegeek.com/boardgame/19741
140343,Carnival Zombie,2013,7.01,5.88,3.3,4120,836,No,https://boardgamegeek.com/boardgame/140343
29715,Die Siedler von Catan: Kartenspiel – Handel & Wandel,1999,7.06,5.88,2.58,,795,Yes,https://boardgamegeek.com/boardgame/29715
6050,Duel of Ages Set 1: Worldspanner,2003,6.52,5.88,2.88,4079,1706,No,https://boardgamegeek.com/boardgame/6050
124968,Dungeon Command: Tyranny of Goblins,2012,7.4,5.88,2.71,4085,697,No,https://boardgamegeek.com/boardgame/124968
86780,Eminent Domain: Bonus Planets,2011,7.28,5.88,2.26,,629,Yes,https://boardgamegeek.com/boardgame/86780
11168,Flames of War: The World War II Miniatures Game,2002,7.05,5.88,3.29,4055,941,No,https://boardgamegeek.com/boardgame/11168
19248,Heroscape Expansion Set: Volcarren Wasteland,2005,7.4,5.88,2.35,,654,Yes,https://boardgamegeek.com/boardgame/19248
8124,Industria,2003,6.4,5.88,2.68,4081,1822,No,https://boardgamegeek.com/boardgame/8124
38872,Jet Set,2008,6.72,5.88,2.58,4115,1062,No,https://boardgamegeek.com/boardgame/38872
135034,Kingdom Death: Monster – Dragon King Expansion,2016,9.22,5.88,3.6,,330,Yes,https://boardgamegeek.com/boardgame/135034
2516,Man O' War,1993,7.2,5.88,2.63,4064,780,No,https://boardgamegeek.com/boardgame/2516
117914,Milestones,2012,6.58,5.88,2.6,4133,1255,No,https://boardgamegeek.com/boardgame/117914
25071,Munchkin Cthulhu,2007,6.2,5.88,1.72,4097,5736,No,https://boardgamegeek.com/boardgame/25071
19996,Nacht der Magier,2005,6.63,5.88,1.11,4085,1214,No,https://boardgamegeek.com/boardgame/19996
108044,Nefarious,2011,6.24,5.88,1.73,4113,2830,No,https://boardgamegeek.com/boardgame/108044
138896,Neuroshima Hex! 3.0: Sharrash,2013,7.98,5.88,2.58,,461,Yes,https://boardgamegeek.com/boardgame/138896
127095,Origin,2013,6.58,5.88,2.16,4090,1344,No,https://boardgamegeek.com/boardgame/127095
3267,Pizarro & Co.,2002,6.51,5.88,2.44,4076,1468,No,https://boardgamegeek.com/boardgame/3267
137776,Praetor,2014,6.53,5.88,3.0,4129,1444,No,https://boardgamegeek.com/boardgame/137776
34320,Shanghaien,2008,6.53,5.88,1.47,4127,1419,No,https://boardgamegeek.com/boardgame/34320
4505,Tarot,1425,6.9,5.88,2.53,4054,1063,No,https://boardgamegeek.com/boardgame/4505
66855,The Dark Valley,2013,7.81,5.88,3.4,4114,540,No,https://boardgamegeek.com/boardgame/66855
40770,The Golden City,2009,6.56,5.88,2.26,4048,1505,No,https://boardgamegeek.com/boardgame/40770
41569,The Great Fire of London 1666,2010,6.47,5.88,2.56,4049,1642,No,https://boardgamegeek.com/boardgame/41569
20806,Three-Dragon Ante,2005,6.48,5.88,1.73,4132,1733,No,https://boardgamegeek.com/boardgame/20806
140951,Thunderstone: Starter Set,2013,6.93,5.88,2.31,4118,916,No,https://boardgamegeek.com/boardgame/140951
46158,Time's Up! Academy,2009,7.37,5.88,1.09,4058,632,No,https://boardgamegeek.com/boardgame/46158
135243,Triassic Terror,2013,6.88,5.88,2.86,4126,925,No,https://boardgamegeek.com/boardgame/135243
71655,Wok Star,2010,6.62,5.88,2.06,4128,1200,No,https://boardgamegeek.com/boardgame/71655
25729,World at War: Eisenbach Gap,2007,7.43,5.88,2.58,4124,661,No,https://boardgamegeek.com/boardgame/25729
117942,Zooloretto: The Dice Game,2012,6.33,5.88,1.24,4107,2090,No,https://boardgamegeek.com/boardgame/117942
103183,Agricola: World Championship Deck – 2011,2011,7.86,5.87,3.65,,453,Yes,https://boardgamegeek.com/boardgame/103183
134323,Archipelago: Solo Expansion,2012,7.13,5.87,3.53,,742,Yes,https://boardgamegeek.com/boardgame/134323
43307,Baltimore & Ohio,2009,7.14,5.87,3.74,4152,684,No,https://boardgamegeek.com/boardgame/43307
129122,Band of Brothers: Ghost Panzer,2013,7.9,5.87,2.73,4197,458,No,https://boardgamegeek.com/boardgame/129122
700,Battle Masters,1992,6.37,5.87,1.87,4143,2555,No,https://boardgamegeek.com/boardgame/700
141008,Carcassonne Big Box 2,2008,7.74,5.87,2.0,,503,No,https://boardgamegeek.com/boardgame/141008
118618,Carcassonne: Mage & Witch,2012,6.74,5.87,1.68,,1158,Yes,https://boardgamegeek.com/boardgame/118618
140361,Cards Against Humanity: Third Expansion,2013,6.55,5.87,1.28,,1722,Yes,https://boardgamegeek.com/boardgame/140361
56707,Colonia,2009,6.6,5.87,3.11,4167,1265,No,https://boardgamegeek.com/boardgame/56707
32165,Darjeeling,2007,6.55,5.87,2.21,4140,1373,No,https://boardgamegeek.com/boardgame/32165
29716,Die Siedler von Catan: Kartenspiel – Politik & Intrige,1999,7.03,5.87,2.54,,792,Yes,https://boardgamegeek.com/boardgame/29716
126008,Dungeon Command: Blood of Gruumsh,2013,7.53,5.87,2.48,4187,619,No,https://boardgamegeek.com/boardgame/126008
95699,Ghost Stories: Black Secret,2011,7.44,5.87,3.18,,601,Yes,https://boardgamegeek.com/boardgame/95699
39428,Ghost Stories: The Guardhouse Expansion,2008,7.43,5.87,2.82,,568,Yes,https://boardgamegeek.com/boardgame/39428
25621,Gloom: Unwelcome Guests,2007,6.69,5.87,1.82,,1238,Yes,https://boardgamegeek.com/boardgame/25621
1767,HeroQuest: Wizards of Morcar,1991,7.59,5.87,2.38,,580,Yes,https://boardgamegeek.com/boardgame/1767
40444,Livingstone,2009,6.43,5.87,2.02,4158,1698,No,https://boardgamegeek.com/boardgame/40444
39336,Mégawatts,2008,7.77,5.87,3.03,4156,465,No,https://boardgamegeek.com/boardgame/39336
4230,Napoleon's Last Battles,1976,7.27,5.87,2.36,,663,No,https://boardgamegeek.com/boardgame/4230
329,Russian Front,1985,7.25,5.87,3.31,4183,752,No,https://boardgamegeek.com/boardgame/329
79131,Star Trek: Expeditions,2011,6.46,5.87,2.42,4174,1593,No,https://boardgamegeek.com/boardgame/79131
56890,Steam Barons,2009,7.26,5.87,3.5,,650,Yes,https://boardgamegeek.com/boardgame/56890
76674,String Railway,2009,6.3,5.87,1.43,4170,2078,No,https://boardgamegeek.com/boardgame/76674
15369,The Devil's Cauldron: The Battles for Arnhem and Nijmegen,2008,8.23,5.87,3.84,4159,435,No,https://boardgamegeek.com/boardgame/15369
583,The El Grande Expansions,2000,7.33,5.87,3.08,,619,Yes,https://boardgamegeek.com/boardgame/583
23604,The World Cup Game,2006,7.07,5.87,1.98,4145,772,No,https://boardgamegeek.com/boardgame/23604
34127,Ticket to Ride: The Card Game,2008,6.12,5.87,1.88,4134,4141,No,https://boardgamegeek.com/boardgame/34127
18291,Unpublished Prototype,,6.74,5.87,2.59,4136,1344,No,https://boardgamegeek.com/boardgame/18291
626,War and Peace,1980,6.74,5.87,3.29,4190,1245,No,https://boardgamegeek.com/boardgame/626
63706,11 nimmt!,2010,6.34,5.86,1.2,4245,1902,No,https://boardgamegeek.com/boardgame/63706
22278,12 Thieves,2006,6.41,5.86,1.87,4236,1712,No,https://boardgamegeek.com/boardgame/22278
422,1835,1990,7.03,5.86,3.99,4289,756,No,https://boardgamegeek.com/boardgame/422
124847,1911 Amundsen vs Scott,2011,6.61,5.86,1.75,4264,1295,No,https://boardgamegeek.com/boardgame/124847
4385,A Gamut of Games,1969,7.77,5.86,2.32,,445,No,https://boardgamegeek.com/boardgame/4385
42902,A Touch of Evil: Hero Pack 1,2009,7.52,5.86,2.64,,585,Yes,https://boardgamegeek.com/boardgame/42902
15033,Australia,2005,6.48,5.86,2.39,4255,1427,No,https://boardgamegeek.com/boardgame/15033
20237,BANG! A Fistful of Cards,2005,6.49,5.86,1.57,,1559,Yes,https://boardgamegeek.com/boardgame/20237
29423,BattleLore: Goblin Skirmishers Specialist Pack,2007,7.45,5.86,2.56,,558,Yes,https://boardgamegeek.com/boardgame/29423
18985,Battleground,2005,6.94,5.86,2.82,4237,929,No,https://boardgamegeek.com/boardgame/18985
32341,Cockroach Salad,2007,6.14,5.86,1.14,4280,3420,No,https://boardgamegeek.com/boardgame/32341
86957,Combat Commander: Resistance!,2011,8.38,5.86,2.93,,356,Yes,https://boardgamegeek.com/boardgame/86957
2604,Compatibility,1995,6.57,5.86,1.11,4240,1407,No,https://boardgamegeek.com/boardgame/2604
37231,Comuni,2008,6.67,5.86,3.31,4251,1085,No,https://boardgamegeek.com/boardgame/37231
95234,Cthulhu Gloom,2011,6.38,5.86,1.79,4254,2082,No,https://boardgamegeek.com/boardgame/95234
2633,DOG,1997,6.33,5.86,1.42,4250,2165,No,https://boardgamegeek.com/boardgame/2633
1037,Deadlands: Doomtown,1998,7.26,5.86,3.02,4239,657,No,https://boardgamegeek.com/boardgame/1037
96713,Deadwood,2011,6.33,5.86,2.18,4215,2030,No,https://boardgamegeek.com/boardgame/96713
29717,Die Siedler von Catan: Kartenspiel – Wissenschaft & Fortschritt,1999,7.11,5.86,2.49,,690,Yes,https://boardgamegeek.com/boardgame/29717
139245,Dilluvia Project,2015,7.12,5.86,3.66,4287,671,No,https://boardgamegeek.com/boardgame/139245
1472,Five Crowns,1996,6.15,5.86,1.21,4249,4567,No,https://boardgamegeek.com/boardgame/1472
9800,For King and Country: ASL module 5a,2003,8.67,5.86,4.43,,341,Yes,https://boardgamegeek.com/boardgame/9800
25574,Gin Rummy,1909,6.39,5.86,1.69,4221,1807,No,https://boardgamegeek.com/boardgame/25574
12632,Goldbräu,2004,6.46,5.86,2.51,4252,1438,No,https://boardgamegeek.com/boardgame/12632
41003,Keltis: Der Weg der Steine Mitbringspiel,2009,6.46,5.86,1.24,4210,1455,No,https://boardgamegeek.com/boardgame/41003
83040,Leader 1: Hell of the North,2011,7.68,5.86,2.71,4214,502,No,https://boardgamegeek.com/boardgame/83040
18460,Lock 'n Load: Band of Heroes,2005,7.37,5.86,3.06,4262,637,No,https://boardgamegeek.com/boardgame/18460
24565,Magical Athlete,2003,6.54,5.86,1.3,4213,1313,No,https://boardgamegeek.com/boardgame/24565
110699,Mansions of Madness: ‘Til Death Do Us Part,2011,7.75,5.86,2.8,,494,Yes,https://boardgamegeek.com/boardgame/110699
2739,More Cosmic Encounter,1992,7.67,5.86,2.75,,498,Yes,https://boardgamegeek.com/boardgame/2739
29410,Municipium,2008,6.7,5.86,2.43,4273,1003,No,https://boardgamegeek.com/boardgame/29410
102148,NOIR: Deductive Mystery Game,2012,6.4,5.86,1.59,4227,1859,No,https://boardgamegeek.com/boardgame/102148
12681,Neuland,2004,6.45,5.86,3.7,4218,1491,No,https://boardgamegeek.com/boardgame/12681
1419,Pylos,1993,6.3,5.86,1.92,4268,2339,No,https://boardgamegeek.com/boardgame/1419
339,Quiddler,1998,6.16,5.86,1.42,4256,4007,No,https://boardgamegeek.com/boardgame/339
18500,Sator Arepo Tenet Opera Rotas,2008,6.86,5.86,2.41,4212,903,No,https://boardgamegeek.com/boardgame/18500
11949,Shifting Sands: The Campaign for North Africa  1940-1943,2006,7.34,5.86,3.18,4219,606,No,https://boardgamegeek.com/boardgame/11949
138170,Star Wars: The Card Game – Edge of Darkness,2013,7.65,5.86,3.1,,535,Yes,https://boardgamegeek.com/boardgame/138170
1736,Talisman: The Adventure,1986,6.89,5.86,2.03,,966,Yes,https://boardgamegeek.com/boardgame/1736
908,Tally Ho!,1973,6.16,5.86,1.48,4253,3179,No,https://boardgamegeek.com/boardgame/908
21713,The Werewolves of Miller's Hollow: New Moon,2005,6.63,5.86,1.52,,1207,Yes,https://boardgamegeek.com/boardgame/21713
40688,Treasure Chest,2009,7.23,5.86,2.62,,629,Yes,https://boardgamegeek.com/boardgame/40688
4090,2nd Fleet: Modern Naval Combat in the North Atlantic,1986,7.38,5.85,3.43,4297,635,No,https://boardgamegeek.com/boardgame/4090
25213,30 Seconds,2002,6.65,5.85,1.15,4361,1218,No,https://boardgamegeek.com/boardgame/25213
37235,Agricola: Z-Deck,2008,6.71,5.85,3.14,,1001,Yes,https://boardgamegeek.com/boardgame/37235
140709,Alhambra: Family Box,2011,7.25,5.85,2.0,,608,No,https://boardgamegeek.com/boardgame/140709
107407,Alien Frontiers: Faction Pack #1,2012,7.34,5.85,2.19,,556,Yes,https://boardgamegeek.com/boardgame/107407
4616,Arimaa,2002,7.23,5.85,3.2,4348,733,No,https://boardgamegeek.com/boardgame/4616
29095,BattleLore: Dwarven Battalion Specialist Pack,2007,7.43,5.85,2.6,,544,Yes,https://boardgamegeek.com/boardgame/29095
32391,BattleLore: Scottish Wars,2007,7.58,5.85,2.5,,498,Yes,https://boardgamegeek.com/boardgame/32391
6795,Battleball,2003,6.29,5.85,1.51,4313,2208,No,https://boardgamegeek.com/boardgame/6795
132428,BioShock Infinite: The Siege of Columbia,2013,6.65,5.85,2.92,4309,1189,No,https://boardgamegeek.com/boardgame/132428
17104,Canasta,1939,6.44,5.85,2.13,4310,1669,No,https://boardgamegeek.com/boardgame/17104
37301,Decktet,2008,7.44,5.85,1.97,4320,541,No,https://boardgamegeek.com/boardgame/37301
122889,Dominare,2012,6.79,5.85,3.48,4358,912,No,https://boardgamegeek.com/boardgame/122889
126247,Dungeon Petz: Bonus Pets,2012,7.45,5.85,3.3,,523,Yes,https://boardgamegeek.com/boardgame/126247
9,El Caballero,1998,6.43,5.85,2.94,4390,1473,No,https://boardgamegeek.com/boardgame/9
200,Entdecker,1996,6.42,5.85,2.25,4304,1551,No,https://boardgamegeek.com/boardgame/200
115293,Fortress America,2012,6.81,5.85,2.72,4301,971,No,https://boardgamegeek.com/boardgame/115293
84469,Fürstenfeld,2010,6.49,5.85,2.45,4344,1280,No,https://boardgamegeek.com/boardgame/84469
2290,Good & Bad Ghosts,1980,6.38,5.85,1.32,4372,1699,No,https://boardgamegeek.com/boardgame/2290
16621,Heroscape Expansion Set: Jandar's Oath,2005,7.69,5.85,2.39,,505,Yes,https://boardgamegeek.com/boardgame/16621
8608,Hollow Legions: ASL Module 7,1989,7.96,5.85,4.3,,445,Yes,https://boardgamegeek.com/boardgame/8608
46127,Jambo Expansion 2,2009,7.52,5.85,2.21,,498,Yes,https://boardgamegeek.com/boardgame/46127
2448,Kalah,1940,6.02,5.85,1.6,4365,8169,No,https://boardgamegeek.com/boardgame/2448
65673,Masques,2010,6.45,5.85,2.01,4338,1526,No,https://boardgamegeek.com/boardgame/65673
78954,Mousquetaires du Roy,2010,6.83,5.85,2.89,4351,882,No,https://boardgamegeek.com/boardgame/78954
140519,Myth,2014,6.51,5.85,3.85,4393,1709,No,https://boardgamegeek.com/boardgame/140519
21855,Niagara: The Spirits of Niagara,2006,6.83,5.85,2.12,,881,Yes,https://boardgamegeek.com/boardgame/21855
6688,Ninety-Nine,1974,7.18,5.85,2.1,4326,620,No,https://boardgamegeek.com/boardgame/6688
713,Nuclear War,1965,6.22,5.85,1.45,4373,3022,No,https://boardgamegeek.com/boardgame/713
85,Quebec 1759,1972,6.98,5.85,2.12,4388,792,No,https://boardgamegeek.com/boardgame/85
104733,Rallyman: Dirt,2011,7.99,5.85,2.32,,408,Yes,https://boardgamegeek.com/boardgame/104733
129090,Roll For It!,2011,6.15,5.85,1.05,4334,3406,No,https://boardgamegeek.com/boardgame/129090
38643,Runebound: The Frozen Wastes,2009,7.59,5.85,2.8,,522,Yes,https://boardgamegeek.com/boardgame/38643
3348,Santa Fe Rails,2001,6.8,5.85,2.5,4359,886,No,https://boardgamegeek.com/boardgame/3348
118215,Sausage Sizzle!,2012,6.54,5.85,1.05,4300,1255,No,https://boardgamegeek.com/boardgame/118215
75547,Shipwrights of the North Sea,2014,6.33,5.85,2.31,4318,1906,No,https://boardgamegeek.com/boardgame/75547
24920,Storm Over Stalingrad,2006,7.11,5.85,2.19,4369,664,No,https://boardgamegeek.com/boardgame/24920
91534,Struggle for Catan,2011,6.16,5.85,1.67,4384,3334,No,https://boardgamegeek.com/boardgame/91534
84772,"Sun, Sea & Sand",2010,6.88,5.85,2.63,4335,808,No,https://boardgamegeek.com/boardgame/84772
68858,Tanto Cuore: Expanding the House,2010,7.51,5.85,2.12,4353,586,No,https://boardgamegeek.com/boardgame/68858
7349,The Korean War: June 1950-May 1951,1986,7.67,5.85,3.61,4342,493,No,https://boardgamegeek.com/boardgame/7349
132020,The Lord of the Rings: The Card Game – The Steward's Fear,2013,8.0,5.85,3.0,,405,Yes,https://boardgamegeek.com/boardgame/132020
3409,The Napoleonic Wars,2002,7.02,5.85,3.49,4299,797,No,https://boardgamegeek.com/boardgame/3409
3655,The Settlers of Canaan,2002,6.72,5.85,2.32,4357,1379,No,https://boardgamegeek.com/boardgame/3655
3605,The Third World War: Battle for Germany,1984,7.76,5.85,3.45,4355,490,No,https://boardgamegeek.com/boardgame/3605
56885,The Werewolves of Miller's Hollow: The Village,2009,6.83,5.85,1.69,4343,855,No,https://boardgamegeek.com/boardgame/56885
34599,Toledo,2008,6.25,5.85,2.18,4293,2184,No,https://boardgamegeek.com/boardgame/34599
128063,Uchronia,2012,6.49,5.85,2.78,4382,1306,No,https://boardgamegeek.com/boardgame/128063
60131,Ugg-Tect,2009,6.29,5.85,1.19,4307,2012,No,https://boardgamegeek.com/boardgame/60131
137397,Via Appia,2013,6.58,5.85,2.0,4312,1175,No,https://boardgamegeek.com/boardgame/137397
19,Wacky Wacky West,1991,6.27,5.85,1.82,4319,2055,No,https://boardgamegeek.com/boardgame/19
37165,"Warhammer 40,000 (Fifth Edition)",2008,6.72,5.85,3.74,4336,1109,No,https://boardgamegeek.com/boardgame/37165
84838,Yomi (Second Edition),2014,7.39,5.85,2.74,4399,601,No,https://boardgamegeek.com/boardgame/84838
16494,Alhambra: The Thief's Turn,2005,7.02,5.84,2.32,,735,Yes,https://boardgamegeek.com/boardgame/16494
22279,Alhambra: The Treasure Chamber,2006,7.06,5.84,2.28,,686,Yes,https://boardgamegeek.com/boardgame/22279
1605,Ambush!: Purple Heart,1985,7.76,5.84,3.22,,461,Yes,https://boardgamegeek.com/boardgame/1605
3986,Battle for Germany,1975,7.19,5.84,2.11,4456,634,No,https://boardgamegeek.com/boardgame/3986
30231,BattleLore: Goblin Marauders Specialist Pack,2007,7.48,5.84,2.74,,520,Yes,https://boardgamegeek.com/boardgame/30231
93538,Battleship Galaxies,2011,6.54,5.84,2.39,4404,1283,No,https://boardgamegeek.com/boardgame/93538
35666,"Carcassonne: Cult, Siege & Creativity",2008,6.76,5.84,1.89,,963,Yes,https://boardgamegeek.com/boardgame/35666
25234,Catan Histories: Struggle for Rome,2006,6.43,5.84,2.55,4445,1466,No,https://boardgamegeek.com/boardgame/25234
38194,Cheaty Mages!,2008,6.25,5.84,1.61,4411,2160,No,https://boardgamegeek.com/boardgame/38194
112067,Commands & Colors: Napoleonics Expansion #4 – The Prussian Army,2014,8.42,5.84,2.29,,339,Yes,https://boardgamegeek.com/boardgame/112067
140863,Council of Verona,2013,6.28,5.84,1.37,4472,1929,No,https://boardgamegeek.com/boardgame/140863
31420,Cutthroat Caverns: Deeper & Darker,2007,7.07,5.84,2.26,,671,Yes,https://boardgamegeek.com/boardgame/31420
6613,"Downtown: Air War Over Hanoi, 1965-1972",2004,7.94,5.84,4.09,4400,454,No,https://boardgamegeek.com/boardgame/6613
3234,Dschunke,2002,6.6,5.84,2.53,4444,1131,No,https://boardgamegeek.com/boardgame/3234
17804,Dungeons & Dragons Basic Game,2004,6.86,5.84,3.07,4478,901,No,https://boardgamegeek.com/boardgame/17804
135262,Electronic Catch Phrase,2000,6.59,5.84,1.09,4450,1200,No,https://boardgamegeek.com/boardgame/135262
170,Family Business,1982,6.08,5.84,1.32,4482,4351,No,https://boardgamegeek.com/boardgame/170
19854,Federation Commander: Klingon Border,2005,7.45,5.84,3.39,4421,581,No,https://boardgamegeek.com/boardgame/19854
140150,Fortune and Glory: Treasure Hunters Expansion,2013,7.74,5.84,2.73,,457,Yes,https://boardgamegeek.com/boardgame/140150
8609,Gung Ho!: ASL Module 9,1992,8.17,5.84,4.5,,385,Yes,https://boardgamegeek.com/boardgame/8609
30977,Heroscape Expansion Set: Ticalla Jungle,2008,8.2,5.84,2.27,,370,Yes,https://boardgamegeek.com/boardgame/30977
139131,Hoplomachus: Rise of Rome,2013,7.94,5.84,2.95,4463,404,No,https://boardgamegeek.com/boardgame/139131
25674,Khronos,2006,6.29,5.84,3.56,4433,1904,No,https://boardgamegeek.com/boardgame/25674
131339,Mansions of Madness: The Yellow Sign,2012,7.84,5.84,3.25,,446,Yes,https://boardgamegeek.com/boardgame/131339
36345,Monty Python Fluxx,2008,6.08,5.84,1.34,4423,5628,No,https://boardgamegeek.com/boardgame/36345
5942,Mystery Rummy: Al Capone and the Chicago Underworld,2003,6.85,5.84,1.59,4408,850,No,https://boardgamegeek.com/boardgame/5942
120605,Neuroshima: Convoy,2012,6.62,5.84,2.59,4476,1134,No,https://boardgamegeek.com/boardgame/120605
101020,PAX,2011,6.75,5.84,2.14,4412,895,No,https://boardgamegeek.com/boardgame/101020
59417,PitchCar: Extension 5 – The Cross,2009,7.58,5.84,1.06,,452,Yes,https://boardgamegeek.com/boardgame/59417
380,Polarity,1986,6.33,5.84,1.68,4451,1787,No,https://boardgamegeek.com/boardgame/380
55201,Power Grid: Transformer Station,2009,7.38,5.84,2.62,,543,Yes,https://boardgamegeek.com/boardgame/55201
135116,Rent a Hero,2012,6.28,5.84,1.47,4484,1913,No,https://boardgamegeek.com/boardgame/135116
1459,Sharp Shooters,1994,6.44,5.84,1.24,4442,1407,No,https://boardgamegeek.com/boardgame/1459
17484,Silent War,2005,7.35,5.84,3.39,4431,620,No,https://boardgamegeek.com/boardgame/17484
29663,Star Fleet Battles: Captain's Edition Basic Set,1990,7.6,5.84,4.3,4449,547,No,https://boardgamegeek.com/boardgame/29663
670,Starship Troopers,1976,6.6,5.84,3.09,4413,1306,No,https://boardgamegeek.com/boardgame/670
3141,The Bucket King,2002,6.34,5.84,1.23,4438,1643,No,https://boardgamegeek.com/boardgame/3141
9028,Tongiaki: Journey into the Unknown,2004,6.21,5.84,1.95,4471,2377,No,https://boardgamegeek.com/boardgame/9028
38777,Tribune: Expansion,2008,7.26,5.84,2.89,,573,Yes,https://boardgamegeek.com/boardgame/38777
19829,Valor of the Guards: ASL Historical Module Number 7,2008,8.73,5.84,4.49,,304,Yes,https://boardgamegeek.com/boardgame/19829
1645,War of 1812,1973,7.03,5.84,2.09,4427,717,No,https://boardgamegeek.com/boardgame/1645
155,Was sticht?,1993,6.98,5.84,2.38,4481,713,No,https://boardgamegeek.com/boardgame/155
35614,Where There Is Discord: War in the South Atlantic,2009,7.87,5.84,3.11,4415,432,No,https://boardgamegeek.com/boardgame/35614
28025,Wicked Witches Way,2006,6.37,5.84,1.47,4464,1548,No,https://boardgamegeek.com/boardgame/28025
7104,Ace of Aces: Powerhouse Series,1981,7.37,5.83,1.81,4587,561,No,https://boardgamegeek.com/boardgame/7104
58601,Advanced Squad Leader: Starter Kit Expansion Pack #1,2011,8.3,5.83,3.63,,358,Yes,https://boardgamegeek.com/boardgame/58601
20080,Aqua Romana,2005,6.32,5.83,2.16,4517,1731,No,https://boardgamegeek.com/boardgame/20080
131118,Asgard,2012,6.72,5.83,3.8,4560,933,No,https://boardgamegeek.com/boardgame/131118
110,Auf Achse,1987,6.25,5.83,1.94,4559,2079,No,https://boardgamegeek.com/boardgame/110
25794,Axis & Allies: War at Sea,2007,7.05,5.83,2.11,4511,786,No,https://boardgamegeek.com/boardgame/25794
107794,BANG! Gold Rush,2011,6.73,5.83,2.04,,1009,Yes,https://boardgamegeek.com/boardgame/107794
66508,BANG! Wild West Show,2010,6.71,5.83,1.86,,1030,Yes,https://boardgamegeek.com/boardgame/66508
97915,Bios: Megafauna,2011,6.83,5.83,3.7,4549,820,No,https://boardgamegeek.com/boardgame/97915
235,Blackbeard,1991,6.4,5.83,3.22,4582,1541,No,https://boardgamegeek.com/boardgame/235
22287,Buccaneer,2006,6.26,5.83,1.58,4569,1849,No,https://boardgamegeek.com/boardgame/22287
1430,Caesar: Epic Battle of Alesia,1976,7.15,5.83,2.95,4513,688,No,https://boardgamegeek.com/boardgame/1430
129320,Castle Dice,2013,6.61,5.83,2.25,4552,1063,No,https://boardgamegeek.com/boardgame/129320
38657,Cities,2008,6.44,5.83,1.66,4579,1250,No,https://boardgamegeek.com/boardgame/38657
40531,Cosmic Encounter,2000,6.43,5.83,2.31,4574,1390,No,https://boardgamegeek.com/boardgame/40531
122891,Courtier,2012,6.63,5.83,2.36,4567,976,No,https://boardgamegeek.com/boardgame/122891
111771,Cyclades: Hecate,2011,7.55,5.83,2.56,,486,Yes,https://boardgamegeek.com/boardgame/111771
72238,Defenders of the Realm: The Dragon Expansion,2010,7.67,5.83,2.73,,458,Yes,https://boardgamegeek.com/boardgame/72238
9498,Doomed Battalions: ASL Module 11,1998,8.29,5.83,4.43,,360,Yes,https://boardgamegeek.com/boardgame/9498
9408,Dos Rios,2004,6.41,5.83,2.52,4505,1467,No,https://boardgamegeek.com/boardgame/9408
29109,Dust,2007,6.41,5.83,2.61,4527,1511,No,https://boardgamegeek.com/boardgame/29109
41261,Empires: Builder Expansion,2011,7.55,5.83,2.93,,474,Yes,https://boardgamegeek.com/boardgame/41261
4370,Fische Fluppen Frikadellen,2002,6.58,5.83,2.54,4531,1057,No,https://boardgamegeek.com/boardgame/4370
140149,Fortune and Glory: Rise of the Crimson Hand,2013,7.66,5.83,2.93,,466,Yes,https://boardgamegeek.com/boardgame/140149
73863,Grimoire,2010,6.41,5.83,1.85,4509,1425,No,https://boardgamegeek.com/boardgame/73863
36424,"Gulf, Mobile & Ohio",2008,7.12,5.83,2.83,4542,594,No,https://boardgamegeek.com/boardgame/36424
30356,Heartland,2009,6.82,5.83,2.09,4576,771,No,https://boardgamegeek.com/boardgame/30356
10788,Hellenes: Campaigns of the Peloponnesian War,2009,7.39,5.83,3.0,4565,536,No,https://boardgamegeek.com/boardgame/10788
1765,HeroQuest: Against the Ogre Horde,1990,7.46,5.83,2.48,,562,Yes,https://boardgamegeek.com/boardgame/1765
35342,Hold the Line,2008,7.29,5.83,1.83,4507,567,No,https://boardgamegeek.com/boardgame/35342
545,Kaleidos,1994,6.69,5.83,1.23,4520,967,No,https://boardgamegeek.com/boardgame/545
6931,Katamino,1992,6.5,5.83,1.75,4564,1283,No,https://boardgamegeek.com/boardgame/6931
66085,Keltis: Das Orakel,2010,6.84,5.83,2.14,4575,774,No,https://boardgamegeek.com/boardgame/66085
227,Knightmare Chess,1994,6.44,5.83,2.6,,1411,Yes,https://boardgamegeek.com/boardgame/227
107863,Lancaster: The New Laws,2011,7.45,5.83,2.73,,473,Yes,https://boardgamegeek.com/boardgame/107863
124640,Mansions of Madness: House of Fears,2012,7.75,5.83,3.12,,453,Yes,https://boardgamegeek.com/boardgame/124640
37918,Memoir '44: Hedgerow Hell,2008,7.69,5.83,2.21,,455,Yes,https://boardgamegeek.com/boardgame/37918
32114,Merchants,2007,6.6,5.83,1.71,4534,1045,No,https://boardgamegeek.com/boardgame/32114
1565,Mississippi Queen: The Black Rose,1998,6.71,5.83,1.88,,870,Yes,https://boardgamegeek.com/boardgame/1565
33493,Munchkin 6: Demented Dungeons,2008,6.43,5.83,1.91,,2063,Yes,https://boardgamegeek.com/boardgame/33493
86955,Munchkin Zombies,2011,6.17,5.83,1.94,4488,3830,No,https://boardgamegeek.com/boardgame/86955
125853,Neuroshima Hex! 3.0: Dancer,2012,7.48,5.83,2.53,,512,Yes,https://boardgamegeek.com/boardgame/125853
25948,PitchCar: Extension 3 – Long Straights,2006,7.45,5.83,1.12,,474,Yes,https://boardgamegeek.com/boardgame/25948
38677,PitchCar: Extension 4 – Stunt Race,2008,7.23,5.83,1.18,,563,Yes,https://boardgamegeek.com/boardgame/38677
27172,Ponte del Diavolo,2007,6.47,5.83,2.32,4537,1291,No,https://boardgamegeek.com/boardgame/27172
105624,Poseidon's Kingdom,2011,6.75,5.83,2.39,4523,843,No,https://boardgamegeek.com/boardgame/105624
87627,Railways of Mexico,2010,7.7,5.83,2.78,,417,Yes,https://boardgamegeek.com/boardgame/87627
103132,Rapa Nui,2011,6.7,5.83,2.07,4506,919,No,https://boardgamegeek.com/boardgame/103132
5795,Richelieu,2003,6.57,5.83,1.9,4504,1103,No,https://boardgamegeek.com/boardgame/5795
10383,Risk: Godstorm,2004,6.28,5.83,2.7,4525,2750,No,https://boardgamegeek.com/boardgame/10383
1444,SPQR,1992,7.36,5.83,3.7,4588,525,No,https://boardgamegeek.com/boardgame/1444
98085,Seven Dragons,2011,6.27,5.83,1.29,4555,2154,No,https://boardgamegeek.com/boardgame/98085
31722,Steam over Holland,2007,7.24,5.83,3.77,4518,555,No,https://boardgamegeek.com/boardgame/31722
92869,Summoner Wars: Goodwin's Blade Reinforcement Pack,2011,7.95,5.83,2.6,,389,Yes,https://boardgamegeek.com/boardgame/92869
82428,Summoner Wars: Rukar's Power Reinforcement Pack,2010,7.9,5.83,2.4,,404,Yes,https://boardgamegeek.com/boardgame/82428
97357,Sunrise City,2012,6.56,5.83,2.34,4496,1106,No,https://boardgamegeek.com/boardgame/97357
33003,The Caucasus Campaign,2009,7.64,5.83,2.92,4580,456,No,https://boardgamegeek.com/boardgame/33003
37601,Tide of Iron: Normandy,2008,7.77,5.83,3.26,,453,Yes,https://boardgamegeek.com/boardgame/37601
75223,Utopia Engine,2010,6.85,5.83,2.03,4558,972,No,https://boardgamegeek.com/boardgame/75223
2228,War of the Ring,1977,6.7,5.83,3.48,4589,1044,No,https://boardgamegeek.com/boardgame/2228
2652,Wise and Otherwise,1997,6.65,5.83,1.49,4548,1109,No,https://boardgamegeek.com/boardgame/2652
1447,1841: Railways in Northern Italy,1994,7.93,5.82,4.39,4591,376,No,https://boardgamegeek.com/boardgame/1447
70647,Alien Frontiers: Outer Belt,2014,7.36,5.82,2.6,,498,Yes,https://boardgamegeek.com/boardgame/70647
11040,Armies of Oblivion: ASL Module 12,2006,8.46,5.82,4.4,,336,Yes,https://boardgamegeek.com/boardgame/11040
21892,Augsburg 1520,2006,6.42,5.82,2.65,4600,1300,No,https://boardgamegeek.com/boardgame/21892
1666,Battle Hymn,1986,7.59,5.82,3.3,4634,473,No,https://boardgamegeek.com/boardgame/1666
141320,Belfort: The Expansion Expansion,2013,7.57,5.82,2.89,,443,Yes,https://boardgamegeek.com/boardgame/141320
29308,Beowulf: The Movie Board Game,2007,6.31,5.82,2.14,4612,1647,No,https://boardgamegeek.com/boardgame/29308
34691,Catan: Traders & Barbarians – 5-6 Player Expansion,2008,6.88,5.82,2.45,,893,Yes,https://boardgamegeek.com/boardgame/34691
129156,"Celles: The Ardennes, December 23-27, 1944",2012,7.7,5.82,2.4,4686,425,No,https://boardgamegeek.com/boardgame/129156
834,Chronology,1996,6.53,5.82,1.38,4681,1205,No,https://boardgamegeek.com/boardgame/834
129341,Combat Commander: Battle Pack #5 – Fall of the West,2013,8.41,5.82,2.76,,310,Yes,https://boardgamegeek.com/boardgame/129341
67601,D-Day at Peleliu,2015,8.13,5.82,3.94,4613,389,No,https://boardgamegeek.com/boardgame/67601
29718,Die Siedler von Catan: Kartenspiel – Ritter & Händler,1999,6.97,5.82,2.44,,692,Yes,https://boardgamegeek.com/boardgame/29718
136594,Dragon's Hoard,2014,6.46,5.82,1.43,4595,1367,No,https://boardgamegeek.com/boardgame/136594
36367,Dust Tactics,2010,7.08,5.82,2.91,4652,744,No,https://boardgamegeek.com/boardgame/36367
444,Escape from the Hidden Castle,1989,6.22,5.82,1.13,4608,2240,No,https://boardgamegeek.com/boardgame/444
140125,Fallen,2014,7.77,5.82,3.07,4668,510,No,https://boardgamegeek.com/boardgame/140125
1768,Fireball Island,1986,6.44,5.82,1.33,4596,1824,No,https://boardgamegeek.com/boardgame/1768
3632,Foodie Forest,2002,6.38,5.82,1.42,4655,1370,No,https://boardgamegeek.com/boardgame/3632
4943,Formula Dé Circuits 3 & 4: Zandvoort 2 & SPA-Francorchamps,1997,7.64,5.82,1.83,,430,Yes,https://boardgamegeek.com/boardgame/4943
125993,France '40,2013,7.71,5.82,2.94,4693,418,No,https://boardgamegeek.com/boardgame/125993
22198,Great Wall of China,2006,6.17,5.82,1.85,4657,2245,No,https://boardgamegeek.com/boardgame/22198
31133,Ice Flow,2008,6.36,5.82,2.15,4641,1444,No,https://boardgamegeek.com/boardgame/31133
25584,If Wishes Were Fishes!,2007,6.47,5.82,1.95,4632,1207,No,https://boardgamegeek.com/boardgame/25584
124622,In Magnificent Style: Pickett's Charge at Gettysburg,2012,7.67,5.82,1.87,4641,453,No,https://boardgamegeek.com/boardgame/124622
19184,Lexio,2005,6.8,5.82,1.92,4673,802,No,https://boardgamegeek.com/boardgame/19184
3406,Lines of Action,1969,7.15,5.82,2.69,4617,615,No,https://boardgamegeek.com/boardgame/3406
5419,Magna Grecia,2003,6.62,5.82,2.95,4609,959,No,https://boardgamegeek.com/boardgame/5419
118402,Maharani,2012,6.55,5.82,2.02,4626,1064,No,https://boardgamegeek.com/boardgame/118402
104356,Mansions of Madness: The Silver Tablet,2011,7.42,5.82,2.68,,541,Yes,https://boardgamegeek.com/boardgame/104356
27112,Memoir '44: Overlord,2004,7.77,5.82,2.53,,410,Yes,https://boardgamegeek.com/boardgame/27112
23985,Midgard,2007,6.57,5.82,2.37,4644,1023,No,https://boardgamegeek.com/boardgame/23985
72667,Mijnlieff,2010,6.99,5.82,1.68,4646,733,No,https://boardgamegeek.com/boardgame/72667
371,Mystery Rummy: Murders in the Rue Morgue,1999,6.72,5.82,1.71,4598,878,No,https://boardgamegeek.com/boardgame/371
93971,Nile DeLuxor,2011,6.83,5.82,1.5,4664,752,No,https://boardgamegeek.com/boardgame/93971
41490,Phantom Leader,2010,7.45,5.82,2.6,4594,516,No,https://boardgamegeek.com/boardgame/41490
73538,Pirate Fluxx,2011,6.2,5.82,1.4,4622,2933,No,https://boardgamegeek.com/boardgame/73538
68228,Railways of the World: The Card Game,2010,6.63,5.82,2.21,4631,951,No,https://boardgamegeek.com/boardgame/68228
2998,Reds! The Russian Civil War 1918-1921,2001,7.28,5.82,3.1,4693,600,No,https://boardgamegeek.com/boardgame/2998
67731,Revolution! The Palace,2010,7.35,5.82,2.23,,508,Yes,https://boardgamegeek.com/boardgame/67731
139562,Rockwell,2013,7.04,5.82,3.2,4615,644,No,https://boardgamegeek.com/boardgame/139562
31503,Slide 5,2007,6.54,5.82,1.29,4637,1088,No,https://boardgamegeek.com/boardgame/31503
140135,Small World Designer Edition,2015,8.94,5.82,2.58,,266,No,https://boardgamegeek.com/boardgame/140135
104573,Spectaculum,2012,6.57,5.82,1.77,4628,986,No,https://boardgamegeek.com/boardgame/104573
1036,Speculation,1992,6.67,5.82,2.02,4658,901,No,https://boardgamegeek.com/boardgame/1036
4095,Star Munchkin,2002,6.1,5.82,1.74,4627,5193,No,https://boardgamegeek.com/boardgame/4095
82429,Summoner Wars: Grungor's Charge Reinforcement Pack,2010,7.88,5.82,2.45,,398,Yes,https://boardgamegeek.com/boardgame/82429
68247,The Mines of Zavandor,2010,6.55,5.82,2.61,4662,1046,No,https://boardgamegeek.com/boardgame/68247
1710,The Siege of Jerusalem (Third Edition),1989,7.15,5.82,3.87,4671,609,No,https://boardgamegeek.com/boardgame/1710
1741,The Talisman: Dungeon,1987,6.52,5.82,2.1,,1332,Yes,https://boardgamegeek.com/boardgame/1741
13297,Ticket to Ride: Mystery Train Expansion,2004,6.64,5.82,1.81,,951,Yes,https://boardgamegeek.com/boardgame/13297
5684,18EU: Railroading in Europe From the 1830s to the 1930s,2001,7.47,5.81,4.24,4769,436,No,https://boardgamegeek.com/boardgame/5684
109139,Alhambra: Queenie 1 – The Magical Buildings,2011,7.32,5.81,1.9,,485,Yes,https://boardgamegeek.com/boardgame/109139
141,Andromeda,1999,6.39,5.81,2.22,4738,1337,No,https://boardgamegeek.com/boardgame/141
137154,Auf Teufel komm raus,2013,6.89,5.81,1.57,4703,715,No,https://boardgamegeek.com/boardgame/137154
29259,Axis & Allies:  Guadalcanal,2007,6.94,5.81,2.57,4761,789,No,https://boardgamegeek.com/boardgame/29259
2689,British Rails,1984,6.94,5.81,2.56,4728,723,No,https://boardgamegeek.com/boardgame/2689
136440,Canterbury,2013,6.93,5.81,3.09,4760,657,No,https://boardgamegeek.com/boardgame/136440
131449,Captains of Industry,2015,7.05,5.81,3.79,4711,608,No,https://boardgamegeek.com/boardgame/131449
81726,Combat Commander: Battle Pack #4 – New Guinea,2011,8.38,5.81,3.0,,303,Yes,https://boardgamegeek.com/boardgame/81726
37208,Court of the Medici,2009,6.6,5.81,1.91,4765,922,No,https://boardgamegeek.com/boardgame/37208
1323,Cry Havoc,1981,6.92,5.81,2.27,4713,797,No,https://boardgamegeek.com/boardgame/1323
122159,Cthulhu Fluxx,2012,6.1,5.81,1.43,4734,3695,No,https://boardgamegeek.com/boardgame/122159
35522,Cutthroat Caverns: Relics & Ruin,2008,7.42,5.81,2.45,,487,Yes,https://boardgamegeek.com/boardgame/35522
306,Die Siedler von Catan: Historische Szenarien,1998,6.52,5.81,2.52,,1111,Yes,https://boardgamegeek.com/boardgame/306
23,Divine Right,1979,7.21,5.81,3.16,4700,706,No,https://boardgamegeek.com/boardgame/23
6139,Duel of Ages Set 2: Intensity,2003,7.41,5.81,2.98,,490,Yes,https://boardgamegeek.com/boardgame/6139
6281,Eketorp,2003,6.34,5.81,2.08,4763,1444,No,https://boardgamegeek.com/boardgame/6281
158,Elfengold,1999,6.94,5.81,2.59,,665,Yes,https://boardgamegeek.com/boardgame/158
71021,Evolution: The Origin of Species,2010,6.24,5.81,2.07,4704,2580,No,https://boardgamegeek.com/boardgame/71021
107190,Flash Duel: Second Edition,2011,6.81,5.81,1.61,4758,806,No,https://boardgamegeek.com/boardgame/107190
130402,Formula D: Circuits 4 – Grand Prix of Baltimore & Buddh,2013,7.63,5.81,2.24,,433,Yes,https://boardgamegeek.com/boardgame/130402
121766,Glory to Rome: Republic Expansion,2012,7.49,5.81,2.9,,441,Yes,https://boardgamegeek.com/boardgame/121766
4529,Hellas,2002,6.17,5.81,2.05,4741,2152,No,https://boardgamegeek.com/boardgame/4529
4212,Here Come the Rebels,1993,7.69,5.81,3.35,4759,409,No,https://boardgamegeek.com/boardgame/4212
4112,Hex,1942,6.75,5.81,3.02,4724,939,No,https://boardgamegeek.com/boardgame/4112
859,Illuminati,1982,6.17,5.81,2.48,4750,2697,No,https://boardgamegeek.com/boardgame/859
135179,Kingdom Death: Monster – Dung Beetle Knight Expansion,2016,9.02,5.81,4.0,,274,Yes,https://boardgamegeek.com/boardgame/135179
29687,Leaping Lemmings,2010,6.39,5.81,1.85,4714,1286,No,https://boardgamegeek.com/boardgame/29687
131891,Lost Legends,2013,6.35,5.81,2.44,4702,1475,No,https://boardgamegeek.com/boardgame/131891
8147,Maka Bana,2003,6.68,5.81,2.01,4768,898,No,https://boardgamegeek.com/boardgame/8147
135654,New Dawn,2014,6.8,5.81,2.98,4729,784,No,https://boardgamegeek.com/boardgame/135654
8613,Pegasus Bridge: ASL Historical Module 4,1997,8.12,5.81,4.33,,352,Yes,https://boardgamegeek.com/boardgame/8613
121041,Pluckin' Pairs,2012,6.76,5.81,1.07,4695,803,No,https://boardgamegeek.com/boardgame/121041
74390,Rolling Freight,2012,6.76,5.81,2.98,4706,783,No,https://boardgamegeek.com/boardgame/74390
102898,Sewer Pirats,2012,6.59,5.81,2.11,4771,1011,No,https://boardgamegeek.com/boardgame/102898
92870,Summoner Wars: Hawk's Strike Reinforcement Pack,2011,8.0,5.81,2.7,,362,Yes,https://boardgamegeek.com/boardgame/92870
75448,Tanto Cuore: Romantic Vacation,2010,7.49,5.81,2.45,4699,491,No,https://boardgamegeek.com/boardgame/75448
13293,Vs System,2004,6.79,5.81,2.6,4742,859,No,https://boardgamegeek.com/boardgame/13293
1431,War at Sea,1976,6.57,5.81,1.95,4710,1112,No,https://boardgamegeek.com/boardgame/1431
10991,WarCraft: The Board Game – Expansion Set,2004,6.88,5.81,2.88,,782,Yes,https://boardgamegeek.com/boardgame/10991
11265,Wellington: The Peninsular War 1812-1814,2005,6.95,5.81,3.2,4719,706,No,https://boardgamegeek.com/boardgame/11265
782,"Win, Place & Show",1966,6.76,5.81,2.08,4716,888,No,https://boardgamegeek.com/boardgame/782
3243,Wooly Wars,2002,6.1,5.81,1.65,4745,3003,No,https://boardgamegeek.com/boardgame/3243
10660,micropul,2004,6.75,5.81,1.91,4780,826,No,https://boardgamegeek.com/boardgame/10660
13123,500,1904,7.08,5.8,2.07,4878,601,No,https://boardgamegeek.com/boardgame/13123
283,Advanced Third Reich,1992,6.92,5.8,4.52,4851,811,No,https://boardgamegeek.com/boardgame/283
24070,Afrika: 2nd Edition,2006,7.54,5.8,2.67,4901,432,No,https://boardgamegeek.com/boardgame/24070
6707,Age of Mythology: The Boardgame,2003,6.14,5.8,2.93,4835,3318,No,https://boardgamegeek.com/boardgame/6707
86663,Ascension: Theme Pack – Rat King,2010,6.94,5.8,2.08,,667,Yes,https://boardgamegeek.com/boardgame/86663
22457,Axis & Allies: Battle of the Bulge,2006,6.78,5.8,2.65,4898,887,No,https://boardgamegeek.com/boardgame/22457
293,Bamboleo,1996,6.31,5.8,1.23,4801,1590,No,https://boardgamegeek.com/boardgame/293
550,Barbarossa,1988,6.32,5.8,1.55,4856,1546,No,https://boardgamegeek.com/boardgame/550
18803,Black Stories,2004,5.99,5.8,1.26,4888,5538,No,https://boardgamegeek.com/boardgame/18803
2981,Breaking Away,1991,7.31,5.8,2.27,4844,471,No,https://boardgamegeek.com/boardgame/2981
38749,Catan Geographies: Germany,2008,6.82,5.8,2.35,4875,736,No,https://boardgamegeek.com/boardgame/38749
47400,Chicago Express: Narrow Gauge & Erie Railroad Company,2009,7.13,5.8,2.51,,554,Yes,https://boardgamegeek.com/boardgame/47400
131682,City of Gears,2012,6.53,5.8,2.66,4831,1074,No,https://boardgamegeek.com/boardgame/131682
3128,Clippers,2002,6.55,5.8,2.61,4846,987,No,https://boardgamegeek.com/boardgame/3128
32014,Confucius,2008,6.78,5.8,3.72,4860,726,No,https://boardgamegeek.com/boardgame/32014
21380,Conquest of the Fallen Lands,2005,6.76,5.8,2.36,4886,788,No,https://boardgamegeek.com/boardgame/21380
71674,Defenders of the Realm: The Barbarian,2010,7.45,5.8,2.56,,460,Yes,https://boardgamegeek.com/boardgame/71674
29714,Die Siedler von Catan: Kartenspiel – Zauberer & Drachen,1999,6.69,5.8,2.52,,817,Yes,https://boardgamegeek.com/boardgame/29714
7804,Dracula,2003,6.23,5.8,1.92,4785,1813,No,https://boardgamegeek.com/boardgame/7804
5576,Dungeoneer: Tomb of the Lich Lord,2003,6.11,5.8,2.19,4822,2873,No,https://boardgamegeek.com/boardgame/5576
7929,Dungeons & Dragons Miniatures,2003,6.59,5.8,2.56,4870,1099,No,https://boardgamegeek.com/boardgame/7929
3452,Emerald,2002,6.33,5.8,1.66,4904,1373,No,https://boardgamegeek.com/boardgame/3452
21615,Heroscape Expansion Set: Zanafor's Discovery,2006,7.66,5.8,2.34,,414,Yes,https://boardgamegeek.com/boardgame/21615
19650,Il Principe,2005,6.41,5.8,2.84,4806,1223,No,https://boardgamegeek.com/boardgame/19650
102181,In a Grove,2010,6.34,5.8,1.41,4800,1455,No,https://boardgamegeek.com/boardgame/102181
135030,Kingdom Death: Monster – Flower Knight Expansion,2016,8.77,5.8,4.0,,300,Yes,https://boardgamegeek.com/boardgame/135030
6581,Korea: The Forgotten War,2003,8.05,5.8,4.24,4787,362,No,https://boardgamegeek.com/boardgame/6581
91034,Laser Chess,2011,6.63,5.8,2.71,4807,964,No,https://boardgamegeek.com/boardgame/91034
75789,Mai-Star,2010,6.49,5.8,1.89,4825,1143,No,https://boardgamegeek.com/boardgame/75789
3464,Melee,1977,7.29,5.8,2.22,4889,716,No,https://boardgamegeek.com/boardgame/3464
112869,Munchkin Apocalypse,2012,6.4,5.8,2.09,4873,1740,No,https://boardgamegeek.com/boardgame/112869
29568,Munchkin Cthulhu 2: Call of Cowthulhu,2007,6.56,5.8,1.72,,1268,Yes,https://boardgamegeek.com/boardgame/29568
3154,Nautilus,2002,6.34,5.8,2.67,4850,1479,No,https://boardgamegeek.com/boardgame/3154
10819,Navia Dratp,2004,7.15,5.8,2.89,4789,610,No,https://boardgamegeek.com/boardgame/10819
21754,Nottingham,2006,6.26,5.8,1.6,4820,1575,No,https://boardgamegeek.com/boardgame/21754
1213,Nuclear Escalation,1983,6.58,5.8,1.6,4795,1003,No,https://boardgamegeek.com/boardgame/1213
42743,Opera,2009,6.57,5.8,3.24,4793,1045,No,https://boardgamegeek.com/boardgame/42743
42898,Pocket Battles: Celts vs. Romans,2009,6.39,5.8,1.86,4869,1304,No,https://boardgamegeek.com/boardgame/42898
568,Rage,1983,6.18,5.8,1.47,4915,2172,No,https://boardgamegeek.com/boardgame/568
13393,Space Hulk: Genestealer Expansion,1990,7.22,5.8,2.65,,593,Yes,https://boardgamegeek.com/boardgame/13393
4211,Stonewall Jackson's Way,1992,7.64,5.8,3.35,4841,422,No,https://boardgamegeek.com/boardgame/4211
804,Thunder Road,1986,6.65,5.8,1.36,4813,909,No,https://boardgamegeek.com/boardgame/804
73114,Thunderstone: For the Dwarf Promo,2010,7.25,5.8,2.43,,498,Yes,https://boardgamegeek.com/boardgame/73114
53168,Triumvirate,2009,6.65,5.8,1.93,4912,804,No,https://boardgamegeek.com/boardgame/53168
4204,Tunisia,1995,7.73,5.8,4.08,4845,414,No,https://boardgamegeek.com/boardgame/4204
25420,Ur,2006,6.49,5.8,3.05,4855,1040,No,https://boardgamegeek.com/boardgame/25420
2535,Valley of the Mammoths,1991,6.44,5.8,2.52,4883,1225,No,https://boardgamegeek.com/boardgame/2535
124118,Village: Customer Expansion,2012,7.24,5.8,2.48,,516,Yes,https://boardgamegeek.com/boardgame/124118
651,Zero Down,1998,6.49,5.8,1.22,4916,1071,No,https://boardgamegeek.com/boardgame/651
33468,Zombie in My Pocket,2007,6.35,5.8,1.3,4910,1796,No,https://boardgamegeek.com/boardgame/33468
3312,1776: The Game of the American Revolutionary War,1974,6.56,5.79,3.09,4951,1097,No,https://boardgamegeek.com/boardgame/3312
96613,Alcatraz: The Scapegoat,2011,6.28,5.79,2.33,5026,1519,No,https://boardgamegeek.com/boardgame/96613
431,Alhambra: The Card Game,1992,6.43,5.79,1.71,5018,1100,No,https://boardgamegeek.com/boardgame/431
20609,Asia Engulfed,2007,7.47,5.79,3.8,4944,450,No,https://boardgamegeek.com/boardgame/20609
32989,Axis Empires: Totaler Krieg!,2011,8.25,5.79,4.32,5008,299,No,https://boardgamegeek.com/boardgame/32989
33665,Battle Above the Clouds,2010,8.17,5.79,3.69,4967,317,No,https://boardgamegeek.com/boardgame/33665
32022,BattleLore: Hill Giant,2006,7.21,5.79,2.08,,493,Yes,https://boardgamegeek.com/boardgame/32022
26189,Blue Moon City: Expansion Tile Sets 1 & 2,2006,7.33,5.79,2.15,,444,Yes,https://boardgamegeek.com/boardgame/26189
40214,Bombay,2009,6.18,5.79,2.04,4943,1927,No,https://boardgamegeek.com/boardgame/40214
1585,"Burma: The Campaign in Northern Burma, 1944",1999,7.86,5.79,4.0,4932,370,No,https://boardgamegeek.com/boardgame/1585
69120,Cadwallon: City of Thieves,2010,6.26,5.79,2.31,4985,1772,No,https://boardgamegeek.com/boardgame/69120
104994,City Tycoon,2011,6.48,5.79,2.79,4999,1015,No,https://boardgamegeek.com/boardgame/104994
3553,Close Action: The Age of Fighting Sail Vol. 1,1997,7.78,5.79,3.51,4971,402,No,https://boardgamegeek.com/boardgame/3553
1361,Die Siedler von Catan: Historische Szenarien II,2001,6.91,5.79,2.38,,635,Yes,https://boardgamegeek.com/boardgame/1361
94373,Dien Bien Phu: The Final Gamble,2014,8.46,5.79,3.04,4927,326,No,https://boardgamegeek.com/boardgame/94373
9825,Early American Chrononauts,2004,6.58,5.79,1.85,5015,967,No,https://boardgamegeek.com/boardgame/9825
403,Elk Fest,1999,6.17,5.79,1.05,4984,1918,No,https://boardgamegeek.com/boardgame/403
4471,Fist of Dragonstones,2002,6.15,5.79,1.86,4935,2189,No,https://boardgamegeek.com/boardgame/4471
3893,Full Thrust,1992,7.38,5.79,2.57,4941,475,No,https://boardgamegeek.com/boardgame/3893
57163,Gonzaga,2009,6.59,5.79,2.47,5000,879,No,https://boardgamegeek.com/boardgame/57163
22237,Hart an der Grenze,2005,6.48,5.79,1.41,5003,1024,No,https://boardgamegeek.com/boardgame/22237
27739,Hearts and Minds: Vietnam 1965-1975,2010,7.43,5.79,2.76,4981,424,No,https://boardgamegeek.com/boardgame/27739
26586,Heroscape Expansion Set: Dawn of Darkness,2006,7.69,5.79,2.41,,391,Yes,https://boardgamegeek.com/boardgame/26586
19679,Hordes,2006,7.5,5.79,3.32,4925,470,No,https://boardgamegeek.com/boardgame/19679
1552,Illuminati: New World Order,1994,6.4,5.79,2.89,5010,1331,No,https://boardgamegeek.com/boardgame/1552
2455,India Rails,1998,7.09,5.79,2.61,4928,586,No,https://boardgamegeek.com/boardgame/2455
13883,Jenseits von Theben,2004,7.11,5.79,2.42,4937,554,No,https://boardgamegeek.com/boardgame/13883
84159,Junta: Viva el Presidente!,2010,6.38,5.79,1.93,4947,1343,No,https://boardgamegeek.com/boardgame/84159
18289,Key Largo,2005,6.63,5.79,2.04,4996,900,No,https://boardgamegeek.com/boardgame/18289
140936,Keyflower: Key Celeste,2013,7.42,5.79,2.71,,440,Yes,https://boardgamegeek.com/boardgame/140936
5534,Light Speed,2003,6.34,5.79,1.17,5001,1264,No,https://boardgamegeek.com/boardgame/5534
31056,Micro Mutants: Evolution,2007,6.58,5.79,1.44,4929,950,No,https://boardgamegeek.com/boardgame/31056
22347,Monstrolicious,1998,6.48,5.79,1.33,4959,1056,No,https://boardgamegeek.com/boardgame/22347
111617,Neuroshima Hex! 3.0: Mephisto,2013,7.67,5.79,2.5,,396,Yes,https://boardgamegeek.com/boardgame/111617
101711,Nightfall: Blood Country,2011,7.36,5.79,2.7,,434,Yes,https://boardgamegeek.com/boardgame/101711
116858,Noah,2012,6.29,5.79,1.32,4924,1561,No,https://boardgamegeek.com/boardgame/116858
137290,Nosferatu,2013,6.57,5.79,1.39,4931,1025,No,https://boardgamegeek.com/boardgame/137290
5290,Partisan: ASL Module 4,1987,7.42,5.79,4.19,,493,Yes,https://boardgamegeek.com/boardgame/5290
4556,Patton's Best,1987,6.78,5.79,3.18,5009,822,No,https://boardgamegeek.com/boardgame/4556
1209,Pax Britannica: The Colonial Era 1880 to the Great War,1985,6.75,5.79,3.85,4987,815,No,https://boardgamegeek.com/boardgame/1209
8229,Pearladöra,2003,6.36,5.79,1.96,4948,1296,No,https://boardgamegeek.com/boardgame/8229
6955,Reiner Knizia's Decathlon,2003,6.29,5.79,1.21,4980,1435,No,https://boardgamegeek.com/boardgame/6955
135895,Rising Sun: ASL Module 13,2013,9.11,5.79,4.32,,240,Yes,https://boardgamegeek.com/boardgame/135895
4206,Roads to Gettysburg,1993,7.81,5.79,3.41,5006,358,No,https://boardgamegeek.com/boardgame/4206
115233,Rory's Story Cubes: Voyages,2011,6.46,5.79,1.05,5005,1101,No,https://boardgamegeek.com/boardgame/115233
17027,Sitting Ducks Gallery,2005,6.18,5.79,1.1,5019,2176,No,https://boardgamegeek.com/boardgame/17027
109632,Small World: Tunnels,2011,6.92,5.79,2.03,,660,Yes,https://boardgamegeek.com/boardgame/109632
30804,Song of Blades and Heroes: Revised Edition,2007,7.73,5.79,2.21,5020,411,No,https://boardgamegeek.com/boardgame/30804
98242,Star Trek Deck Building Game: The Next Generation,2011,6.46,5.79,2.47,5016,1227,No,https://boardgamegeek.com/boardgame/98242
136445,Summoner Wars: Phoenix Elves – Second Summoner,2013,8.03,5.79,2.38,,313,Yes,https://boardgamegeek.com/boardgame/136445
5336,Talisman (Third Edition),1994,6.35,5.79,2.09,4975,1701,No,https://boardgamegeek.com/boardgame/5336
8604,The Last Hurrah: ASL Module 6,1988,7.62,5.79,4.37,,433,Yes,https://boardgamegeek.com/boardgame/8604
22884,The Lord of the Rings: Battlefields,2007,7.14,5.79,3.08,,551,Yes,https://boardgamegeek.com/boardgame/22884
134946,The Lord of the Rings: The Card Game – Encounter at Amon Dîn,2013,7.85,5.79,2.83,,350,Yes,https://boardgamegeek.com/boardgame/134946
133167,The Lord of the Rings: The Card Game – The Drúadan Forest,2013,7.78,5.79,2.93,,358,Yes,https://boardgamegeek.com/boardgame/133167
14080,The Mighty Endeavor,2005,7.37,5.79,2.87,4945,480,No,https://boardgamegeek.com/boardgame/14080
2748,"Thirty Years War: Europe in Agony, 1618-1648",2001,6.88,5.79,3.16,4921,719,No,https://boardgamegeek.com/boardgame/2748
133285,Tin Goose,2016,6.98,5.79,2.95,4946,585,No,https://boardgamegeek.com/boardgame/133285
24304,Unspeakable Words,2007,6.23,5.79,1.32,5012,1651,No,https://boardgamegeek.com/boardgame/24304
2539,Urland,2001,6.58,5.79,2.59,5007,836,No,https://boardgamegeek.com/boardgame/2539
7479,WarCraft: The Board Game,2003,6.13,5.79,2.76,4961,2820,No,https://boardgamegeek.com/boardgame/7479
2247,Zero!: The Rise and Fall of The Imperial Japanese Air Force Dec 1941 - June 1942,2001,6.96,5.79,2.29,4969,624,No,https://boardgamegeek.com/boardgame/2247
20030,6 nimmt! Plus,2005,6.64,5.78,1.28,,866,Yes,https://boardgamegeek.com/boardgame/20030
99424,Age of Industry Expansion #1: Japan and Minnesota,2011,7.76,5.78,3.39,,330,Yes,https://boardgamegeek.com/boardgame/99424
19947,Ark,2005,6.25,5.78,2.2,5111,1420,No,https://boardgamegeek.com/boardgame/19947
92643,Artus,2011,6.35,5.78,2.22,5144,1135,No,https://boardgamegeek.com/boardgame/92643
65200,Asteroyds,2010,6.32,5.78,2.15,5129,1237,No,https://boardgamegeek.com/boardgame/65200
92120,Atlantis Rising,2012,6.48,5.78,2.54,5073,1021,No,https://boardgamegeek.com/boardgame/92120
35248,Batavia,2008,6.39,5.78,2.41,5038,1235,No,https://boardgamegeek.com/boardgame/35248
32021,BattleLore: Earth Elemental,2006,7.11,5.78,2.12,,507,Yes,https://boardgamegeek.com/boardgame/32021
31760,BattleTech: Total Warfare,2006,8.09,5.78,3.93,,320,Yes,https://boardgamegeek.com/boardgame/31760
21287,Bison: Thunder on the Prairie,2006,6.29,5.78,2.73,5146,1378,No,https://boardgamegeek.com/boardgame/21287
12004,Candamir: The First Settlers,2004,6.18,5.78,2.23,5064,1987,No,https://boardgamegeek.com/boardgame/12004
58798,Cardcassonne,2009,6.31,5.78,1.73,5132,1350,No,https://boardgamegeek.com/boardgame/58798
1679,Carrier: The Southwest Pacific Campaign – 1942-1943,1990,7.47,5.78,3.99,5052,442,No,https://boardgamegeek.com/boardgame/1679
125943,Corporate America,2013,7.19,5.78,2.16,5137,525,No,https://boardgamegeek.com/boardgame/125943
108224,Cyclades: The Manticore,2011,7.43,5.78,2.75,,429,Yes,https://boardgamegeek.com/boardgame/108224
8946,Da Vinci Code,2002,6.12,5.78,1.48,5082,2331,No,https://boardgamegeek.com/boardgame/8946
13005,Dance of Ibexes,2004,6.55,5.78,1.4,5081,892,No,https://boardgamegeek.com/boardgame/13005
22766,Die Siedler von Catan: Das Kartenspiel – 10th Anniversary Special Edition Tin Box,2006,7.51,5.78,2.55,,424,No,https://boardgamegeek.com/boardgame/22766
14533,Dungeon Twister: 3/4 Players Expansion,2005,6.98,5.78,3.02,,598,Yes,https://boardgamegeek.com/boardgame/14533
3146,El Grande: Grossinquisitor und Kolonien,1997,7.29,5.78,3.15,,444,Yes,https://boardgamegeek.com/boardgame/3146
73313,Elements,2010,6.72,5.78,1.32,5114,718,No,https://boardgamegeek.com/boardgame/73313
5293,G.I. Anvil of Victory: A Squad Leader Gamette,1982,7.03,5.78,4.34,,603,Yes,https://boardgamegeek.com/boardgame/5293
37654,Gloom: Unfortunate Expeditions,2009,6.67,5.78,1.8,,862,Yes,https://boardgamegeek.com/boardgame/37654
19363,Havoc: The Hundred Years War,2005,6.68,5.78,2.14,5087,765,No,https://boardgamegeek.com/boardgame/19363
22507,Heroscape Expansion Set: Thora's Vengeance,2006,7.5,5.78,2.19,,423,Yes,https://boardgamegeek.com/boardgame/22507
95,Igel Ärgern,1990,6.4,5.78,1.37,5090,1089,No,https://boardgamegeek.com/boardgame/95
63632,Jerusalem,2010,6.69,5.78,2.91,5101,803,No,https://boardgamegeek.com/boardgame/63632
109141,Kingdom Builder: Capitol,2011,6.93,5.78,1.79,,599,Yes,https://boardgamegeek.com/boardgame/109141
135523,Kingdom Death: Monster – Sunstalker Expansion,2016,9.0,5.78,4.0,,258,Yes,https://boardgamegeek.com/boardgame/135523
12896,La Bataille des Quatre Bras,1991,8.0,5.78,4.07,5115,362,No,https://boardgamegeek.com/boardgame/12896
6719,Liberty: The American Revolution 1775-83,2003,7.18,5.78,2.59,5051,524,No,https://boardgamegeek.com/boardgame/6719
41239,Mamma Mia! Plus,2009,6.97,5.78,1.42,5125,580,No,https://boardgamegeek.com/boardgame/41239
2250,Midway,1964,6.65,5.78,2.42,5067,962,No,https://boardgamegeek.com/boardgame/2250
130006,Mini Kubb,,7.23,5.78,1.23,5106,445,No,https://boardgamegeek.com/boardgame/130006
43578,Monster Chase,2009,6.31,5.78,1.03,5133,1342,No,https://boardgamegeek.com/boardgame/43578
109969,Mutant Meeples,2012,6.6,5.78,2.44,5046,860,No,https://boardgamegeek.com/boardgame/109969
1800,Mythos,1996,6.66,5.78,2.56,5116,857,No,https://boardgamegeek.com/boardgame/1800
69130,Next War: Korea,2012,8.02,5.78,4.3,5139,356,No,https://boardgamegeek.com/boardgame/69130
1830,Nippon Rails,1992,6.91,5.78,2.62,5062,650,No,https://boardgamegeek.com/boardgame/1830
12039,Once Upon a Time: Dark Tales,2004,6.8,5.78,1.45,,660,Yes,https://boardgamegeek.com/boardgame/12039
67181,PIX,2012,6.63,5.78,1.37,5055,800,No,https://boardgamegeek.com/boardgame/67181
20079,Pacific Typhoon,2008,6.6,5.78,2.0,5124,824,No,https://boardgamegeek.com/boardgame/20079
29805,Petits Meurtres & Faits Divers,2007,6.92,5.78,1.74,5130,617,No,https://boardgamegeek.com/boardgame/29805
133412,Railways of Great Britain,2013,7.85,5.78,2.71,,313,Yes,https://boardgamegeek.com/boardgame/133412
1372,Rise of the Luftwaffe,1993,7.07,5.78,2.14,5046,551,No,https://boardgamegeek.com/boardgame/1372
8257,Roads & Boats: &Cetera,2003,7.89,5.78,4.13,,330,Yes,https://boardgamegeek.com/boardgame/8257
130390,Ruhrschifffahrt 1769-1890,2012,7.13,5.78,3.52,5152,474,No,https://boardgamegeek.com/boardgame/130390
101865,Saga,2011,7.83,5.78,2.37,5039,378,No,https://boardgamegeek.com/boardgame/101865
123576,Sheepland,2012,6.51,5.78,1.76,5043,1025,No,https://boardgamegeek.com/boardgame/123576
7587,Solitaire ASL,1995,7.7,5.78,4.27,,387,Yes,https://boardgamegeek.com/boardgame/7587
12140,Stalingrad Pocket: 2nd Edition – The Wehrmacht's Greatest Disaster,1996,7.3,5.78,2.62,5103,481,No,https://boardgamegeek.com/boardgame/12140
17991,TAC,2004,7.11,5.78,1.97,5033,603,No,https://boardgamegeek.com/boardgame/17991
32838,The Battle for Normandy,2009,7.89,5.78,3.64,5053,365,No,https://boardgamegeek.com/boardgame/32838
140917,The Lord of the Rings: The Card Game – The Morgul Vale,2013,7.99,5.78,3.0,,311,Yes,https://boardgamegeek.com/boardgame/140917
3086,The Omega Virus,1992,6.49,5.78,1.79,5059,1190,No,https://boardgamegeek.com/boardgame/3086
125053,The Red Dragon Inn: Allies – Erin the Ever-Changing,2012,7.47,5.78,2.36,,483,Yes,https://boardgamegeek.com/boardgame/125053
29581,Tomb,2008,6.33,5.78,2.62,5045,1389,No,https://boardgamegeek.com/boardgame/29581
267,Tycoon,1998,6.75,5.78,2.64,5042,721,No,https://boardgamegeek.com/boardgame/267
13362,"Warhammer 40,000 (Fourth Edition)",2004,6.54,5.78,3.52,5043,1153,No,https://boardgamegeek.com/boardgame/13362
130552,Warhammer: The Game of Fantasy Battles (8th Edition),2010,7.4,5.78,4.36,5034,483,No,https://boardgamegeek.com/boardgame/130552
29387,Zombie Fluxx,2007,5.99,5.78,1.43,5078,6919,No,https://boardgamegeek.com/boardgame/29387
130680,iKNOW,2012,6.37,5.78,1.41,5068,1418,No,https://boardgamegeek.com/boardgame/130680
96026,18OE: On the Rails of the Orient Express,2014,8.01,5.77,4.52,5206,319,No,https://boardgamegeek.com/boardgame/96026
41636,Abandon Ship,2008,6.32,5.77,1.22,5195,1174,No,https://boardgamegeek.com/boardgame/41636
13925,Age of Steam Expansion #4: France and Italy,2004,7.43,5.77,3.73,,378,Yes,https://boardgamegeek.com/boardgame/13925
80642,Antics!,2010,6.89,5.77,2.67,5254,552,No,https://boardgamegeek.com/boardgame/80642
113293,Article 27: The UN Security Council Game,2012,6.44,5.77,2.11,5260,947,No,https://boardgamegeek.com/boardgame/113293
17970,Axis & Allies Miniatures,2005,6.52,5.77,2.31,5207,1140,No,https://boardgamegeek.com/boardgame/17970
130046,BANG! The Valley of Shadows,2011,7.34,5.77,1.93,,503,Yes,https://boardgamegeek.com/boardgame/130046
35669,Bastogne: Screaming Eagles Under Siege 18-27 Dec '44,2009,7.4,5.77,2.63,5177,424,No,https://boardgamegeek.com/boardgame/35669
34004,Big Points,2008,6.45,5.77,1.34,5245,957,No,https://boardgamegeek.com/boardgame/34004
392,Brawl,1999,6.37,5.77,1.36,5191,1205,No,https://boardgamegeek.com/boardgame/392
30909,Ca$h 'n Gun$: Yakuzas,2007,6.54,5.77,1.54,,867,Yes,https://boardgamegeek.com/boardgame/30909
8817,Call of Cthulhu: Collectible Card Game,2004,6.87,5.77,2.55,5231,686,No,https://boardgamegeek.com/boardgame/8817
118619,Carcassonne: The Messengers,2012,6.42,5.77,1.8,,1141,Yes,https://boardgamegeek.com/boardgame/118619
13301,Caribbean,2004,6.19,5.77,1.74,5208,1598,No,https://boardgamegeek.com/boardgame/13301
129508,Carson City: Gold & Guns,2012,7.65,5.77,3.06,,342,Yes,https://boardgamegeek.com/boardgame/129508
25823,Cartagena 2. The Pirate's Nest,2006,6.46,5.77,1.56,5187,955,No,https://boardgamegeek.com/boardgame/25823
29285,Case Blue,2007,8.25,5.77,4.54,5159,327,No,https://boardgamegeek.com/boardgame/29285
28218,Cash-a-Catch,2007,6.38,5.77,1.55,5185,1183,No,https://boardgamegeek.com/boardgame/28218
85405,Catacombs: Cavern of Soloth,2011,7.5,5.77,2.0,,375,Yes,https://boardgamegeek.com/boardgame/85405
86669,Catan Scenarios: Helpers of Catan,2010,7.17,5.77,2.13,,518,Yes,https://boardgamegeek.com/boardgame/86669
8672,Chrononauts: Lost Identities,2001,6.7,5.77,1.75,,775,Yes,https://boardgamegeek.com/boardgame/8672
125924,Clubs,2013,6.49,5.77,1.42,5272,903,No,https://boardgamegeek.com/boardgame/125924
8552,Corsari,2003,6.43,5.77,1.48,5158,1067,No,https://boardgamegeek.com/boardgame/8552
12234,"DAK2: The Campaign in North Africa, 1940-1942",2004,8.34,5.77,4.37,5217,312,No,https://boardgamegeek.com/boardgame/12234
541,Das Motorsportspiel,1995,7.46,5.77,2.0,5162,399,No,https://boardgamegeek.com/boardgame/541
118410,Dirty Pig,2012,6.14,5.77,1.05,5216,2322,No,https://boardgamegeek.com/boardgame/118410
20435,Dungeon Twister: Forces of Darkness,2005,7.68,5.77,3.3,,346,Yes,https://boardgamegeek.com/boardgame/20435
8207,Dungeoneer: Vault of the Fiends,2003,6.31,5.77,2.24,5160,1429,No,https://boardgamegeek.com/boardgame/8207
911,Empires of the Middle Ages,1980,7.2,5.77,3.54,5288,485,No,https://boardgamegeek.com/boardgame/911
122115,Escape: The Curse of the Temple – Queenie 1: The Pit,2012,7.2,5.77,1.5,,452,Yes,https://boardgamegeek.com/boardgame/122115
96704,Fealty,2011,6.66,5.77,2.44,5227,718,No,https://boardgamegeek.com/boardgame/96704
6539,Formula Dé Mini,2003,6.5,5.77,1.75,5168,925,No,https://boardgamegeek.com/boardgame/6539
80979,Fortuna,2011,6.47,5.77,2.4,5214,939,No,https://boardgamegeek.com/boardgame/80979
1717,"Freedom in the Galaxy: The Star Rebellions, 5764 AD",1979,6.75,5.77,3.96,5253,745,No,https://boardgamegeek.com/boardgame/1717
247,Gloria Picktoria,1996,6.33,5.77,1.4,5269,1158,No,https://boardgamegeek.com/boardgame/247
110524,"Goblins, Inc.",2012,6.36,5.77,2.35,5198,1155,No,https://boardgamegeek.com/boardgame/110524
58099,Granada,2009,6.98,5.77,2.22,5175,544,No,https://boardgamegeek.com/boardgame/58099
13532,Guderian's Blitzkrieg II,2001,8.14,5.77,4.35,5240,323,No,https://boardgamegeek.com/boardgame/13532
28165,Heroscape Expansion Set: Fields of Valor,2007,7.79,5.77,2.27,,351,Yes,https://boardgamegeek.com/boardgame/28165
119632,IOTA,2012,6.14,5.77,1.89,5242,2094,No,https://boardgamegeek.com/boardgame/119632
8668,Igloo Pop,2003,6.26,5.77,1.09,5252,1307,No,https://boardgamegeek.com/boardgame/8668
576,Illuminati: Y2K,1999,6.99,5.77,2.55,,622,Yes,https://boardgamegeek.com/boardgame/576
46807,Infinite City,2009,6.16,5.77,1.89,5250,1819,No,https://boardgamegeek.com/boardgame/46807
65568,Jäger und Sammler,2010,6.72,5.77,1.94,5230,675,No,https://boardgamegeek.com/boardgame/65568
6263,King's Breakfast,2003,6.17,5.77,1.18,5270,1606,No,https://boardgamegeek.com/boardgame/6263
25900,Kingdom of Heaven: The Crusader States 1097-1291,2012,7.63,5.77,3.31,5183,365,No,https://boardgamegeek.com/boardgame/25900
87821,Kingdom of Solomon,2012,6.82,5.77,2.76,5261,628,No,https://boardgamegeek.com/boardgame/87821
9675,La Strada,2004,6.21,5.77,1.84,5236,1461,No,https://boardgamegeek.com/boardgame/9675
30932,Lascaux,2007,6.34,5.77,1.57,5165,1145,No,https://boardgamegeek.com/boardgame/30932
56796,Let's Catch the Lion!,2008,6.55,5.77,1.71,5188,876,No,https://boardgamegeek.com/boardgame/56796
63539,Lupus in Tabula,2001,6.49,5.77,1.21,5262,1033,No,https://boardgamegeek.com/boardgame/63539
52328,Malifaux,2009,7.48,5.77,3.24,5201,421,No,https://boardgamegeek.com/boardgame/52328
14683,Men of Iron,2005,6.89,5.77,2.75,5264,598,No,https://boardgamegeek.com/boardgame/14683
1452,Mhing,1982,6.71,5.77,2.12,5200,738,No,https://boardgamegeek.com/boardgame/1452
104232,"Munchkin 8: Half Horse, Will Travel",2012,6.74,5.77,2.08,,904,Yes,https://boardgamegeek.com/boardgame/104232
113927,Nightfall: The Coldest War,2012,7.23,5.77,2.78,5155,456,No,https://boardgamegeek.com/boardgame/113927
23995,No Peace Without Spain!: The War of the Spanish Succession 1702-1713,2011,7.6,5.77,2.72,5238,390,No,https://boardgamegeek.com/boardgame/23995
29602,Okko: Era of the Asagiri,2008,6.71,5.77,2.24,5248,792,No,https://boardgamegeek.com/boardgame/29602
5770,Orchard,1986,6.34,5.77,1.03,5249,1249,No,https://boardgamegeek.com/boardgame/5770
125050,Pay Dirt,2014,6.66,5.77,2.56,5218,748,No,https://boardgamegeek.com/boardgame/125050
22950,Play Nine,2004,6.47,5.77,1.15,5273,1085,No,https://boardgamegeek.com/boardgame/22950
103339,Reluctant Enemies: Operation Exporter,2014,7.95,5.77,3.57,5189,338,No,https://boardgamegeek.com/boardgame/103339
91189,Ristorante Italia,2011,6.81,5.77,2.4,5242,668,No,https://boardgamegeek.com/boardgame/91189
37728,Rock the Beat,2008,6.26,5.77,1.06,5205,1527,No,https://boardgamegeek.com/boardgame/37728
18626,Runebound: Artifacts and Allies,2005,7.11,5.77,2.45,,530,Yes,https://boardgamegeek.com/boardgame/18626
70230,Runebound: Mists of Zanaga,2010,7.61,5.77,2.88,,395,Yes,https://boardgamegeek.com/boardgame/70230
6817,Schafkopf,1780,7.46,5.77,2.75,5184,423,No,https://boardgamegeek.com/boardgame/6817
3224,Sherlock Holmes Consulting Detective: The Mansion Murders,1983,7.66,5.77,2.62,,350,Yes,https://boardgamegeek.com/boardgame/3224
3730,Statis Pro Baseball,1971,7.24,5.77,2.15,5210,546,No,https://boardgamegeek.com/boardgame/3730
93544,Steam: Map Expansion #1,2011,7.76,5.77,3.71,,319,Yes,https://boardgamegeek.com/boardgame/93544
136447,Summoner Wars: Guild Dwarves – Second Summoner,2013,8.0,5.77,2.29,,301,Yes,https://boardgamegeek.com/boardgame/136447
127784,Suspend,2012,6.24,5.77,1.0,5179,1639,No,https://boardgamegeek.com/boardgame/127784
3577,Terrible Swift Sword: Battle of Gettysburg Game,1976,7.52,5.77,4.18,5244,418,No,https://boardgamegeek.com/boardgame/3577
137773,The Lord of the Rings: The Card Game – Assault on Osgiliath,2013,7.75,5.77,2.85,,343,Yes,https://boardgamegeek.com/boardgame/137773
137095,The Witches,2013,6.17,5.77,1.67,5209,2045,No,https://boardgamegeek.com/boardgame/137095
140457,Ultimate Werewolf: Inquisition,2013,6.51,5.77,1.68,5235,941,No,https://boardgamegeek.com/boardgame/140457
1338,Volldampf,2001,6.82,5.77,2.84,5202,608,No,https://boardgamegeek.com/boardgame/1338
4985,Warmaster,2000,7.25,5.77,2.88,5220,484,No,https://boardgamegeek.com/boardgame/4985
20295,WeyKick,2001,6.95,5.77,1.03,5211,539,No,https://boardgamegeek.com/boardgame/20295
156,Wildlife Adventure,1985,6.83,5.77,1.88,5224,648,No,https://boardgamegeek.com/boardgame/156
29294,World of Warcraft: The Adventure Game,2008,6.18,5.77,2.56,5225,2141,No,https://boardgamegeek.com/boardgame/29294
130236,7 Wonders: Leaders – Esteban,2012,7.08,5.76,2.05,,505,Yes,https://boardgamegeek.com/boardgame/130236
4047,Across 5 Aprils,1992,7.04,5.76,2.34,5401,501,No,https://boardgamegeek.com/boardgame/4047
119337,Aeroplanes: Aviation Ascendant,2012,6.55,5.76,2.92,5344,814,No,https://boardgamegeek.com/boardgame/119337
27385,Alchemist,2007,6.22,5.76,2.2,5305,1483,No,https://boardgamegeek.com/boardgame/27385
3137,Anno Domini: Erfindungen,1999,6.67,5.76,1.47,5352,738,No,https://boardgamegeek.com/boardgame/3137
4173,Anzio: The Struggle for Italy – 1943-1945,1969,6.78,5.76,3.2,5405,687,No,https://boardgamegeek.com/boardgame/4173
3548,Assault on Hoth: The Empire Strikes Back,1988,6.99,5.76,2.21,5340,565,No,https://boardgamegeek.com/boardgame/3548
4553,Attribute,2002,6.33,5.76,1.18,5364,1120,No,https://boardgamegeek.com/boardgame/4553
935,Australian Rails,1994,6.99,5.76,2.65,5390,560,No,https://boardgamegeek.com/boardgame/935
123185,Axis & Allies: 1941,2012,6.4,5.76,2.79,5441,1421,No,https://boardgamegeek.com/boardgame/123185
72809,Barbarossa,2010,6.75,5.76,2.58,5402,681,No,https://boardgamegeek.com/boardgame/72809
123160,Battle For Souls,2013,6.87,5.76,2.37,5303,677,No,https://boardgamegeek.com/boardgame/123160
756,Black Vienna,1987,6.99,5.76,2.62,5434,489,No,https://boardgamegeek.com/boardgame/756
21464,California,2006,6.21,5.76,1.8,5388,1447,No,https://boardgamegeek.com/boardgame/21464
13300,Carcassonne: Die Katharer,2004,6.95,5.76,1.91,,586,Yes,https://boardgamegeek.com/boardgame/13300
31506,Cliffhanger,2007,6.19,5.76,1.21,5366,1511,No,https://boardgamegeek.com/boardgame/31506
10814,Dawn Under,2004,6.36,5.76,1.64,5411,1079,No,https://boardgamegeek.com/boardgame/10814
854,Doge,2000,6.53,5.76,2.55,5344,825,No,https://boardgamegeek.com/boardgame/854
1339,Dungeon!,1975,6.01,5.76,1.55,5444,4564,No,https://boardgamegeek.com/boardgame/1339
98347,Empires of the Void,2012,6.69,5.76,2.92,5432,702,No,https://boardgamegeek.com/boardgame/98347
139433,Fields of Fire 2,2019,8.22,5.76,4.5,5450,302,No,https://boardgamegeek.com/boardgame/139433
789,Focus,1963,6.47,5.76,2.38,5437,892,No,https://boardgamegeek.com/boardgame/789
132758,Fool's Gold,2015,6.91,5.76,2.12,5346,566,No,https://boardgamegeek.com/boardgame/132758
47046,Gambit 7,2008,6.74,5.76,1.06,5327,660,No,https://boardgamegeek.com/boardgame/47046
24843,Graenaland,2006,6.67,5.76,3.02,5433,688,No,https://boardgamegeek.com/boardgame/24843
1821,Grant Takes Command,2001,7.93,5.76,3.67,5424,298,No,https://boardgamegeek.com/boardgame/1821
68305,High Frontier Expansion,2010,7.98,5.76,4.21,,285,Yes,https://boardgamegeek.com/boardgame/68305
3661,Imperium: Empires in Conflict – Worlds in the Balance,1977,6.91,5.76,2.61,5369,600,No,https://boardgamegeek.com/boardgame/3661
20101,Kaivai,2005,6.96,5.76,3.74,5447,498,No,https://boardgamegeek.com/boardgame/20101
139992,Kaosball: The Fantasy Sport of Total Domination,2014,6.53,5.76,2.51,5451,819,No,https://boardgamegeek.com/boardgame/139992
132150,Lancaster: Henry V – The Power of the King,2012,7.65,5.76,3.0,,326,Yes,https://boardgamegeek.com/boardgame/132150
122878,Last Night on Earth: Blood in the Forest,2013,7.83,5.76,2.71,,339,Yes,https://boardgamegeek.com/boardgame/122878
130605,Lost Valley: The Yukon Goldrush 1896,2014,6.7,5.76,2.89,5367,667,No,https://boardgamegeek.com/boardgame/130605
3383,Mahé,1974,6.37,5.76,1.21,5293,1102,No,https://boardgamegeek.com/boardgame/3383
10947,Master Thieves,2004,6.56,5.76,2.37,5319,805,No,https://boardgamegeek.com/boardgame/10947
64826,Moongha Invaders: Mad Scientists and Atomic Monsters Attack the Earth!,2010,6.58,5.76,2.65,5380,781,No,https://boardgamegeek.com/boardgame/64826
192,Nicht die Bohne!,1999,6.31,5.76,1.35,5304,1143,No,https://boardgamegeek.com/boardgame/192
2363,Orient Express,1985,6.68,5.76,2.28,5378,773,No,https://boardgamegeek.com/boardgame/2363
23953,Outside the Scope of BGG,,6.58,5.76,1.73,5430,763,No,https://boardgamegeek.com/boardgame/23953
39534,Paper Safari,2008,6.71,5.76,1.19,5428,716,No,https://boardgamegeek.com/boardgame/39534
14356,PitchCar Mini: Extension,2004,7.04,5.76,1.11,,467,Yes,https://boardgamegeek.com/boardgame/14356
131386,Railways of North America,2013,7.73,5.76,2.71,,310,Yes,https://boardgamegeek.com/boardgame/131386
5445,Rod Hockey,1932,7.28,5.76,1.43,5431,413,No,https://boardgamegeek.com/boardgame/5445
129614,Rondo,2012,6.59,5.76,1.35,5359,763,No,https://boardgamegeek.com/boardgame/129614
89415,Rory's Story Cubes: Actions,2007,6.34,5.76,1.18,5382,1156,No,https://boardgamegeek.com/boardgame/89415
18624,Runebound: The Dark Forest,2005,7.17,5.76,2.17,,478,Yes,https://boardgamegeek.com/boardgame/18624
92644,Schnappt Hubi!,2011,6.88,5.76,1.3,5333,584,No,https://boardgamegeek.com/boardgame/92644
20857,"Shadows over Camelot: Sir Bedivere, the 8th Knight",2005,7.14,5.76,2.22,,453,Yes,https://boardgamegeek.com/boardgame/20857
20782,Siam,2005,6.55,5.76,2.07,5309,828,No,https://boardgamegeek.com/boardgame/20782
2073,Sixth Fleet: Modern Naval Combat in the Mediterranean,1985,7.04,5.76,3.28,5446,577,No,https://boardgamegeek.com/boardgame/2073
40107,"Soviet Dawn: The Russian Civil War, 1918-1921",2009,7.07,5.76,1.68,5389,494,No,https://boardgamegeek.com/boardgame/40107
7523,Space Crusade: Mission Dreadnought,1991,7.2,5.76,2.6,,517,Yes,https://boardgamegeek.com/boardgame/7523
4214,Stonewall in the Valley,1995,7.75,5.76,3.39,5323,355,No,https://boardgamegeek.com/boardgame/4214
68,Successors: The Battles for Alexander's Empire (First/Second Edition),1997,7.02,5.76,3.23,5419,519,No,https://boardgamegeek.com/boardgame/68
39832,Sumeria,2009,6.56,5.76,2.25,5449,789,No,https://boardgamegeek.com/boardgame/39832
113228,Summoner Wars: Taliya's Spirit Reinforcement Pack,2012,7.94,5.76,2.38,,309,Yes,https://boardgamegeek.com/boardgame/113228
1740,Talisman: City,1989,6.38,5.76,2.23,,1164,Yes,https://boardgamegeek.com/boardgame/1740
17394,"The Burning Blue: The Battle of Britain, 1940",2006,7.71,5.76,4.04,5360,370,No,https://boardgamegeek.com/boardgame/17394
139413,The Lord of the Rings: The Card Game – The Blood of Gondor,2013,7.79,5.76,2.92,,317,Yes,https://boardgamegeek.com/boardgame/139413
321,The Mole in the Hole,1995,6.29,5.76,1.28,5361,1210,No,https://boardgamegeek.com/boardgame/321
132195,The Resistance: Avalon Promo Cards,2012,7.21,5.76,1.97,,462,Yes,https://boardgamegeek.com/boardgame/132195
37696,The Stars Are Right,2008,6.27,5.76,2.43,5387,1431,No,https://boardgamegeek.com/boardgame/37696
92091,Thunderstone: Promo Pack,2011,7.33,5.76,2.25,,393,Yes,https://boardgamegeek.com/boardgame/92091
3230,Tyros,2002,6.45,5.76,2.46,5294,960,No,https://boardgamegeek.com/boardgame/3230
139326,UGO!,2013,6.53,5.76,1.64,5396,797,No,https://boardgamegeek.com/boardgame/139326
2536,Vabanque,2001,6.49,5.76,1.65,5368,882,No,https://boardgamegeek.com/boardgame/2536
4154,Yu-Gi-Oh! Trading Card Game,1999,6.31,5.76,2.95,5291,2039,No,https://boardgamegeek.com/boardgame/4154
1899,13 Dead End Drive,1993,6.12,5.75,1.39,5456,2808,No,https://boardgamegeek.com/boardgame/1899
816,2038: Tycoons of the Asteroid Belt,1995,7.11,5.75,4.02,5561,438,No,https://boardgamegeek.com/boardgame/816
4286,A Game of Thrones Collectible Card Game,2002,6.86,5.75,2.9,5542,618,No,https://boardgamegeek.com/boardgame/4286
31954,"A Victory Denied: Crisis at Smolensk, July-September, 1941",2009,7.22,5.75,2.56,5510,436,No,https://boardgamegeek.com/boardgame/31954
39256,Agricola: Ö-Deck,2008,7.02,5.75,3.03,,495,Yes,https://boardgamegeek.com/boardgame/39256
88282,Alien Frontiers: The Mind Control Helmet,2011,7.1,5.75,2.26,,423,Yes,https://boardgamegeek.com/boardgame/88282
15157,Amazonas,2005,6.23,5.75,2.13,5567,1408,No,https://boardgamegeek.com/boardgame/15157
1612,Ambush!: Silver Star,1987,7.69,5.75,3.16,,337,Yes,https://boardgamegeek.com/boardgame/1612
45134,Arcana,2009,6.09,5.75,2.06,5484,1947,No,https://boardgamegeek.com/boardgame/45134
165,Black Box,1977,6.4,5.75,2.06,5586,930,No,https://boardgamegeek.com/boardgame/165
12903,Carcassonne: The Count of Carcassonne,2004,5.97,5.75,2.01,,3322,Yes,https://boardgamegeek.com/boardgame/12903
12543,Catan Card Game: Barbarians & Traders Upgrade Kit,2003,7.05,5.75,2.57,,504,Yes,https://boardgamegeek.com/boardgame/12543
20038,Catan: Event Cards,2005,6.5,5.75,1.85,,882,Yes,https://boardgamegeek.com/boardgame/20038
1883,Cataphract,1999,7.59,5.75,3.4,5472,365,No,https://boardgamegeek.com/boardgame/1883
93897,Defenders of the Realm: Hero Expansion #1,2011,7.61,5.75,2.73,,331,Yes,https://boardgamegeek.com/boardgame/93897
132022,Dixit: 2012 Asmodee Special Cards,2012,7.43,5.75,1.6,,354,Yes,https://boardgamegeek.com/boardgame/132022
139583,Dungeon Roll: Hero Booster Pack #1,2013,6.42,5.75,1.62,,968,Yes,https://boardgamegeek.com/boardgame/139583
101786,Dust Tactics: Revised Core Set,2011,7.33,5.75,2.56,,465,Yes,https://boardgamegeek.com/boardgame/101786
127312,Enigma,2012,6.39,5.75,2.06,5524,969,No,https://boardgamegeek.com/boardgame/127312
107704,Fief,2011,7.2,5.75,3.7,5547,447,No,https://boardgamegeek.com/boardgame/107704
1545,Flowerpower,2001,6.58,5.75,1.48,5503,741,No,https://boardgamegeek.com/boardgame/1545
134711,Guilds of Cadwallon,2013,6.49,5.75,1.8,5578,847,No,https://boardgamegeek.com/boardgame/134711
2077,Hell's Highway: Operation Market Garden,1983,7.35,5.75,3.67,5489,421,No,https://boardgamegeek.com/boardgame/2077
31005,Heroscape Expansion Set: Defenders of Kinsland,2008,7.7,5.75,2.6,,337,Yes,https://boardgamegeek.com/boardgame/31005
6248,Killer Bunnies and the Quest for the Magic Carrot: RED Booster,2002,6.37,5.75,2.03,,1294,Yes,https://boardgamegeek.com/boardgame/6248
229,King of the Elves,1999,6.2,5.75,2.02,5571,1349,No,https://boardgamegeek.com/boardgame/229
1677,Knightmare Chess 2,1998,6.73,5.75,2.78,,654,Yes,https://boardgamegeek.com/boardgame/1677
61027,Last Night on Earth: Zombies with Grave Weapons Miniature Set,2010,7.26,5.75,2.26,,481,Yes,https://boardgamegeek.com/boardgame/61027
41052,Loco Motive,2009,6.43,5.75,1.08,5563,886,No,https://boardgamegeek.com/boardgame/41052
3828,Locomotive Werks,2002,6.76,5.75,2.89,5549,595,No,https://boardgamegeek.com/boardgame/3828
38984,MOW,2008,6.12,5.75,1.08,5498,1803,No,https://boardgamegeek.com/boardgame/38984
2876,Mage Knight Dungeons,2002,6.72,5.75,2.48,5568,716,No,https://boardgamegeek.com/boardgame/2876
42929,Martian Rails,2009,7.18,5.75,3.2,5463,451,No,https://boardgamegeek.com/boardgame/42929
31920,Munchkin Booty,2008,6.17,5.75,1.94,5509,2336,No,https://boardgamegeek.com/boardgame/31920
1212,Nuclear Proliferation,1992,6.58,5.75,1.48,5495,803,No,https://boardgamegeek.com/boardgame/1212
66081,Pocket Battles: Elves vs. Orcs,2010,6.48,5.75,2.07,5511,871,No,https://boardgamegeek.com/boardgame/66081
16497,Rat Hot,2005,6.3,5.75,1.47,5596,1109,No,https://boardgamegeek.com/boardgame/16497
103233,Rattus: Africanus,2011,7.06,5.75,2.12,,443,Yes,https://boardgamegeek.com/boardgame/103233
65225,Road Kill Rally,2010,6.37,5.75,2.07,5593,1017,No,https://boardgamegeek.com/boardgame/65225
18622,Runebound: The Scepter of Kyros,2005,7.16,5.75,2.45,,458,Yes,https://boardgamegeek.com/boardgame/18622
18625,Runebound: The Terrors of the Tomb,2005,7.19,5.75,2.44,,445,Yes,https://boardgamegeek.com/boardgame/18625
364,Samarkand,1980,6.38,5.75,1.94,5565,928,No,https://boardgamegeek.com/boardgame/364
10686,Star Munchkin 2: The Clown Wars,2004,6.4,5.75,1.81,,1223,Yes,https://boardgamegeek.com/boardgame/10686
5740,Strat-O-Matic Pro Football,1968,7.32,5.75,2.81,5577,460,No,https://boardgamegeek.com/boardgame/5740
136448,Summoner Wars: Cave Goblins – Second Summoner,2013,8.01,5.75,2.29,,275,Yes,https://boardgamegeek.com/boardgame/136448
113224,Summoner Wars: Piclo's Magic Reinforcement Pack,2012,7.93,5.75,2.78,,305,Yes,https://boardgamegeek.com/boardgame/113224
136446,Summoner Wars: Tundra Orcs – Second Summoner,2013,8.08,5.75,2.5,,274,Yes,https://boardgamegeek.com/boardgame/136446
11096,Tahuantinsuyu,2004,7.2,5.75,3.27,5499,406,No,https://boardgamegeek.com/boardgame/11096
70221,Tannhäuser: Revised Edition Rulebook,2010,7.72,5.75,2.63,,330,Yes,https://boardgamegeek.com/boardgame/70221
28805,The Lord of the Rings: Strategy Battle Game,2005,7.32,5.75,2.84,5581,442,No,https://boardgamegeek.com/boardgame/28805
129413,The Lord of the Rings: The Card Game – The Battle of Lake-town,2012,7.83,5.75,2.93,,291,Yes,https://boardgamegeek.com/boardgame/129413
67919,The Message,2009,6.97,5.75,2.39,5587,592,No,https://boardgamegeek.com/boardgame/67919
15826,Triumph of Chaos: The Russian Civil War 1918-1921,2005,7.56,5.75,4.36,5497,363,No,https://boardgamegeek.com/boardgame/15826
17651,Under the Lily Banners,2005,7.64,5.75,3.62,5529,337,No,https://boardgamegeek.com/boardgame/17651
38797,Uruk: Wiege der Zivilisation,2008,6.67,5.75,2.51,5504,653,No,https://boardgamegeek.com/boardgame/38797
128698,Vampire Empire,2012,6.63,5.75,2.15,5579,708,No,https://boardgamegeek.com/boardgame/128698
132326,Venetia,2013,7.0,5.75,3.16,5588,506,No,https://boardgamegeek.com/boardgame/132326
73150,Warhammer: Invasion – March of the Damned,2010,7.56,5.75,2.78,,360,Yes,https://boardgamegeek.com/boardgame/73150
62230,Wild Blue Yonder,2017,7.7,5.75,2.59,5464,359,No,https://boardgamegeek.com/boardgame/62230
128142,Winter,2012,7.89,5.75,3.14,,296,Yes,https://boardgamegeek.com/boardgame/128142
310,Wizard's Quest,1979,6.23,5.75,2.24,5512,1546,No,https://boardgamegeek.com/boardgame/310
35035,World at War: Blood and Bridges,2008,7.56,5.75,2.75,5486,385,No,https://boardgamegeek.com/boardgame/35035
4854,7th Fleet: Modern Naval Combat in the Far East,1987,7.26,5.74,3.59,5655,444,No,https://boardgamegeek.com/boardgame/4854
24878,AT-43 Initiation Set: Operation Damocles,2006,6.98,5.74,2.84,5620,556,No,https://boardgamegeek.com/boardgame/24878
30929,Age of Steam Expansion: Barbados / St. Lucia,2007,7.2,5.74,3.06,,391,Yes,https://boardgamegeek.com/boardgame/30929
84464,Animal Upon Animal: Balancing Bridge,2010,7.0,5.74,1.11,5599,467,No,https://boardgamegeek.com/boardgame/84464
8166,Anno 1503,2003,6.21,5.74,2.35,5630,1429,No,https://boardgamegeek.com/boardgame/8166
6751,Attack!: Expansion,2003,6.51,5.74,2.87,,911,Yes,https://boardgamegeek.com/boardgame/6751
14188,Bughouse Chess,1960,7.35,5.74,2.78,5641,376,No,https://boardgamegeek.com/boardgame/14188
137909,Bugs in the Kitchen,2013,6.01,5.74,1.05,5660,2526,No,https://boardgamegeek.com/boardgame/137909
655,Castle,2000,6.1,5.74,1.9,5662,1731,No,https://boardgamegeek.com/boardgame/655
103091,Catan Histories: Merchants of Europe,2011,6.65,5.74,2.43,5668,695,No,https://boardgamegeek.com/boardgame/103091
34410,Caylus: Jeweler promo tile,2005,7.39,5.74,3.3,,368,Yes,https://boardgamegeek.com/boardgame/34410
38026,Clue: Harry Potter Edition,2008,6.21,5.74,1.58,5716,1767,No,https://boardgamegeek.com/boardgame/38026
134269,Combat Commander: Battle Pack #6 – Sea Lion,2014,8.33,5.74,2.9,,230,Yes,https://boardgamegeek.com/boardgame/134269
1002,Cosmic Eidex,1998,6.88,5.74,2.73,5675,507,No,https://boardgamegeek.com/boardgame/1002
2129,Crossbows and Catapults,1983,6.64,5.74,1.3,5710,831,No,https://boardgamegeek.com/boardgame/2129
35595,Cutthroat Caverns: Tombs & Tomes,2009,7.45,5.74,2.67,,356,Yes,https://boardgamegeek.com/boardgame/35595
23890,Der schwarze Pirat,2006,6.51,5.74,1.14,5732,740,No,https://boardgamegeek.com/boardgame/23890
3118,Desert War,1989,7.88,5.74,3.38,,276,Yes,https://boardgamegeek.com/boardgame/3118
99134,"Dixit: Odyssey – ""Bunny"" Promo Card",2011,7.25,5.74,1.13,,390,Yes,https://boardgamegeek.com/boardgame/99134
2,Dragonmaster,1981,6.69,5.74,1.96,5663,626,No,https://boardgamegeek.com/boardgame/2
66424,Dungeon Run,2011,6.22,5.74,2.2,5601,1536,No,https://boardgamegeek.com/boardgame/66424
90009,Eselsbrücke,2011,6.98,5.74,1.7,5617,562,No,https://boardgamegeek.com/boardgame/90009
706,Frederick the Great: The Campaigns of The Soldier King 1756-1759,1975,6.97,5.74,2.68,5632,528,No,https://boardgamegeek.com/boardgame/706
125376,Gears of War: Mission Pack 1,2012,7.81,5.74,2.3,,316,Yes,https://boardgamegeek.com/boardgame/125376
32382,Gipsy King,2007,6.53,5.74,1.83,5605,764,No,https://boardgamegeek.com/boardgame/32382
6714,Go Away Monster!,1997,6.4,5.74,1.0,5612,884,No,https://boardgamegeek.com/boardgame/6714
34375,Go Nuts!,2008,6.39,5.74,1.05,5726,896,No,https://boardgamegeek.com/boardgame/34375
1745,Heroes for Dungeonquest,1987,7.12,5.74,2.29,,421,Yes,https://boardgamegeek.com/boardgame/1745
12677,High Bohn Plus,2004,6.78,5.74,2.06,,567,Yes,https://boardgamegeek.com/boardgame/12677
141816,Keyflower: Emporium & Monument,2013,7.55,5.74,2.83,,319,Yes,https://boardgamegeek.com/boardgame/141816
136137,Kingdom Death: Monster – Slenderman Expansion,2016,8.84,5.74,4.0,,236,Yes,https://boardgamegeek.com/boardgame/136137
112109,Kolejka: Ogonek,2011,7.03,5.74,2.12,,517,Yes,https://boardgamegeek.com/boardgame/112109
33531,Last Night on Earth 'Stock Up' Supplement,2007,7.3,5.74,2.1,,405,Yes,https://boardgamegeek.com/boardgame/33531
40387,Le Havre Expansion: Essen Promo Cards,2008,7.45,5.74,2.92,,333,Yes,https://boardgamegeek.com/boardgame/40387
6663,Lunar Rails,2003,6.9,5.74,2.76,5676,559,No,https://boardgamegeek.com/boardgame/6663
42244,Martinique,2009,6.26,5.74,1.88,5755,1131,No,https://boardgamegeek.com/boardgame/42244
75260,Memoir '44: Disaster at Dieppe,2010,7.84,5.74,1.93,,295,Yes,https://boardgamegeek.com/boardgame/75260
55834,Mosaix,2009,6.53,5.74,1.39,5746,704,No,https://boardgamegeek.com/boardgame/55834
31847,Munchkin Cthulhu 3: The Unspeakable Vault,2008,6.54,5.74,1.78,,903,Yes,https://boardgamegeek.com/boardgame/31847
5825,Paris Paris,2003,6.22,5.74,1.95,5681,1226,No,https://boardgamegeek.com/boardgame/5825
97803,Penny Arcade: The Game – Gamers vs. Evil,2011,6.45,5.74,2.24,5743,928,No,https://boardgamegeek.com/boardgame/97803
123885,Pick-a-Dog,2012,6.14,5.74,1.06,5737,1560,No,https://boardgamegeek.com/boardgame/123885
10653,Pirates of the Spanish Main,2004,6.11,5.74,1.78,5693,2899,No,https://boardgamegeek.com/boardgame/10653
31545,Pow Wow,2006,6.57,5.74,1.15,5610,717,No,https://boardgamegeek.com/boardgame/31545
4324,Risk: The Lord of the Rings,2002,5.95,5.74,2.27,5614,5101,No,https://boardgamegeek.com/boardgame/4324
18627,Runebound: Relics of Legend,2005,7.01,5.74,2.19,,480,Yes,https://boardgamegeek.com/boardgame/18627
3413,Saratoga,1998,7.13,5.74,2.55,5690,430,No,https://boardgamegeek.com/boardgame/3413
74823,Shogun: Tenno's Court,2011,7.13,5.74,2.8,,431,Yes,https://boardgamegeek.com/boardgame/74823
1705,Slapshot,1982,6.31,5.74,1.3,5642,1073,No,https://boardgamegeek.com/boardgame/1705
7062,Smarty Party!,2003,6.6,5.74,1.4,5653,682,No,https://boardgamegeek.com/boardgame/7062
55601,Sneaks & Snitches,2010,6.3,5.74,1.41,5741,976,No,https://boardgamegeek.com/boardgame/55601
3593,Star Wars: Star Warriors,1987,6.9,5.74,3.18,5680,558,No,https://boardgamegeek.com/boardgame/3593
38318,Start Player,2008,6.34,5.74,1.0,5618,961,No,https://boardgamegeek.com/boardgame/38318
65534,The Ares Project,2011,6.56,5.74,3.3,5723,707,No,https://boardgamegeek.com/boardgame/65534
2470,The Extraordinary Adventures of Baron Munchausen,1998,7.21,5.74,1.46,5619,402,No,https://boardgamegeek.com/boardgame/2470
10934,The Game of Things,2002,6.08,5.74,1.2,5660,2574,No,https://boardgamegeek.com/boardgame/10934
5651,The Longest Day,1979,7.25,5.74,4.13,5670,500,No,https://boardgamegeek.com/boardgame/5651
755,Thunder at Cassino,1987,7.11,5.74,3.1,5650,459,No,https://boardgamegeek.com/boardgame/755
33261,Thurn and Taxis: All Roads Lead to Rome,2008,6.44,5.74,2.13,,866,Yes,https://boardgamegeek.com/boardgame/33261
4258,Totaler Krieg! World War II in Europe,1999,7.43,5.74,4.01,5714,352,No,https://boardgamegeek.com/boardgame/4258
26055,Twilight Imperium: Second Edition,2000,6.85,5.74,3.46,5640,586,No,https://boardgamegeek.com/boardgame/26055
13507,WINK,1994,6.57,5.74,1.11,5609,760,No,https://boardgamegeek.com/boardgame/13507
11106,"Warhammer 40,000: Rogue Trader",1987,6.91,5.74,3.6,5728,601,No,https://boardgamegeek.com/boardgame/11106
3463,Wizard,1978,7.32,5.74,2.26,5694,532,No,https://boardgamegeek.com/boardgame/3463
34496,World of Warcraft: Miniatures Game,2008,6.69,5.74,2.32,5740,820,No,https://boardgamegeek.com/boardgame/34496
64956,10 Days in the Americas,2010,6.67,5.73,1.37,5804,593,No,https://boardgamegeek.com/boardgame/64956
1493,1853,1989,6.79,5.73,4.17,5924,521,No,https://boardgamegeek.com/boardgame/1493
621,25 Words or Less,1996,6.58,5.73,1.51,5926,668,No,https://boardgamegeek.com/boardgame/621
41811,A Game of Thrones: The Card Game – Kings of the Sea,2009,7.33,5.73,3.0,,372,Yes,https://boardgamegeek.com/boardgame/41811
56954,A Game of Thrones: The Card Game – Princes of the Sun,2009,7.4,5.73,2.84,,353,Yes,https://boardgamegeek.com/boardgame/56954
122241,A Touch of Evil: Hero Pack 2,2012,7.83,5.73,3.0,,303,Yes,https://boardgamegeek.com/boardgame/122241
103182,Agricola: NL-Deck,2011,7.23,5.73,3.4,,401,Yes,https://boardgamegeek.com/boardgame/103182
25491,Alhambra: The Dice Game,2006,6.22,5.73,1.73,5836,1252,No,https://boardgamegeek.com/boardgame/25491
39328,Baltic Gap: Summer 1944,2009,7.9,5.73,4.14,5795,284,No,https://boardgamegeek.com/boardgame/39328
3487,BattleTech TCG,1996,6.54,5.73,2.47,5764,822,No,https://boardgamegeek.com/boardgame/3487
548,Buck Rogers: Battle for the 25th Century Game,1988,6.5,5.73,2.68,5803,865,No,https://boardgamegeek.com/boardgame/548
123905,Carcassonne: The Festival,2011,6.94,5.73,1.7,,483,Yes,https://boardgamegeek.com/boardgame/123905
13855,"Carthage: The First Punic War – The Ancient World, Vol. II",2005,7.43,5.73,4.03,5874,344,No,https://boardgamegeek.com/boardgame/13855
344,Classic Art,1996,6.59,5.73,2.08,5766,681,No,https://boardgamegeek.com/boardgame/344
122877,Conquest of Planet Earth: Apocalypse,2012,7.5,5.73,2.59,,306,Yes,https://boardgamegeek.com/boardgame/122877
35935,Day & Night,2007,6.58,5.73,2.46,5885,695,No,https://boardgamegeek.com/boardgame/35935
93898,Defenders of the Realm: Hero Expansion #2,2011,7.6,5.73,2.85,,300,Yes,https://boardgamegeek.com/boardgame/93898
132128,Escape: The Curse of the Temple – Queenie 2: Doomed,2012,7.02,5.73,1.45,,416,Yes,https://boardgamegeek.com/boardgame/132128
99312,Feudality,2011,6.46,5.73,2.2,5776,785,No,https://boardgamegeek.com/boardgame/99312
1535,Formula 1,1962,6.72,5.73,1.7,5853,679,No,https://boardgamegeek.com/boardgame/1535
4050,Fortress Europa,1978,6.71,5.73,3.15,5791,664,No,https://boardgamegeek.com/boardgame/4050
33963,Galaxy Trucker: Rough Road Ahead,2007,7.57,5.73,2.45,,306,Yes,https://boardgamegeek.com/boardgame/33963
21985,Giro Galoppo,2006,6.67,5.73,1.19,5780,610,No,https://boardgamegeek.com/boardgame/21985
13230,Gobblers,2003,6.32,5.73,1.3,5770,1212,No,https://boardgamegeek.com/boardgame/13230
124147,High Frontier Colonization,2013,8.22,5.73,4.36,,218,Yes,https://boardgamegeek.com/boardgame/124147
141067,History Maker Baseball,2013,8.2,5.73,2.2,5915,268,No,https://boardgamegeek.com/boardgame/141067
63740,Hotel Samoa,2010,6.22,5.73,2.09,5867,1119,No,https://boardgamegeek.com/boardgame/63740
138166,Huida de Silver City,2013,6.94,5.73,2.5,5841,531,No,https://boardgamegeek.com/boardgame/138166
28396,It's Alive!,2007,6.25,5.73,1.62,5889,1067,No,https://boardgamegeek.com/boardgame/28396
61458,Kaigan,2009,6.9,5.73,2.94,5812,461,No,https://boardgamegeek.com/boardgame/61458
8612,Kampfgruppe Peiper I: ASL Historical Module 2,1993,7.96,5.73,4.37,,293,Yes,https://boardgamegeek.com/boardgame/8612
135035,Kingdom Death: Monster – Manhunter Expansion,2016,8.78,5.73,4.0,,226,Yes,https://boardgamegeek.com/boardgame/135035
29355,Knister,2007,6.16,5.73,1.22,5807,1309,No,https://boardgamegeek.com/boardgame/29355
11865,Koi-Koi,1800,6.56,5.73,1.8,5907,744,No,https://boardgamegeek.com/boardgame/11865
12171,Le Passe-Trappe,2003,6.64,5.73,1.04,5790,623,No,https://boardgamegeek.com/boardgame/12171
54735,Lemming Mafia,2009,6.23,5.73,1.4,5798,1199,No,https://boardgamegeek.com/boardgame/54735
25727,Lock 'n Load Tactical: Day of Heroes,2008,7.67,5.73,2.9,5808,333,No,https://boardgamegeek.com/boardgame/25727
6542,Lock 'n Load: Forgotten Heroes – Vietnam,2003,7.37,5.73,3.11,5850,370,No,https://boardgamegeek.com/boardgame/6542
2150,London's Burning,1995,6.92,5.73,2.47,5877,497,No,https://boardgamegeek.com/boardgame/2150
40276,Masters of Venice,2009,6.62,5.73,3.65,5805,650,No,https://boardgamegeek.com/boardgame/40276
132975,Mice and Mystics: Lost Chapter – Cat's Cradle,2012,7.75,5.73,2.9,,313,Yes,https://boardgamegeek.com/boardgame/132975
90567,Munchkin 7: Cheat With Both Hands,2011,6.58,5.73,1.96,,884,Yes,https://boardgamegeek.com/boardgame/90567
2079,NATO: The Next War in Europe,1983,6.73,5.73,3.21,5827,630,No,https://boardgamegeek.com/boardgame/2079
7263,Nertz,1930,6.63,5.73,1.3,5818,721,No,https://boardgamegeek.com/boardgame/7263
66190,New York,2011,6.66,5.73,2.0,5933,589,No,https://boardgamegeek.com/boardgame/66190
29256,Origins: How We Became Human,2007,6.75,5.73,3.81,5887,536,No,https://boardgamegeek.com/boardgame/29256
121073,Panic Lab,2012,6.02,5.73,1.29,5846,2329,No,https://boardgamegeek.com/boardgame/121073
69552,Panic Station,2011,5.98,5.73,2.34,5779,3082,No,https://boardgamegeek.com/boardgame/69552
1498,Paydirt,1970,7.02,5.73,2.25,5854,514,No,https://boardgamegeek.com/boardgame/1498
26235,Pick & Pack,2007,6.47,5.73,1.88,5912,736,No,https://boardgamegeek.com/boardgame/26235
42490,Pony Express,2009,6.46,5.73,1.59,5878,770,No,https://boardgamegeek.com/boardgame/42490
91773,Resident Evil Deck Building Game: Alliance,2011,6.85,5.73,2.34,5916,626,No,https://boardgamegeek.com/boardgame/91773
130827,Rumble in the Dungeon,2012,6.33,5.73,1.11,5763,998,No,https://boardgamegeek.com/boardgame/130827
9829,Runebound,2004,6.23,5.73,2.52,5802,1611,No,https://boardgamegeek.com/boardgame/9829
9617,Russian Rails,2004,6.98,5.73,2.75,5883,452,No,https://boardgamegeek.com/boardgame/9617
9963,Santorini,2004,7.19,5.73,2.35,5862,398,No,https://boardgamegeek.com/boardgame/9963
831,Schrille Stille,1999,6.46,5.73,1.75,5831,758,No,https://boardgamegeek.com/boardgame/831
1376,Serengeti,2001,6.22,5.73,1.66,5792,1217,No,https://boardgamegeek.com/boardgame/1376
38821,Settlers of Catan: Gallery Edition,2008,6.76,5.73,2.29,5871,892,No,https://boardgamegeek.com/boardgame/38821
222,Space Beans,1999,6.09,5.73,1.38,5787,1581,No,https://boardgamegeek.com/boardgame/222
117995,"Spot it! 1,2,3",2012,6.28,5.73,1.03,5910,1082,No,https://boardgamegeek.com/boardgame/117995
81250,Stich-Meister,2010,6.74,5.73,1.79,5799,541,No,https://boardgamegeek.com/boardgame/81250
4210,Stonewall's Last Battle: The Chancellorsville Campaign,1996,7.55,5.73,3.2,5765,338,No,https://boardgamegeek.com/boardgame/4210
1992,Stop Thief,1979,6.41,5.73,1.67,5809,959,No,https://boardgamegeek.com/boardgame/1992
126942,Summoner Wars: Bellor's Retribution Reinforcement Pack,2012,7.93,5.73,2.44,,274,Yes,https://boardgamegeek.com/boardgame/126942
126943,Summoner Wars: Saella's Precision Reinforcement Pack,2012,7.96,5.73,2.67,,259,Yes,https://boardgamegeek.com/boardgame/126943
963,The Gardens of the Alhambra,1993,6.17,5.73,1.79,5778,1420,No,https://boardgamegeek.com/boardgame/963
6778,The Settlers of Zarahemla,2003,6.77,5.73,2.55,5908,596,No,https://boardgamegeek.com/boardgame/6778
37602,Tide of Iron: Designer Series Vol. 1,2008,7.61,5.73,2.94,,306,Yes,https://boardgamegeek.com/boardgame/37602
33495,Time's Up! Édition purple,2007,7.19,5.73,1.09,5882,374,No,https://boardgamegeek.com/boardgame/33495
1681,Tokyo Express: The Guadalcanal Naval Campaign – 1942,1988,7.33,5.73,4.03,5760,389,No,https://boardgamegeek.com/boardgame/1681
322,Tonga Bonga,1998,6.51,5.73,1.67,5894,704,No,https://boardgamegeek.com/boardgame/322
31745,Utopia,2007,6.33,5.73,2.66,5820,941,No,https://boardgamegeek.com/boardgame/31745
95624,Warhammer: Invasion – Legends,2011,7.8,5.73,2.77,,298,Yes,https://boardgamegeek.com/boardgame/95624
4079,What's My Word?,1972,7.15,5.73,2.11,5813,388,No,https://boardgamegeek.com/boardgame/4079
129165,Wings of Glory: WW1 Duel Pack,2013,7.98,5.73,2.29,5933,285,No,https://boardgamegeek.com/boardgame/129165
61484,Zombie State: Diplomacy of the Dead,2010,6.45,5.73,3.18,5920,799,No,https://boardgamegeek.com/boardgame/61484
66120,Zooloretto Junior,2010,6.67,5.73,1.48,5815,601,No,https://boardgamegeek.com/boardgame/66120
29779,Zooloretto: The Petting Zoo,2007,6.84,5.73,1.65,,513,Yes,https://boardgamegeek.com/boardgame/29779
7935,1844: Schweiz,2003,8.04,5.72,4.1,6013,222,No,https://boardgamegeek.com/boardgame/7935
27680,1936: Guerra Civil,2006,7.51,5.72,3.02,6006,340,No,https://boardgamegeek.com/boardgame/27680
1275,221B Baker Street: The Master Detective Game,1975,6.01,5.72,1.79,6046,3380,No,https://boardgamegeek.com/boardgame/1275
27969,"A Most Dangerous Time: Japan in Chaos, 1570-1584",2009,7.31,5.72,3.12,5961,364,No,https://boardgamegeek.com/boardgame/27969
27165,Age of Discovery,2007,6.33,5.72,2.4,5954,944,No,https://boardgamegeek.com/boardgame/27165
3608,Air Force,1976,6.52,5.72,3.25,5978,788,No,https://boardgamegeek.com/boardgame/3608
1583,"Barbarossa: Army Group Center, 1941",1998,8.13,5.72,4.03,5942,267,No,https://boardgamegeek.com/boardgame/1583
71493,Battles of Westeros: Wardens of the West,2010,7.52,5.72,2.78,,330,Yes,https://boardgamegeek.com/boardgame/71493
126995,Belfort: Guild Promo Pack #1,2012,7.29,5.72,2.33,,338,Yes,https://boardgamegeek.com/boardgame/126995
10174,Bitter Woods Deluxe Edition,2003,7.63,5.72,3.08,6078,305,No,https://boardgamegeek.com/boardgame/10174
20750,Black Stories 2,2005,6.14,5.72,1.2,6020,1456,No,https://boardgamegeek.com/boardgame/20750
123228,Bling Bling Gemstone,2012,6.51,5.72,1.08,6079,648,No,https://boardgamegeek.com/boardgame/123228
248,Blood Royale,1987,6.58,5.72,3.32,5976,673,No,https://boardgamegeek.com/boardgame/248
22097,Blue Moon: Buka Invasion,2006,7.09,5.72,2.49,,390,Yes,https://boardgamegeek.com/boardgame/22097
114438,"But Wait, There's More!",2011,6.64,5.72,1.09,5968,590,No,https://boardgamegeek.com/boardgame/114438
1445,Canasta Caliente,2000,6.36,5.72,1.73,6011,919,No,https://boardgamegeek.com/boardgame/1445
38431,Carcassonne: The Cult,2008,6.74,5.72,1.73,,545,Yes,https://boardgamegeek.com/boardgame/38431
22303,Celebrities,,7.26,5.72,1.18,5990,336,No,https://boardgamegeek.com/boardgame/22303
2741,Chez Geek 3: Block Party,2001,6.36,5.72,1.49,,1015,Yes,https://boardgamegeek.com/boardgame/2741
106999,Coney Island,2011,6.4,5.72,2.46,5952,838,No,https://boardgamegeek.com/boardgame/106999
97,Conquest of the Empire,1984,6.32,5.72,2.52,6068,1093,No,https://boardgamegeek.com/boardgame/97
1506,Conquistador: The Age of Exploration – 1495-1600,1976,6.54,5.72,3.21,6009,680,No,https://boardgamegeek.com/boardgame/1506
17988,Die Dolmengötter,2005,6.64,5.72,2.2,6080,541,No,https://boardgamegeek.com/boardgame/17988
25114,Die Säulen von Venedig,2006,6.58,5.72,2.29,5956,635,No,https://boardgamegeek.com/boardgame/25114
686,Dr. Jekyll & Mr. Hyde,1997,6.75,5.72,2.33,5950,528,No,https://boardgamegeek.com/boardgame/686
128174,Dragon Farkle,2015,6.41,5.72,1.45,6011,804,No,https://boardgamegeek.com/boardgame/128174
1720,Dragon Pass,1980,7.01,5.72,3.44,5958,489,No,https://boardgamegeek.com/boardgame/1720
104627,Feudalia,2011,7.02,5.72,3.14,6067,406,No,https://boardgamegeek.com/boardgame/104627
441,Filthy Rich,1998,6.41,5.72,1.89,6086,739,No,https://boardgamegeek.com/boardgame/441
4946,Formula Dé Circuits 23 - 26: USA Track Pack #1,1999,7.41,5.72,1.82,,321,Yes,https://boardgamegeek.com/boardgame/4946
4954,Formula Dé Circuits 7 & 8: Magny-Cours & Monza,1997,7.53,5.72,1.8,,297,Yes,https://boardgamegeek.com/boardgame/4954
302,Forum Romanum,1988,6.73,5.72,2.34,6030,518,No,https://boardgamegeek.com/boardgame/302
18746,Gustav Adolf the Great: With God and Victorious Arms,2006,7.75,5.72,3.81,6088,270,No,https://boardgamegeek.com/boardgame/18746
92666,Hegemonic,2013,6.68,5.72,3.69,5973,581,No,https://boardgamegeek.com/boardgame/92666
30976,Heroscape Expansion Set: Aquilla's Alliance ,2008,7.95,5.72,2.77,,261,Yes,https://boardgamegeek.com/boardgame/30976
25044,Heroscape Expansion Set: Crest of the Valkyrie (Flagbearer series),2006,7.47,5.72,2.38,,336,Yes,https://boardgamegeek.com/boardgame/25044
40603,Incursion,2009,7.61,5.72,2.78,6058,373,No,https://boardgamegeek.com/boardgame/40603
62225,Infidel: The Supremacy of Cavalry in the Crusader Era – 11th-12th Century,2011,7.42,5.72,2.91,5977,331,No,https://boardgamegeek.com/boardgame/62225
105187,MIL (1049),2011,6.52,5.72,3.8,6069,724,No,https://boardgamegeek.com/boardgame/105187
23142,Mag·Blast: Third Edition,2006,6.01,5.72,1.56,6084,1990,No,https://boardgamegeek.com/boardgame/23142
134060,Mice and Mystics: Needle Rapier,2012,7.42,5.72,2.67,,328,Yes,https://boardgamegeek.com/boardgame/134060
66126,Mystery Rummy: Escape from Alcatraz,2009,6.92,5.72,1.38,6042,432,No,https://boardgamegeek.com/boardgame/66126
120669,No Retreat!: The North African Front,2013,7.27,5.72,3.3,6024,353,No,https://boardgamegeek.com/boardgame/120669
42328,Pax Baltica: Great Northern War 1700-1721,2009,7.26,5.72,2.94,5969,368,No,https://boardgamegeek.com/boardgame/42328
72644,Perplexus,2001,6.91,5.72,1.5,5972,464,No,https://boardgamegeek.com/boardgame/72644
2281,Pictionary,1985,5.86,5.72,1.22,6057,8703,No,https://boardgamegeek.com/boardgame/2281
14035,Piranha Pedro,2004,6.28,5.72,1.3,6016,922,No,https://boardgamegeek.com/boardgame/14035
3190,Quixo,1995,6.27,5.72,1.62,5967,1130,No,https://boardgamegeek.com/boardgame/3190
368,Relationship Tightrope,1999,6.18,5.72,1.33,6096,1119,No,https://boardgamegeek.com/boardgame/368
128733,Revolver 2: Last Stand at Malpaso,2012,6.9,5.72,2.27,6056,455,No,https://boardgamegeek.com/boardgame/128733
64220,Richard Scarry's Busytown: Eye found it! Game,2009,6.55,5.72,1.18,6000,692,No,https://boardgamegeek.com/boardgame/64220
24568,Rumis+,2006,6.9,5.72,2.2,6089,446,No,https://boardgamegeek.com/boardgame/24568
101682,Saints in Armor,2012,7.9,5.72,3.66,6041,253,No,https://boardgamegeek.com/boardgame/101682
11582,Schnapsen,1715,7.02,5.72,2.09,6079,442,No,https://boardgamegeek.com/boardgame/11582
3475,Shadowfist,1995,7.04,5.72,2.62,5988,441,No,https://boardgamegeek.com/boardgame/3475
11231,Snorta!,2004,6.1,5.72,1.1,6023,1627,No,https://boardgamegeek.com/boardgame/11231
4001,Space Marine,1989,6.84,5.72,3.15,6033,544,No,https://boardgamegeek.com/boardgame/4001
122690,Star Trek Deck Building Game: The Original Series,2012,6.59,5.72,2.66,6047,637,No,https://boardgamegeek.com/boardgame/122690
133654,Star Wars: The Card Game – The Desolation of Hoth,2013,7.5,5.72,3.14,,334,Yes,https://boardgamegeek.com/boardgame/133654
135222,Star Wars: The Card Game – The Search for Skywalker,2013,7.59,5.72,3.18,,307,Yes,https://boardgamegeek.com/boardgame/135222
22497,Straw,2006,6.22,5.72,1.04,6083,1108,No,https://boardgamegeek.com/boardgame/22497
5292,Streets of Fire: ASL Deluxe Module 1,1985,8.0,5.72,4.36,,260,Yes,https://boardgamegeek.com/boardgame/5292
88328,Summoner Wars: Khan Queso,2010,7.66,5.72,2.5,,287,Yes,https://boardgamegeek.com/boardgame/88328
31258,Tannhäuser: Operation Novgorod,2007,7.28,5.72,2.69,,357,Yes,https://boardgamegeek.com/boardgame/31258
65936,"The Blitzkrieg Legend: The Battle for France, 1940",2012,8.06,5.72,3.9,6075,254,No,https://boardgamegeek.com/boardgame/65936
33559,The Pillars of the Earth: New Craftsmen,2007,7.52,5.72,2.65,,301,Yes,https://boardgamegeek.com/boardgame/33559
132780,The Werewolves of Miller's Hollow: Characters,2012,7.27,5.72,1.83,,367,Yes,https://boardgamegeek.com/boardgame/132780
1412,Trendy,2000,6.33,5.72,1.08,6038,853,No,https://boardgamegeek.com/boardgame/1412
137837,Tsuro of the Seas: Veterans of the Seas,2013,6.88,5.72,1.74,,509,Yes,https://boardgamegeek.com/boardgame/137837
300,Tutankhamen,1993,6.12,5.72,1.59,5980,1391,No,https://boardgamegeek.com/boardgame/300
24,Twilight Imperium,1997,6.58,5.72,3.46,6064,728,No,https://boardgamegeek.com/boardgame/24
13751,Under the Shadow of the Dragon,2004,6.49,5.72,2.4,6007,687,No,https://boardgamegeek.com/boardgame/13751
63167,Undermining,2011,6.38,5.72,1.84,6073,795,No,https://boardgamegeek.com/boardgame/63167
1690,Unexploded Cow,2001,6.08,5.72,1.36,5940,1892,No,https://boardgamegeek.com/boardgame/1690
97273,Upon a Salty Ocean,2011,6.47,5.72,2.9,5947,731,No,https://boardgamegeek.com/boardgame/97273
1206,Venture,1968,6.4,5.72,1.97,5994,792,No,https://boardgamegeek.com/boardgame/1206
19358,Western Town,2005,7.0,5.72,3.49,6008,411,No,https://boardgamegeek.com/boardgame/19358
42306,Wings of War: WW2 Deluxe set,2009,7.25,5.72,2.35,5996,372,No,https://boardgamegeek.com/boardgame/42306
7810,Zombies!!! 3.5:  Not Dead Yet,2003,6.21,5.72,1.6,,1285,Yes,https://boardgamegeek.com/boardgame/7810
6113,Zombies!!! 3:  Mall Walkers,2003,6.1,5.72,1.66,,1936,Yes,https://boardgamegeek.com/boardgame/6113
4550,1000 Blank White Cards,1996,6.72,5.71,1.38,6245,561,No,https://boardgamegeek.com/boardgame/4550
3125,7th Sea Collectible Card Game,1998,6.71,5.71,2.48,6279,562,No,https://boardgamegeek.com/boardgame/3125
7614,A World at War: Second World War in Europe and the Pacific,2003,7.57,5.71,4.77,6115,413,No,https://boardgamegeek.com/boardgame/7614
6481,Ada's Library,2003,6.38,5.71,1.68,6163,802,No,https://boardgamegeek.com/boardgame/6481
76,Air Baron,1996,6.41,5.71,2.55,6285,795,No,https://boardgamegeek.com/boardgame/76
2125,Amazons,1992,7.22,5.71,2.82,6256,358,No,https://boardgamegeek.com/boardgame/2125
814,Aquarius,1998,6.06,5.71,1.13,6178,2009,No,https://boardgamegeek.com/boardgame/814
108161,Aquileia,2011,6.73,5.71,2.92,6281,545,No,https://boardgamegeek.com/boardgame/108161
34,Arkham Horror,1987,6.69,5.71,2.42,6264,594,No,https://boardgamegeek.com/boardgame/34
56758,BasketBoss,2009,6.41,5.71,2.12,6220,694,No,https://boardgamegeek.com/boardgame/56758
7092,Battles for the Ardennes,1978,7.46,5.71,2.81,6111,328,No,https://boardgamegeek.com/boardgame/7092
1982,Black Spy,1981,6.35,5.71,1.4,6217,792,No,https://boardgamegeek.com/boardgame/1982
1197,Blink,1995,5.98,5.71,1.07,6177,2418,No,https://boardgamegeek.com/boardgame/1197
19742,Blue Moon: Emissaries & Inquisitors – Allies,2005,6.9,5.71,2.27,,430,Yes,https://boardgamegeek.com/boardgame/19742
20865,Bolide,2005,6.47,5.71,2.76,6228,674,No,https://boardgamegeek.com/boardgame/20865
137237,Bremerhaven,2013,6.54,5.71,3.1,6151,628,No,https://boardgamegeek.com/boardgame/137237
11733,Briscola,1800,6.48,5.71,1.49,6195,727,No,https://boardgamegeek.com/boardgame/11733
17,Button Men,1999,6.36,5.71,1.52,6162,840,No,https://boardgamegeek.com/boardgame/17
114903,Castellan,2013,6.21,5.71,1.44,6253,1037,No,https://boardgamegeek.com/boardgame/114903
88513,Chicken Caesar,2012,6.6,5.71,2.81,6114,604,No,https://boardgamegeek.com/boardgame/88513
7742,Confrontation,2000,7.14,5.71,3.45,6156,405,No,https://boardgamegeek.com/boardgame/7742
20734,Corsair Leader,2005,7.6,5.71,2.42,6175,333,No,https://boardgamegeek.com/boardgame/20734
71973,Crows,2010,6.34,5.71,1.9,6243,831,No,https://boardgamegeek.com/boardgame/71973
33091,Cutthroat Caverns: Fresh Meat,2012,7.53,5.71,2.4,,293,Yes,https://boardgamegeek.com/boardgame/33091
91671,Da ist der Wurm drin,2011,6.39,5.71,1.0,6260,770,No,https://boardgamegeek.com/boardgame/91671
1350,Das Amulett,2001,6.41,5.71,2.59,6210,740,No,https://boardgamegeek.com/boardgame/1350
93899,Defenders of the Realm: Hero Expansion #3,2011,7.58,5.71,2.75,,276,Yes,https://boardgamegeek.com/boardgame/93899
8130,Die Fugger,2003,6.42,5.71,1.96,6186,709,No,https://boardgamegeek.com/boardgame/8130
3208,Dragonland,2002,6.26,5.71,1.84,6214,1002,No,https://boardgamegeek.com/boardgame/3208
21795,Dungeon Twister: Mercenaries,2006,7.71,5.71,3.29,,255,Yes,https://boardgamegeek.com/boardgame/21795
6203,Enemy at the Gates,1994,7.66,5.71,4.33,6287,288,No,https://boardgamegeek.com/boardgame/6203
847,Feudal,1967,6.13,5.71,2.31,6208,1581,No,https://boardgamegeek.com/boardgame/847
8993,Fire in the East,1984,7.48,5.71,4.33,6207,338,No,https://boardgamegeek.com/boardgame/8993
32002,Forged in Steel,2016,7.22,5.71,3.53,6123,337,No,https://boardgamegeek.com/boardgame/32002
4939,Formula Dé Circuits 13 & 14: Montreal & Long Beach,1998,7.46,5.71,1.95,,281,Yes,https://boardgamegeek.com/boardgame/4939
4956,Formula Dé Circuits 15 & 16: Hockenheim & Zeltweg,1999,7.6,5.71,1.91,,266,Yes,https://boardgamegeek.com/boardgame/4956
4938,Formula Dé Circuits 17 & 18: Buenos-Aires & Barcelona,1999,7.56,5.71,1.83,,270,Yes,https://boardgamegeek.com/boardgame/4938
4937,Formula Dé Circuits 19 & 20: Suzuka & Melbourne,1999,7.55,5.71,2.0,,279,Yes,https://boardgamegeek.com/boardgame/4937
4941,Formula Dé Circuits 9 & 10: Estoril & Interlagos,1998,7.51,5.71,1.95,,274,Yes,https://boardgamegeek.com/boardgame/4941
64897,Formule Dé,1991,7.29,5.71,2.17,6284,335,No,https://boardgamegeek.com/boardgame/64897
33434,Funkenschlag: EnBW,2007,8.2,5.71,3.17,6110,202,No,https://boardgamegeek.com/boardgame/33434
23981,Genesis,2006,6.57,5.71,2.06,6262,578,No,https://boardgamegeek.com/boardgame/23981
1576,Gettysburg (125th Anniversary Edition),1988,6.64,5.71,1.96,6263,602,No,https://boardgamegeek.com/boardgame/1576
132620,Gobbit,2012,6.45,5.71,1.26,6186,815,No,https://boardgamegeek.com/boardgame/132620
3318,Heave Ho!,2002,6.26,5.71,1.28,6153,990,No,https://boardgamegeek.com/boardgame/3318
1763,HeroQuest: Barbarian Quest Pack,1992,7.52,5.71,2.06,,322,Yes,https://boardgamegeek.com/boardgame/1763
6927,Hornet Leader: Strike Fighter Operations,1991,7.41,5.71,2.62,6125,324,No,https://boardgamegeek.com/boardgame/6927
182,Hungry,1995,6.37,5.71,1.43,6266,740,No,https://boardgamegeek.com/boardgame/182
225,Icehouse,1989,6.62,5.71,2.6,6211,610,No,https://boardgamegeek.com/boardgame/225
1496,Imperium Romanum II,1985,6.65,5.71,3.79,6130,640,No,https://boardgamegeek.com/boardgame/1496
66193,It Happens..,2010,6.18,5.71,1.4,6107,1153,No,https://boardgamegeek.com/boardgame/66193
10674,Killer Bunnies and the Quest for the Magic Carrot: ORANGE Booster,2003,6.45,5.71,2.18,,854,Yes,https://boardgamegeek.com/boardgame/10674
6673,Killer Bunnies and the Quest for the Magic Carrot: VIOLET Booster,2003,6.38,5.71,2.1,,1013,Yes,https://boardgamegeek.com/boardgame/6673
135273,Kingdom Death: Monster – Spidicules Expansion,2016,8.54,5.71,4.0,,228,Yes,https://boardgamegeek.com/boardgame/135273
85204,Kings of War,2012,7.79,5.71,2.5,6231,281,No,https://boardgamegeek.com/boardgame/85204
17835,Monsters Menace America,2005,5.98,5.71,1.84,6168,2315,No,https://boardgamegeek.com/boardgame/17835
129359,Munchkin Pathfinder,2013,6.31,5.71,1.65,6205,1072,No,https://boardgamegeek.com/boardgame/129359
15353,Necromunda: Outlanders,1996,7.48,5.71,3.22,,306,Yes,https://boardgamegeek.com/boardgame/15353
39019,Nothing Gained But Glory,2010,7.78,5.71,3.74,6188,258,No,https://boardgamegeek.com/boardgame/39019
4205,On to Richmond!,1998,7.98,5.71,3.33,6126,237,No,https://boardgamegeek.com/boardgame/4205
912,Pacific Victory: War in the Pacific 1941-45,2000,6.95,5.71,3.19,6164,439,No,https://boardgamegeek.com/boardgame/912
18243,Parthenon: Rise of the Aegean,2005,6.31,5.71,3.01,6194,881,No,https://boardgamegeek.com/boardgame/18243
54773,Peloponnes: Expansion,2009,7.47,5.71,2.48,,279,Yes,https://boardgamegeek.com/boardgame/54773
17851,Pizza Box Football,2005,6.24,5.71,2.01,6122,1035,No,https://boardgamegeek.com/boardgame/17851
84462,Power Grid: Warehouse,2010,7.16,5.71,3.23,,352,Yes,https://boardgamegeek.com/boardgame/84462
103610,Quarriors! Quaxos Promo Cards,2011,6.53,5.71,1.86,,645,Yes,https://boardgamegeek.com/boardgame/103610
917,Rack-O,1956,5.9,5.71,1.19,6272,3652,No,https://boardgamegeek.com/boardgame/917
99692,Railways of the World: Event Deck,2011,7.56,5.71,2.65,,281,Yes,https://boardgamegeek.com/boardgame/99692
86156,Reverse Charades,2010,6.64,5.71,1.05,6131,572,No,https://boardgamegeek.com/boardgame/86156
37198,Risk (Revised Edition),2008,5.97,5.71,2.16,6127,3650,No,https://boardgamegeek.com/boardgame/37198
19989,Robber Knights,2005,6.12,5.71,2.01,6119,1385,No,https://boardgamegeek.com/boardgame/19989
129820,Salmon Run,2013,6.5,5.71,1.82,6125,667,No,https://boardgamegeek.com/boardgame/129820
4488,Scarab Lords,2002,6.02,5.71,1.91,6176,1698,No,https://boardgamegeek.com/boardgame/4488
131246,Siberia: The Card Game,2012,6.71,5.71,2.06,6287,502,No,https://boardgamegeek.com/boardgame/131246
1347,Simple GBoH,2000,7.51,5.71,2.97,,302,Yes,https://boardgamegeek.com/boardgame/1347
1577,Source of the Nile,1978,6.53,5.71,2.94,6159,647,No,https://boardgamegeek.com/boardgame/1577
15401,Space Hulk Campaigns,1991,7.66,5.71,2.68,,297,Yes,https://boardgamegeek.com/boardgame/15401
111502,Star Trek Deck Building Game: The Next Generation – Next Phase,2012,6.66,5.71,2.46,6227,594,No,https://boardgamegeek.com/boardgame/111502
3597,Strat-O-Matic Hockey,1978,7.31,5.71,2.29,6247,372,No,https://boardgamegeek.com/boardgame/3597
138094,Super Dungeon Explore: Von Drakk Manor Level,2013,7.54,5.71,3.1,,300,Yes,https://boardgamegeek.com/boardgame/138094
202,Targui,1988,6.41,5.71,2.39,6180,800,No,https://boardgamegeek.com/boardgame/202
3218,The Arab-Israeli Wars: Tank Battles in the Mideast,1977,6.47,5.71,3.22,6290,769,No,https://boardgamegeek.com/boardgame/3218
30166,"The Good, the Bad, and the Munchkin",2007,6.17,5.71,1.94,6271,1491,No,https://boardgamegeek.com/boardgame/30166
1678,"The Peloponnesian War, 431-404 BC",1991,6.77,5.71,3.1,6234,495,No,https://boardgamegeek.com/boardgame/1678
10156,The Russian Campaign: 4th Edition,2003,7.7,5.71,2.86,6136,296,No,https://boardgamegeek.com/boardgame/10156
55863,The Three Musketeers: The Queen's Pendants,2009,6.77,5.71,2.1,6173,491,No,https://boardgamegeek.com/boardgame/55863
3408,This Accursed Civil War,2002,7.52,5.71,3.57,6183,298,No,https://boardgamegeek.com/boardgame/3408
27532,Vineta,2008,6.19,5.71,2.01,6273,1107,No,https://boardgamegeek.com/boardgame/27532
142,Vino,1999,6.42,5.71,2.97,6147,706,No,https://boardgamegeek.com/boardgame/142
2555,Vom Kap bis Kairo,2001,6.28,5.71,1.8,6223,870,No,https://boardgamegeek.com/boardgame/2555
5316,"Warhammer Epic 40,000",1997,6.65,5.71,3.19,6138,618,No,https://boardgamegeek.com/boardgame/5316
55916,Warhammer: Invasion – The Skavenblight Threat,2009,7.41,5.71,2.35,,315,Yes,https://boardgamegeek.com/boardgame/55916
1143,Warrior Knights,1985,6.63,5.71,3.22,6252,605,No,https://boardgamegeek.com/boardgame/1143
7571,Winds of Plunder,2007,6.42,5.71,2.37,6277,718,No,https://boardgamegeek.com/boardgame/7571
3414,"Yom Kippur: The Battle for the Sinai, October, 1973",1995,7.03,5.71,2.54,6203,414,No,https://boardgamegeek.com/boardgame/3414
3651,Zombies!!! 2: Zombie Corps(e),2002,6.02,5.71,1.62,,2514,Yes,https://boardgamegeek.com/boardgame/3651
10167,Zombies!!! 4: The End...,2004,6.15,5.71,1.67,6283,1527,No,https://boardgamegeek.com/boardgame/10167
23685,1805: Sea of Glory,2009,7.33,5.7,3.75,6346,327,No,https://boardgamegeek.com/boardgame/23685
85851,A la carte: Dessert,2010,6.79,5.7,1.43,,433,Yes,https://boardgamegeek.com/boardgame/85851
7118,Ace of Aces: Handy Rotary Deluxe Edition,1986,7.08,5.7,1.84,6470,365,No,https://boardgamegeek.com/boardgame/7118
2259,Afrika Korps,1964,6.31,5.7,2.24,6354,1105,No,https://boardgamegeek.com/boardgame/2259
23189,Age of Steam Expansion: 1830's Pennsylvania / Northern California,2006,7.84,5.7,3.77,,216,Yes,https://boardgamegeek.com/boardgame/23189
8273,Alexandros,2003,6.2,5.7,2.36,6319,1032,No,https://boardgamegeek.com/boardgame/8273
17923,Anno Domini: Flopps,2001,6.8,5.7,1.39,6411,446,No,https://boardgamegeek.com/boardgame/17923
1413,Attack Sub,1991,6.66,5.7,2.24,6471,531,No,https://boardgamegeek.com/boardgame/1413
2640,Babylon 5 Collectible Card Game,1997,6.77,5.7,3.12,6369,541,No,https://boardgamegeek.com/boardgame/2640
38931,Basilica,2010,6.52,5.7,2.29,6372,646,No,https://boardgamegeek.com/boardgame/38931
49276,"Battle for Moscow: Operation Typhoon, 1941",2009,6.91,5.7,1.57,6306,430,No,https://boardgamegeek.com/boardgame/49276
6923,BattleTech: CityTech,1986,6.85,5.7,3.4,6458,439,No,https://boardgamegeek.com/boardgame/6923
123847,Battles of Westeros: House Baratheon Army Expansion,2012,7.85,5.7,3.12,,240,Yes,https://boardgamegeek.com/boardgame/123847
77849,Battles of Westeros: Wardens of the North,2010,7.59,5.7,2.76,,287,Yes,https://boardgamegeek.com/boardgame/77849
132019,Blood & Roses,2014,7.46,5.7,2.85,6501,274,No,https://boardgamegeek.com/boardgame/132019
34227,Blox,2008,6.53,5.7,2.08,6342,606,No,https://boardgamegeek.com/boardgame/34227
19743,Blue Moon: Emissaries & Inquisitors – Blessings,2005,6.91,5.7,2.33,,416,Yes,https://boardgamegeek.com/boardgame/19743
89,Blue vs. Gray,1999,6.73,5.7,2.81,6468,476,No,https://boardgamegeek.com/boardgame/89
57998,Boże Igrzysko,2010,7.58,5.7,3.57,6362,288,No,https://boardgamegeek.com/boardgame/57998
72420,Braggart,2010,6.29,5.7,1.21,6451,953,No,https://boardgamegeek.com/boardgame/72420
8920,BuyWord,2004,6.2,5.7,1.81,6442,985,No,https://boardgamegeek.com/boardgame/8920
7843,Caesar: Conquest of Gaul,1998,7.29,5.7,3.53,6332,329,No,https://boardgamegeek.com/boardgame/7843
55705,Callisto: The Game,2009,6.33,5.7,1.61,6465,784,No,https://boardgamegeek.com/boardgame/55705
436,Canyon,1997,6.27,5.7,1.57,6395,845,No,https://boardgamegeek.com/boardgame/436
13354,Car Wars Compendium,1989,7.15,5.7,3.28,6484,344,No,https://boardgamegeek.com/boardgame/13354
118616,Carcassonne: The Robbers,2012,6.26,5.7,1.74,,986,Yes,https://boardgamegeek.com/boardgame/118616
21817,Catan Card Game: Artisans & Benefactors,2006,7.12,5.7,2.52,,358,Yes,https://boardgamegeek.com/boardgame/21817
29903,Chang Cheng,2007,6.17,5.7,2.28,6312,1142,No,https://boardgamegeek.com/boardgame/29903
2797,Chez Geek 2: Slack Attack,2000,6.27,5.7,1.45,,1048,Yes,https://boardgamegeek.com/boardgame/2797
3855,Crimson Skies,1998,7.18,5.7,2.93,6379,401,No,https://boardgamegeek.com/boardgame/3855
6141,Duel of Ages Set 3: Vast Horizons,2003,7.44,5.7,2.9,,286,Yes,https://boardgamegeek.com/boardgame/6141
17565,Dungeon Twister: Fire and Water,2005,7.65,5.7,3.6,,245,Yes,https://boardgamegeek.com/boardgame/17565
1379,Ebbe & Flut,2000,6.5,5.7,1.91,6356,602,No,https://boardgamegeek.com/boardgame/1379
870,Empires of the Ancient World,2000,6.64,5.7,2.98,6404,556,No,https://boardgamegeek.com/boardgame/870
10431,Epic Armageddon,2003,7.62,5.7,3.1,6425,296,No,https://boardgamegeek.com/boardgame/10431
97277,Evolution: The Origin of Species – Time to Fly,2011,6.87,5.7,2.15,,468,Yes,https://boardgamegeek.com/boardgame/97277
21373,Federation Commander: Romulan Border,2006,7.72,5.7,3.51,6426,269,No,https://boardgamegeek.com/boardgame/21373
135877,Fish Cook,2012,6.9,5.7,1.86,6401,411,No,https://boardgamegeek.com/boardgame/135877
4940,Formula Dé Circuits 11 & 12: Watkins Glen & Silverstone,1998,7.51,5.7,1.48,,268,Yes,https://boardgamegeek.com/boardgame/4940
65825,Gettysburg,2010,7.15,5.7,2.84,6450,322,No,https://boardgamegeek.com/boardgame/65825
41474,Giro d'Italia: The Game,2009,7.1,5.7,2.55,6499,343,No,https://boardgamegeek.com/boardgame/41474
66312,Heroscape Expansion Set D1: Champions of the Forgotten Realms,2010,7.8,5.7,2.33,,237,Yes,https://boardgamegeek.com/boardgame/66312
94483,Hoot Owl Hoot!,2010,6.38,5.7,1.05,6348,895,No,https://boardgamegeek.com/boardgame/94483
74771,Hordes Primal Mk II,2010,8.1,5.7,3.74,,223,Yes,https://boardgamegeek.com/boardgame/74771
8614,Kampfgruppe Peiper II: ASL Historical Module 3,1996,7.94,5.7,4.33,,233,Yes,https://boardgamegeek.com/boardgame/8614
102,Klunker,1999,6.2,5.7,1.77,6412,954,No,https://boardgamegeek.com/boardgame/102
38522,League of Six: Loyal Retinue,2008,7.25,5.7,2.52,,307,Yes,https://boardgamegeek.com/boardgame/38522
35369,Martian Fluxx,2009,6.23,5.7,1.43,6474,1031,No,https://boardgamegeek.com/boardgame/35369
4562,Mogul,2002,6.45,5.7,1.93,6410,631,No,https://boardgamegeek.com/boardgame/4562
20078,Monmouth,2007,7.38,5.7,2.59,6476,284,No,https://boardgamegeek.com/boardgame/20078
1669,Mosby's Raiders: Guerilla Warfare in the Civil War,1985,6.68,5.7,2.53,6406,518,No,https://boardgamegeek.com/boardgame/1669
63758,Mr. Madison's War: The Incredible War of 1812,2012,7.4,5.7,2.74,6481,287,No,https://boardgamegeek.com/boardgame/63758
12194,Munchkin Bites!,2004,5.99,5.7,1.75,6388,3215,No,https://boardgamegeek.com/boardgame/12194
100734,My Happy Farm,2011,6.37,5.7,1.7,6335,783,No,https://boardgamegeek.com/boardgame/100734
132148,Napoleon against Europe,2013,7.65,5.7,3.79,6498,262,No,https://boardgamegeek.com/boardgame/132148
3573,Napoleon at Waterloo,1971,6.68,5.7,1.87,6494,553,No,https://boardgamegeek.com/boardgame/3573
3518,Napoleon in Europe,2001,6.63,5.7,3.47,6503,703,No,https://boardgamegeek.com/boardgame/3518
101013,Ninja: Legend of the Scorpion Clan,2011,6.48,5.7,2.65,6393,649,No,https://boardgamegeek.com/boardgame/101013
117838,Oz Fluxx,2012,6.28,5.7,1.51,6491,959,No,https://boardgamegeek.com/boardgame/117838
26916,Paths of Glory: Player's Guide,2001,7.56,5.7,2.9,,264,Yes,https://boardgamegeek.com/boardgame/26916
111144,Power Grid: Theme Park,2011,7.34,5.7,2.87,,298,Yes,https://boardgamegeek.com/boardgame/111144
24770,Quietville,2006,6.19,5.7,1.42,6325,1033,No,https://boardgamegeek.com/boardgame/24770
128921,Rattus Cartus,2012,6.45,5.7,2.21,6413,649,No,https://boardgamegeek.com/boardgame/128921
3061,Samurai: Warfare in 16th Century Japan,1996,7.07,5.7,3.39,6466,361,No,https://boardgamegeek.com/boardgame/3061
5571,Siege,1983,7.12,5.7,2.33,6445,374,No,https://boardgamegeek.com/boardgame/5571
3895,Silent Death,1990,7.0,5.7,2.73,6302,408,No,https://boardgamegeek.com/boardgame/3895
5071,Sjoelen,1870,6.84,5.7,1.16,6307,444,No,https://boardgamegeek.com/boardgame/5071
22359,Steel Wolves: Germany's Submarine Campaign Against British & Allied Shipping – Vol 1 1939-43,2010,7.71,5.7,4.03,6457,267,No,https://boardgamegeek.com/boardgame/22359
88329,Summoner Wars: Sairook,2010,7.64,5.7,2.57,,266,Yes,https://boardgamegeek.com/boardgame/88329
6930,Sweden Fights On,2003,7.67,5.7,3.6,6415,243,No,https://boardgamegeek.com/boardgame/6930
104377,TSCHAK!,2011,6.31,5.7,1.57,6446,800,No,https://boardgamegeek.com/boardgame/104377
25294,Take It to the Limit!,2006,6.8,5.7,2.05,6430,452,No,https://boardgamegeek.com/boardgame/25294
62972,The Barbarossa Campaign,2010,7.79,5.7,3.14,6492,237,No,https://boardgamegeek.com/boardgame/62972
25738,The Big Taboo,2006,6.28,5.7,1.53,6407,997,No,https://boardgamegeek.com/boardgame/25738
139160,The Castles of Burgundy: 3rd Expansion – German Board Game Championship Board 2013,2013,7.77,5.7,3.14,,233,Yes,https://boardgamegeek.com/boardgame/139160
24947,The Spoils,2006,6.95,5.7,2.77,6331,527,No,https://boardgamegeek.com/boardgame/24947
63196,Three-Dragon Ante: Emperor's Gambit,2010,6.64,5.7,1.8,6299,573,No,https://boardgamegeek.com/boardgame/63196
131324,Trains: Map Pack 1 – Germany/Northeastern USA,2012,7.38,5.7,2.36,,289,Yes,https://boardgamegeek.com/boardgame/131324
23950,Viktory II,2006,6.87,5.7,2.41,6385,455,No,https://boardgamegeek.com/boardgame/23950
13084,Volcano,2000,6.83,5.7,2.35,6488,423,No,https://boardgamegeek.com/boardgame/13084
36887,Waterloo,2009,6.87,5.7,3.25,6485,412,No,https://boardgamegeek.com/boardgame/36887
8521,Whistling Death,2003,8.23,5.7,4.29,6435,287,No,https://boardgamegeek.com/boardgame/8521
107148,Wings of Glory: WW2 Starter Set,2012,7.35,5.7,2.62,6447,336,No,https://boardgamegeek.com/boardgame/107148
36482,Wings of War: Fire from the Sky,2009,7.18,5.7,2.0,6381,359,No,https://boardgamegeek.com/boardgame/36482
19395,Wings of War: Top Fighters Booster Pack,2006,7.34,5.7,1.73,,306,Yes,https://boardgamegeek.com/boardgame/19395
5297,World War I: 1914-1918,1975,6.81,5.7,2.37,6480,445,No,https://boardgamegeek.com/boardgame/5297
40635,Zooloretto Exotic,2009,6.95,5.7,2.04,,416,Yes,https://boardgamegeek.com/boardgame/40635
17857,18Scan,2005,7.28,5.69,3.65,6600,279,No,https://boardgamegeek.com/boardgame/17857
21779,1914: Twilight in the East,2007,8.05,5.69,4.38,6669,223,No,https://boardgamegeek.com/boardgame/21779
4921,"3rd Fleet: Modern Naval Combat in the North Pacific, Caribbean, and Atlantic Oceans",1990,7.32,5.69,3.64,6599,314,No,https://boardgamegeek.com/boardgame/4921
4920,5th Fleet: Modern Naval Combat in the Indian Ocean,1989,7.23,5.69,3.44,6658,342,No,https://boardgamegeek.com/boardgame/4920
1315,Africa,2001,6.0,5.69,1.77,6693,1397,No,https://boardgamegeek.com/boardgame/1315
39109,Alhambra: Power of the Sultan,2008,7.02,5.69,2.44,,355,Yes,https://boardgamegeek.com/boardgame/39109
92363,Amateurs to Arms!,2012,7.84,5.69,3.12,6620,227,No,https://boardgamegeek.com/boardgame/92363
111081,Animal Upon Animal: Crest Climbers,2011,6.89,5.69,1.07,6549,381,No,https://boardgamegeek.com/boardgame/111081
17997,Anno Domini: Sex & Crime,1998,6.63,5.69,1.39,6593,473,No,https://boardgamegeek.com/boardgame/17997
4958,Ardennes,1994,7.09,5.69,2.8,6635,363,No,https://boardgamegeek.com/boardgame/4958
259,Atlantic Storm,1997,6.53,5.69,2.03,6673,567,No,https://boardgamegeek.com/boardgame/259
1631,Barbarian Prince,1981,6.72,5.69,2.32,6552,608,No,https://boardgamegeek.com/boardgame/1631
10642,"Barbarossa: Army Group North, 1941",2000,8.08,5.69,4.18,6632,215,No,https://boardgamegeek.com/boardgame/10642
54944,BattleLore: Dragons,2010,7.58,5.69,2.57,,261,Yes,https://boardgamegeek.com/boardgame/54944
45543,BattleLore: Heroes Expansion,2009,7.35,5.69,2.75,,282,Yes,https://boardgamegeek.com/boardgame/45543
30328,Battleground: Crossbows & Catapults,2007,6.56,5.69,1.33,6664,598,No,https://boardgamegeek.com/boardgame/30328
55165,Bisikle,2009,6.53,5.69,1.61,6687,528,No,https://boardgamegeek.com/boardgame/55165
128412,Bohn to Be Wild!,2012,6.65,5.69,1.76,6564,473,No,https://boardgamegeek.com/boardgame/128412
5833,CAESAR: The Great Battles of Julius Caesar – The Civil Wars 48-45 B.C.,1994,7.23,5.69,3.44,6638,325,No,https://boardgamegeek.com/boardgame/5833
124590,Call to Glory,2012,6.44,5.69,1.5,6626,621,No,https://boardgamegeek.com/boardgame/124590
104634,Carcassonne: The School,2011,6.89,5.69,1.56,,418,Yes,https://boardgamegeek.com/boardgame/104634
134607,Cards Against Humanity: 2012 Holiday Pack,2012,6.49,5.69,1.16,,751,Yes,https://boardgamegeek.com/boardgame/134607
39932,"Chariots of Fire: Warfare in the Bronze Age, 2300-1200 B.C.",2010,7.5,5.69,3.52,6528,267,No,https://boardgamegeek.com/boardgame/39932
13709,Clash of Giants II: 1st Ypres & Galicia 1914,2006,7.15,5.69,2.35,6590,333,No,https://boardgamegeek.com/boardgame/13709
37935,Container: The Second Shipment,2008,7.23,5.69,3.35,,316,Yes,https://boardgamegeek.com/boardgame/37935
4424,Cranium: Hoopla,2002,6.2,5.69,1.27,6688,1014,No,https://boardgamegeek.com/boardgame/4424
21930,Crazy Kick,2006,6.36,5.69,1.04,6514,712,No,https://boardgamegeek.com/boardgame/21930
42141,Descent: Journeys in the Dark – Quest Compendium – Volume One,2009,7.3,5.69,3.12,,329,Yes,https://boardgamegeek.com/boardgame/42141
5227,Die Siedler von Catan: Das Turnier-Set zum Kartenspiel,1997,7.11,5.69,2.46,,326,Yes,https://boardgamegeek.com/boardgame/5227
42142,Doctor Who: Solitaire Story Game,2009,7.96,5.69,2.64,6591,282,No,https://boardgamegeek.com/boardgame/42142
6137,Drive,2003,6.55,5.69,1.26,6592,539,No,https://boardgamegeek.com/boardgame/6137
9365,Duel of Ages: Masters Addendum,2004,7.53,5.69,3.17,,249,Yes,https://boardgamegeek.com/boardgame/9365
136192,Dungeon Dice,2014,6.7,5.69,2.14,6679,621,No,https://boardgamegeek.com/boardgame/136192
1746,Dungeonquest: Catacombs,1988,6.64,5.69,2.34,,487,Yes,https://boardgamegeek.com/boardgame/1746
7290,Dynasty League Baseball Powered by Pursue the Pennant,1985,7.9,5.69,2.54,6634,273,No,https://boardgamegeek.com/boardgame/7290
5630,Eighth Air Force,1995,7.32,5.69,2.11,,296,Yes,https://boardgamegeek.com/boardgame/5630
22160,"EuroFront: The War in Europe, 1936-45 – Second Edition",2006,8.47,5.69,4.05,,187,Yes,https://boardgamegeek.com/boardgame/22160
136558,Expedition: Famous Explorers,2013,6.76,5.69,1.96,6601,448,No,https://boardgamegeek.com/boardgame/136558
11081,Familienbande,2004,6.38,5.69,1.62,6531,667,No,https://boardgamegeek.com/boardgame/11081
41762,Fastrack,2008,6.33,5.69,1.0,6606,709,No,https://boardgamegeek.com/boardgame/41762
70463,Finca: Drought,2010,7.05,5.69,1.79,,337,Yes,https://boardgamegeek.com/boardgame/70463
42111,Fzzzt!,2009,6.2,5.69,1.68,6655,877,No,https://boardgamegeek.com/boardgame/42111
31808,GUBS: A Game of Wit and Luck,2007,6.09,5.69,1.36,6612,1726,No,https://boardgamegeek.com/boardgame/31808
86177,Genesis: Empires and Kingdoms of the Ancient Middle East,2015,7.12,5.69,3.19,6667,322,No,https://boardgamegeek.com/boardgame/86177
85037,Gosu: Kamakor,2011,7.13,5.69,2.81,,344,Yes,https://boardgamegeek.com/boardgame/85037
10527,Gygès,1985,6.65,5.69,2.44,6535,530,No,https://boardgamegeek.com/boardgame/10527
3119,Haste Worte?,1997,6.76,5.69,1.38,6526,449,No,https://boardgamegeek.com/boardgame/3119
5291,Hedgerow Hell: ASL Deluxe Module 2,1987,7.73,5.69,4.3,,249,Yes,https://boardgamegeek.com/boardgame/5291
41815,Heroscape Expansion Set: Blackmoon's Siege ,2009,7.97,5.69,2.38,,216,Yes,https://boardgamegeek.com/boardgame/41815
39088,Hoppladi Hopplada!,2008,6.37,5.69,1.24,6546,701,No,https://boardgamegeek.com/boardgame/39088
8515,Hybrid,2003,7.37,5.69,3.16,6525,341,No,https://boardgamegeek.com/boardgame/8515
94396,It Never Snows,2012,7.47,5.69,2.54,6685,273,No,https://boardgamegeek.com/boardgame/94396
34010,Journey to the Center of the Earth,2008,6.31,5.69,2.03,6608,848,No,https://boardgamegeek.com/boardgame/34010
4984,Jutland,1967,6.71,5.69,2.91,6709,545,No,https://boardgamegeek.com/boardgame/4984
120600,K2: The Avalanche,2012,7.01,5.69,2.3,,345,Yes,https://boardgamegeek.com/boardgame/120600
4493,Kayanak,1999,6.45,5.69,1.2,6640,622,No,https://boardgamegeek.com/boardgame/4493
118023,Keltis: Das Würfelspiel,2012,6.44,5.69,1.23,6558,603,No,https://boardgamegeek.com/boardgame/118023
132377,Kingdom Builder: Caves,2012,7.02,5.69,2.19,,364,Yes,https://boardgamegeek.com/boardgame/132377
39108,Last Night on Earth: Revenge of the Dead,2008,7.42,5.69,2.1,,289,Yes,https://boardgamegeek.com/boardgame/39108
132497,Lift it!,2012,6.19,5.69,1.26,6508,1046,No,https://boardgamegeek.com/boardgame/132497
122996,Lords of Waterdeep: Inevitable Betrayal Promo Card,2012,7.24,5.69,2.33,,323,Yes,https://boardgamegeek.com/boardgame/122996
864,Mage Knight,2000,6.24,5.69,2.38,6532,1015,No,https://boardgamegeek.com/boardgame/864
12283,Manifest Destiny,2005,6.47,5.69,3.15,6614,602,No,https://boardgamegeek.com/boardgame/12283
134059,Mice and Mystics: Tattered Threads of Reason,2012,7.3,5.69,2.6,,316,Yes,https://boardgamegeek.com/boardgame/134059
134150,Mini Curling Game,2012,6.49,5.69,1.09,6671,550,No,https://boardgamegeek.com/boardgame/134150
6353,Monty's Gamble: Market Garden,2003,7.12,5.69,3.24,6718,334,No,https://boardgamegeek.com/boardgame/6353
1927,Munchkin,2001,5.87,5.69,1.82,6570,53816,No,https://boardgamegeek.com/boardgame/1927
38538,Munchkin Quest 2: Looking for Trouble,2009,6.45,5.69,2.32,,737,Yes,https://boardgamegeek.com/boardgame/38538
98968,Munchkin Zombies 2: Armed and Dangerous,2011,6.77,5.69,1.92,,497,Yes,https://boardgamegeek.com/boardgame/98968
42436,Munchkin: Fairy Dust,2009,6.52,5.69,2.03,,697,Yes,https://boardgamegeek.com/boardgame/42436
10183,Napoleon at Leipzig,1979,7.4,5.69,2.89,6558,280,No,https://boardgamegeek.com/boardgame/10183
35400,Nations at War: White Star Rising,2010,7.31,5.69,2.58,6555,330,No,https://boardgamegeek.com/boardgame/35400
69234,"Operation Dauntless: The Battles for Fontenay and Rauray, France, June 1944",2016,7.73,5.69,4.08,6692,253,No,https://boardgamegeek.com/boardgame/69234
28302,Oware,550,6.59,5.69,2.04,6625,536,No,https://boardgamegeek.com/boardgame/28302
113,"Plotters, Inc.",1999,6.78,5.69,1.85,6650,405,No,https://boardgamegeek.com/boardgame/113
28044,Pocket Civ,2005,6.59,5.69,2.76,6633,537,No,https://boardgamegeek.com/boardgame/28044
43264,Pocket Rockets,2009,6.28,5.69,1.49,6627,805,No,https://boardgamegeek.com/boardgame/43264
90041,Principato,2011,6.14,5.69,2.28,6551,1054,No,https://boardgamegeek.com/boardgame/90041
6738,Quicksand,2003,6.12,5.69,1.17,6681,1110,No,https://boardgamegeek.com/boardgame/6738
11269,"Roads to Leningrad: Battles of Soltsy and Staraya Russa, 1941",2004,7.47,5.69,3.37,6540,283,No,https://boardgamegeek.com/boardgame/11269
99630,Rolling Stock,2011,7.3,5.69,3.89,6657,278,No,https://boardgamegeek.com/boardgame/99630
15878,Rummy,1887,5.94,5.69,1.39,6662,2415,No,https://boardgamegeek.com/boardgame/15878
18623,Runebound: Crown of the Elder Kings,2005,6.99,5.69,2.35,,403,Yes,https://boardgamegeek.com/boardgame/18623
23512,Runebound: Drakes and Dragonspawn,2006,7.39,5.69,2.12,,296,Yes,https://boardgamegeek.com/boardgame/23512
46782,Rush n' Crush,2009,6.27,5.69,2.21,6588,858,No,https://boardgamegeek.com/boardgame/46782
140795,Say Bye to the Villains,2012,6.34,5.69,2.16,6704,721,No,https://boardgamegeek.com/boardgame/140795
102610,Shitenno,2011,6.68,5.69,2.73,6536,459,No,https://boardgamegeek.com/boardgame/102610
42971,Snow Tails: The Leap of Death,2009,7.15,5.69,1.8,,302,Yes,https://boardgamegeek.com/boardgame/42971
13530,Sole Mio!,2004,6.24,5.69,1.45,6507,824,No,https://boardgamegeek.com/boardgame/13530
7529,Space Crusade: Eldar Attack,1991,7.17,5.69,2.6,,368,Yes,https://boardgamegeek.com/boardgame/7529
137182,Star Wars: The Card Game – A Dark Time,2013,7.61,5.69,3.25,,273,Yes,https://boardgamegeek.com/boardgame/137182
137847,Star Wars: The Card Game – Assault on Echo Base,2013,7.61,5.69,3.08,,257,Yes,https://boardgamegeek.com/boardgame/137847
1708,Stellar Conquest,1975,6.5,5.69,3.04,6562,640,No,https://boardgamegeek.com/boardgame/1708
3083,Submarine,1976,6.62,5.69,3.23,6697,580,No,https://boardgamegeek.com/boardgame/3083
92934,Summoner Wars: Khexhu,2011,7.62,5.69,2.62,,251,Yes,https://boardgamegeek.com/boardgame/92934
124322,Super Dungeon Explore: Caverns of Roxor,2012,7.29,5.69,2.58,,312,Yes,https://boardgamegeek.com/boardgame/124322
696,The Big Idea,2000,6.29,5.69,1.32,6569,825,No,https://boardgamegeek.com/boardgame/696
57073,The Fires of Midway: The Carrier Battles of 1942,2010,7.34,5.69,2.52,6610,318,No,https://boardgamegeek.com/boardgame/57073
83629,The Hobbit,2010,5.97,5.69,1.75,6666,2080,No,https://boardgamegeek.com/boardgame/83629
1602,The Royal Game of Ur,-2600,6.26,5.69,1.22,6695,1000,No,https://boardgamegeek.com/boardgame/1602
139508,The Walled City: Londonderry & Borderlands,2014,6.69,5.69,3.22,6568,505,No,https://boardgamegeek.com/boardgame/139508
25293,Thurn und Taxis: Der Kurier der Fürstin,2006,6.77,5.69,1.91,,423,Yes,https://boardgamegeek.com/boardgame/25293
1644,Tipp-Kick,1921,6.55,5.69,1.22,6605,554,No,https://boardgamegeek.com/boardgame/1644
132479,Tokaido: The New Encounters,2012,6.86,5.69,1.83,,369,Yes,https://boardgamegeek.com/boardgame/132479
748,Trax,1980,6.5,5.69,2.11,6554,607,No,https://boardgamegeek.com/boardgame/748
126239,Twin Tin Bots,2013,6.22,5.69,2.4,6618,880,No,https://boardgamegeek.com/boardgame/126239
85108,U-Boat Leader,2011,7.01,5.69,2.54,6676,410,No,https://boardgamegeek.com/boardgame/85108
4475,Unexpected Treasures,2002,6.2,5.69,1.32,6702,873,No,https://boardgamegeek.com/boardgame/4475
3853,Warhammer Quest: Lair of the Orc Lord,1995,7.67,5.69,2.5,,271,Yes,https://boardgamegeek.com/boardgame/3853
57940,Warhammer: Invasion – Path of the Zealot,2009,7.42,5.69,2.06,,275,Yes,https://boardgamegeek.com/boardgame/57940
4974,"Wellington's Victory: Battle of Waterloo Game – June 18th, 1815",1976,7.17,5.69,4.17,6714,331,No,https://boardgamegeek.com/boardgame/4974
36314,Where Eagles Dare: The Battle for Hell's Highway,2011,8.26,5.69,3.48,6522,208,No,https://boardgamegeek.com/boardgame/36314
13337,Whist,1663,6.44,5.69,1.98,6571,637,No,https://boardgamegeek.com/boardgame/13337
19394,Wings of War: Recon Patrol Booster Pack,2006,7.29,5.69,1.77,,314,Yes,https://boardgamegeek.com/boardgame/19394
127216,Yggdrasil: Asgard,2012,7.67,5.69,2.61,,246,Yes,https://boardgamegeek.com/boardgame/127216
38896,Zooloretto XXL,2008,6.87,5.69,2.07,,422,Yes,https://boardgamegeek.com/boardgame/38896
2579,Arctic Front: Battle for Norway,1985,7.3,5.68,3.47,6738,295,No,https://boardgamegeek.com/boardgame/2579
29875,"Barbarossa: Kiev to Rostov, 1941",2008,7.82,5.68,4.18,6937,230,No,https://boardgamegeek.com/boardgame/29875
22420,Battles of Napoleon: The Eagle and the Lion,2010,7.3,5.68,3.63,6841,322,No,https://boardgamegeek.com/boardgame/22420
25685,Blackbeard: The Golden Age of Piracy,2008,6.11,5.68,3.31,6759,1244,No,https://boardgamegeek.com/boardgame/25685
8615,Blood Reef: Tarawa – ASL Historical Module 5,1999,8.19,5.68,4.38,,206,Yes,https://boardgamegeek.com/boardgame/8615
66982,Boomerang,2010,6.42,5.68,1.53,6884,611,No,https://boardgamegeek.com/boardgame/66982
61965,Carson City: The Indian,2009,7.26,5.68,2.77,,272,Yes,https://boardgamegeek.com/boardgame/61965
56157,"Catan: Treasures, Dragons & Adventurers",2009,7.5,5.68,2.22,,280,Yes,https://boardgamegeek.com/boardgame/56157
26447,Clash of Monarchs: The Seven Years War in Europe 1756-1763,2008,7.06,5.68,4.06,6843,369,No,https://boardgamegeek.com/boardgame/26447
67917,Colonialism,2013,6.72,5.68,2.95,6827,407,No,https://boardgamegeek.com/boardgame/67917
10989,ConHex,2002,6.87,5.68,2.8,6724,401,No,https://boardgamegeek.com/boardgame/10989
38216,Conflict of Heroes: Marsh Map Missions,2008,7.48,5.68,2.61,,261,Yes,https://boardgamegeek.com/boardgame/38216
41833,Creationary,2009,5.93,5.68,1.35,6865,1982,No,https://boardgamegeek.com/boardgame/41833
5452,"DAK: The Campaign in North Africa, 1940-1942",1997,8.1,5.68,4.08,6871,209,No,https://boardgamegeek.com/boardgame/5452
137033,DC Deck-Building Game: Martian Manhunter promo,2012,7.53,5.68,1.94,,268,Yes,https://boardgamegeek.com/boardgame/137033
539,Dampfross,1979,6.21,5.68,2.17,6726,911,No,https://boardgamegeek.com/boardgame/539
59429,Dark Darker Darkest,2013,6.24,5.68,3.3,6856,1032,No,https://boardgamegeek.com/boardgame/59429
6191,Der Isses!,1998,6.63,5.68,1.48,6840,445,No,https://boardgamegeek.com/boardgame/6191
3321,Die Pyramiden des Jaguar,2002,6.08,5.68,1.74,6951,978,No,https://boardgamegeek.com/boardgame/3321
67593,Die Säulen der Erde: das Kartenspiel,2010,6.22,5.68,2.11,6888,865,No,https://boardgamegeek.com/boardgame/67593
136356,Dread Curse,2013,6.3,5.68,1.83,6881,724,No,https://boardgamegeek.com/boardgame/136356
9735,Duell,2004,6.32,5.68,1.33,6828,644,No,https://boardgamegeek.com/boardgame/9735
264,Enemy in Sight,1988,6.28,5.68,1.68,6901,715,No,https://boardgamegeek.com/boardgame/264
88594,Eruption,2011,6.08,5.68,2.02,6817,1199,No,https://boardgamegeek.com/boardgame/88594
19419,Euphrates & Tigris: Contest of Kings,2005,6.06,5.68,2.74,6837,1305,No,https://boardgamegeek.com/boardgame/19419
84869,Felinia,2010,6.43,5.68,2.6,6889,617,No,https://boardgamegeek.com/boardgame/84869
4955,Formula Dé Circuits 21 & 22: Budapest & Nürburgring,1999,7.53,5.68,1.9,,241,Yes,https://boardgamegeek.com/boardgame/4955
4942,Formula Dé Circuits 5 & 6: Kyalami & Ferrari Autodromo,1997,7.47,5.68,1.95,,248,Yes,https://boardgamegeek.com/boardgame/4942
123536,GOSU 2: Tactics,2012,6.9,5.68,2.41,6802,385,No,https://boardgamegeek.com/boardgame/123536
129976,Game of Thrones: The Card Game,2012,6.18,5.68,2.74,6750,1012,No,https://boardgamegeek.com/boardgame/129976
194,Groo: The Game,1997,6.27,5.68,1.49,6774,859,No,https://boardgamegeek.com/boardgame/194
23053,Guatemala Café,2006,6.24,5.68,2.57,6836,804,No,https://boardgamegeek.com/boardgame/23053
3495,Harry Potter Trading Card Game,2001,6.18,5.68,1.96,6734,1141,No,https://boardgamegeek.com/boardgame/3495
5369,Hordes of the Things,1991,7.37,5.68,2.47,6965,280,No,https://boardgamegeek.com/boardgame/5369
22049,Illuminati: Bavarian Fire Drill,2007,7.15,5.68,2.57,,352,Yes,https://boardgamegeek.com/boardgame/22049
62853,JAB: Realtime Boxing,2011,6.11,5.68,1.74,6761,1060,No,https://boardgamegeek.com/boardgame/62853
137900,Jupiter Rescue,2013,6.63,5.68,1.88,6853,457,No,https://boardgamegeek.com/boardgame/137900
2968,Ka-Ching!,2001,6.43,5.68,1.5,6763,604,No,https://boardgamegeek.com/boardgame/2968
135037,Kingdom Death: Monster – Lion Knight Expansion,2016,8.54,5.68,4.0,,199,Yes,https://boardgamegeek.com/boardgame/135037
8138,Kogge,2003,6.73,5.68,3.43,6802,392,No,https://boardgamegeek.com/boardgame/8138
37461,Kraków 1325 AD,2008,6.45,5.68,2.43,6764,596,No,https://boardgamegeek.com/boardgame/37461
12897,La Bataille de Ligny,1991,7.96,5.68,3.87,6725,235,No,https://boardgamegeek.com/boardgame/12897
85424,La Bataille de la Moscowa (Third Edition),2011,8.54,5.68,4.16,6858,188,No,https://boardgamegeek.com/boardgame/85424
26946,Ladybohn: Manche mögen's heiss!,2007,7.03,5.68,2.0,6847,323,No,https://boardgamegeek.com/boardgame/26946
132436,Last Will: Messenger Promo Card,2012,7.15,5.68,2.24,,293,Yes,https://boardgamegeek.com/boardgame/132436
5680,Lee vs. Grant: The Wilderness Campaign of 1864,1988,7.19,5.68,3.07,6792,317,No,https://boardgamegeek.com/boardgame/5680
6209,Mag·Blast (Second Edition),2002,6.35,5.68,1.55,6780,716,No,https://boardgamegeek.com/boardgame/6209
114261,Malta Besieged: 1940-1942,2011,7.63,5.68,2.04,6856,233,No,https://boardgamegeek.com/boardgame/114261
5767,Mammoth Hunters,2003,6.12,5.68,2.33,6742,1053,No,https://boardgamegeek.com/boardgame/5767
95613,Mammut,2011,6.24,5.68,1.79,6964,731,No,https://boardgamegeek.com/boardgame/95613
108344,Might & Magic Heroes,2012,6.46,5.68,3.33,6957,642,No,https://boardgamegeek.com/boardgame/108344
18898,Munchkin Bites! 2: Pants Macabre,2005,6.38,5.68,2.06,,792,Yes,https://boardgamegeek.com/boardgame/18898
87658,Munchkinomicon,2011,6.73,5.68,2.0,,481,Yes,https://boardgamegeek.com/boardgame/87658
534,N.Y. Chase,1999,6.41,5.68,1.98,6846,668,No,https://boardgamegeek.com/boardgame/534
39232,Nemo's War,2009,7.03,5.68,2.0,6765,332,No,https://boardgamegeek.com/boardgame/39232
135796,Next War: Taiwan,2014,7.93,5.68,4.31,6786,245,No,https://boardgamegeek.com/boardgame/135796
1549,Password,1962,6.13,5.68,1.51,6918,1062,No,https://boardgamegeek.com/boardgame/1549
76203,RRR,2010,6.69,5.68,1.85,6857,455,No,https://boardgamegeek.com/boardgame/76203
460,Railway Rivals,1979,6.71,5.68,2.33,6934,416,No,https://boardgamegeek.com/boardgame/460
100173,Resident Evil Deck Building Game: Outbreak,2011,7.11,5.68,2.75,,386,Yes,https://boardgamegeek.com/boardgame/100173
23010,Risk: 40th Anniversary Collector's Edition,1999,6.4,5.68,2.28,6950,741,No,https://boardgamegeek.com/boardgame/23010
99437,Rumble in the House,2011,6.14,5.68,1.05,6906,1006,No,https://boardgamegeek.com/boardgame/99437
23655,Runebound: Champions of Kellos,2006,7.33,5.68,2.2,,278,Yes,https://boardgamegeek.com/boardgame/23655
28870,Runebound: Rituals and Runes,2008,7.51,5.68,2.56,,253,Yes,https://boardgamegeek.com/boardgame/28870
23665,Runebound: Shadows of Margath (Second Edition),2006,7.29,5.68,2.26,,296,Yes,https://boardgamegeek.com/boardgame/23665
57,Schoko & Co.,1987,6.61,5.68,2.92,6919,451,No,https://boardgamegeek.com/boardgame/57
134392,Sentinels of the Multiverse: Freedom Six Promo Pack,2013,8.22,5.68,2.43,,176,Yes,https://boardgamegeek.com/boardgame/134392
101929,Sergeants Miniatures Game: Day of Days,2011,7.64,5.68,2.58,6873,260,No,https://boardgamegeek.com/boardgame/101929
3225,Sherlock Holmes Consulting Detective: The Queen's Park Affair,1984,7.55,5.68,2.8,,244,Yes,https://boardgamegeek.com/boardgame/3225
126750,Sky Tango,2012,6.27,5.68,1.35,6863,739,No,https://boardgamegeek.com/boardgame/126750
3534,Star Trader,1982,7.28,5.68,3.63,6731,321,No,https://boardgamegeek.com/boardgame/3534
139591,Star Wars: The Card Game – The Battle of Hoth,2013,7.8,5.68,3.11,,230,Yes,https://boardgamegeek.com/boardgame/139591
114912,Starship Merchants,2012,6.43,5.68,2.7,6889,549,No,https://boardgamegeek.com/boardgame/114912
58624,Storm Over Dien Bien Phu,2014,7.6,5.68,2.58,6844,230,No,https://boardgamegeek.com/boardgame/58624
1783,The Creature That Ate Sheboygan,1979,6.48,5.68,1.66,6821,589,No,https://boardgamegeek.com/boardgame/1783
35289,The Dutch Golden Age,2008,6.36,5.68,2.48,6920,628,No,https://boardgamegeek.com/boardgame/35289
2800,The Ironclads: A Tactical Level Game of Naval Combat in the American Civil War 1861-1865,1979,7.36,5.68,3.51,6815,296,No,https://boardgamegeek.com/boardgame/2800
17162,The Little Orchard,2004,6.44,5.68,1.09,6903,577,No,https://boardgamegeek.com/boardgame/17162
114667,The New Science,2013,6.39,5.68,2.62,6895,670,No,https://boardgamegeek.com/boardgame/114667
126,The Really Nasty Horse Racing Game,1989,6.28,5.68,1.65,6756,915,No,https://boardgamegeek.com/boardgame/126
38735,The Swarm,2008,6.31,5.68,2.54,6923,639,No,https://boardgamegeek.com/boardgame/38735
93541,Urbania,2012,6.42,5.68,2.34,6948,575,No,https://boardgamegeek.com/boardgame/93541
1894,War Galley: Naval Warfare in the Ancient World,1999,7.12,5.68,3.12,6881,321,No,https://boardgamegeek.com/boardgame/1894
3858,Warhammer Quest: Catacombs of Terror,1995,7.71,5.68,2.75,,246,Yes,https://boardgamegeek.com/boardgame/3858
27658,Warhammer: Battle For Skull Pass,2006,6.8,5.68,3.56,6820,429,No,https://boardgamegeek.com/boardgame/27658
58157,Warhammer: Invasion – Tooth and Claw,2009,7.43,5.68,2.47,,256,Yes,https://boardgamegeek.com/boardgame/58157
67178,Water Lily,2010,6.58,5.68,1.28,6913,466,No,https://boardgamegeek.com/boardgame/67178
85000,"We Must Tell the Emperor: The Great Pacific War, 1941 to 1945",2010,7.38,5.68,2.02,6749,286,No,https://boardgamegeek.com/boardgame/85000
13089,Wie ich die Welt sehe...,2004,6.81,5.68,1.13,6832,380,No,https://boardgamegeek.com/boardgame/13089
97875,Wiraqocha,2011,6.52,5.68,2.64,6892,509,No,https://boardgamegeek.com/boardgame/97875
22864,Zeus on the Loose,2006,6.07,5.68,1.11,6959,1292,No,https://boardgamegeek.com/boardgame/22864
32332,Zooloretto: Polar Bear,2007,6.54,5.68,1.6,,527,Yes,https://boardgamegeek.com/boardgame/32332
8616,A Bridge Too Far: ASL Historical Module 6,1999,8.18,5.67,4.2,,189,Yes,https://boardgamegeek.com/boardgame/8616
66958,A Game of Thrones: The Card Game – Lords of Winter,2010,7.42,5.67,2.82,,256,Yes,https://boardgamegeek.com/boardgame/66958
43533,A Touch of Evil: 'The Allies' Game Supplement,2009,7.67,5.67,2.33,,240,Yes,https://boardgamegeek.com/boardgame/43533
39097,A Touch of Evil: ‘The Madness' Game Supplement,2008,7.45,5.67,2.5,,260,Yes,https://boardgamegeek.com/boardgame/39097
895,APBA Pro Baseball,1951,7.17,5.67,1.89,7041,340,No,https://boardgamegeek.com/boardgame/895
13071,Age of Gods,2004,6.31,5.67,2.3,7122,755,No,https://boardgamegeek.com/boardgame/13071
121285,Age of Industry Expansion: Great Lakes & South Africa,2013,7.97,5.67,3.41,,172,Yes,https://boardgamegeek.com/boardgame/121285
30725,Age of Steam Expansion: Montréal Métro,2007,8.3,5.67,3.71,,155,Yes,https://boardgamegeek.com/boardgame/30725
131403,Agricola: Belgium Deck,2012,7.09,5.67,3.2,,297,Yes,https://boardgamegeek.com/boardgame/131403
3613,Air Superiority,1987,6.89,5.67,3.92,7077,417,No,https://boardgamegeek.com/boardgame/3613
639,American Megafauna,1997,6.85,5.67,3.82,7032,353,No,https://boardgamegeek.com/boardgame/639
5808,Apples to Apples: Expansion Set #1,1999,6.35,5.67,1.2,,681,Yes,https://boardgamegeek.com/boardgame/5808
28907,B-29 Superfortress,2008,7.04,5.67,2.65,6979,373,No,https://boardgamegeek.com/boardgame/28907
128666,BANG! 10th Anniversary,2012,6.9,5.67,1.91,,392,No,https://boardgamegeek.com/boardgame/128666
10641,"Barbarossa: Army Group South, 1941",1996,7.88,5.67,4.17,7146,206,No,https://boardgamegeek.com/boardgame/10641
42444,Batt'l Kha'os,2009,6.26,5.67,1.65,7150,717,No,https://boardgamegeek.com/boardgame/42444
37926,BattleLore: For Troll and Country,2008,7.04,5.67,2.3,,311,Yes,https://boardgamegeek.com/boardgame/37926
42997,Blitz! A World in Conflict,2015,7.64,5.67,3.39,7084,256,No,https://boardgamegeek.com/boardgame/42997
82,Bobby Lee: The Civil War in Virginia 1861-1865,1993,6.82,5.67,2.94,6972,395,No,https://boardgamegeek.com/boardgame/82
25314,Bowling Solitaire,1969,6.67,5.67,1.54,7082,403,No,https://boardgamegeek.com/boardgame/25314
923,Breakaway Rider,1963,6.16,5.67,1.27,7137,840,No,https://boardgamegeek.com/boardgame/923
10496,Camelot Legends,2004,6.09,5.67,2.33,7048,1235,No,https://boardgamegeek.com/boardgame/10496
4401,Canal Grande,2002,6.37,5.67,2.02,7026,589,No,https://boardgamegeek.com/boardgame/4401
4318,"Cannes: Stars, Scripts and Screens",2002,6.39,5.67,2.5,7058,576,No,https://boardgamegeek.com/boardgame/4318
120686,Carcassonne: Corn Circles II,2012,6.48,5.67,1.74,,547,Yes,https://boardgamegeek.com/boardgame/120686
23919,China Rails,2007,7.06,5.67,2.73,6982,319,No,https://boardgamegeek.com/boardgame/23919
53708,Chrononauts: The Gore Years,2009,6.53,5.67,1.86,,523,Yes,https://boardgamegeek.com/boardgame/53708
11568,Civilization: Expansion Trade Cards Set,1982,7.81,5.67,3.0,,197,Yes,https://boardgamegeek.com/boardgame/11568
4008,Cobra: Game of the Normandy Breakout,1977,6.82,5.67,2.82,7172,380,No,https://boardgamegeek.com/boardgame/4008
3093,Croak!,1999,6.49,5.67,1.56,7123,538,No,https://boardgamegeek.com/boardgame/3093
129615,DOG Royal,2012,6.56,5.67,1.96,6991,527,No,https://boardgamegeek.com/boardgame/129615
393,Dinosaurs of the Lost World,1987,6.69,5.67,1.94,7014,436,No,https://boardgamegeek.com/boardgame/393
125048,Dobble: Free Demo Version,2013,6.4,5.67,1.02,7003,823,No,https://boardgamegeek.com/boardgame/125048
36325,Down in Flames: Aces High,2008,7.02,5.67,2.12,7165,327,No,https://boardgamegeek.com/boardgame/36325
38553,Duck Dealer,2008,6.32,5.67,3.67,7064,613,No,https://boardgamegeek.com/boardgame/38553
133967,Eclipse: Rise of the Ancients – The Tractor Beam,2012,7.34,5.67,3.12,,254,Yes,https://boardgamegeek.com/boardgame/133967
597,El Grande: Grandissimo,2000,6.92,5.67,3.09,,332,Yes,https://boardgamegeek.com/boardgame/597
711,Elfenroads,1992,6.99,5.67,2.5,7180,318,No,https://boardgamegeek.com/boardgame/711
68260,FAB: Sicily,2011,7.21,5.67,3.07,7104,285,No,https://boardgamegeek.com/boardgame/68260
57759,Filipino Fruit Market,2009,6.61,5.67,1.95,7012,414,No,https://boardgamegeek.com/boardgame/57759
1942,Foppen,1995,6.61,5.67,1.63,7027,434,No,https://boardgamegeek.com/boardgame/1942
35423,Founding Fathers,2007,7.69,5.67,3.06,7096,213,No,https://boardgamegeek.com/boardgame/35423
950,Four Dragons,2000,6.58,5.67,2.36,7179,444,No,https://boardgamegeek.com/boardgame/950
86048,Fresco: Expansion Module 7 – The Scrolls,2010,6.9,5.67,2.29,,350,Yes,https://boardgamegeek.com/boardgame/86048
109140,Fresco: The Bishop's Favor,2011,7.01,5.67,1.81,,303,Yes,https://boardgamegeek.com/boardgame/109140
54833,Ghost Stories: Chuck No-Rice,2009,7.03,5.67,2.35,,318,Yes,https://boardgamegeek.com/boardgame/54833
1693,Gladiator,1981,6.6,5.67,2.86,7134,510,No,https://boardgamegeek.com/boardgame/1693
2345,Groo: The Game – Expansion Set,1997,6.72,5.67,1.52,,407,Yes,https://boardgamegeek.com/boardgame/2345
2379,Guesstures,1990,5.94,5.67,1.18,7119,1924,No,https://boardgamegeek.com/boardgame/2379
7086,Guilford,2002,7.08,5.67,2.65,6998,291,No,https://boardgamegeek.com/boardgame/7086
21355,Himalaya: The 5-6 Player Expansion,2006,7.35,5.67,2.5,,235,Yes,https://boardgamegeek.com/boardgame/21355
110331,Infarkt,2011,6.5,5.67,1.66,6975,577,No,https://boardgamegeek.com/boardgame/110331
39166,Jamaica: Extra Treasures,2008,7.17,5.67,1.74,,268,Yes,https://boardgamegeek.com/boardgame/39166
38391,Kakerlakensuppe,2008,6.14,5.67,1.17,7010,983,No,https://boardgamegeek.com/boardgame/38391
4753,King's Gate,2002,6.17,5.67,2.04,6966,862,No,https://boardgamegeek.com/boardgame/4753
135712,Kingdom Death: Monster – Lion God Expansion,2016,8.63,5.67,4.0,,183,Yes,https://boardgamegeek.com/boardgame/135712
117854,Kosmonauts,2012,6.61,5.67,2.17,7044,441,No,https://boardgamegeek.com/boardgame/117854
126912,Lady Alice,2012,6.3,5.67,1.97,7097,633,No,https://boardgamegeek.com/boardgame/126912
39941,Legion of Honor,2014,7.27,5.67,2.73,7029,288,No,https://boardgamegeek.com/boardgame/39941
37036,Lifeboat Expansion #1: Cannibalism,2008,6.53,5.67,1.86,,512,Yes,https://boardgamegeek.com/boardgame/37036
111173,Little Devils,2012,6.15,5.67,1.35,7045,863,No,https://boardgamegeek.com/boardgame/111173
28284,Lock 'n Load: Heroes of the Blitzkrieg,2009,7.9,5.67,3.07,7117,208,No,https://boardgamegeek.com/boardgame/28284
1536,Lord of the Fries,1998,5.96,5.67,1.29,7017,1719,No,https://boardgamegeek.com/boardgame/1536
83325,Lost Battles: Forty Battles & Campaigns of the Ancient World,2011,7.82,5.67,3.13,7087,206,No,https://boardgamegeek.com/boardgame/83325
1421,Lost Worlds,1983,6.58,5.67,1.69,7086,463,No,https://boardgamegeek.com/boardgame/1421
872,M,2000,6.32,5.67,1.96,6987,640,No,https://boardgamegeek.com/boardgame/872
10206,Make 'n' Break,2004,6.0,5.67,1.25,7060,1384,No,https://boardgamegeek.com/boardgame/10206
9139,Marco Polo Expedition,2004,6.17,5.67,1.8,7047,868,No,https://boardgamegeek.com/boardgame/9139
119881,Medioevo Universale,2018,7.65,5.67,3.32,6982,330,No,https://boardgamegeek.com/boardgame/119881
33924,Nightfighter: Air Warfare in the Night Skies of World War Two,2011,7.42,5.67,2.61,7011,259,No,https://boardgamegeek.com/boardgame/33924
38877,No Retreat!: The Russian Front 1941-1944,2008,7.81,5.67,2.58,7162,198,No,https://boardgamegeek.com/boardgame/38877
115288,Penny Arcade: The Game – Rumble in R'lyeh,2012,6.91,5.67,2.16,7035,373,No,https://boardgamegeek.com/boardgame/115288
102144,Perplexus Epic,2010,7.19,5.67,2.0,7049,263,No,https://boardgamegeek.com/boardgame/102144
151,Piratenbillard,1989,6.53,5.67,1.23,7102,462,No,https://boardgamegeek.com/boardgame/151
25947,PitchCar Mini: Extension 2 – More Speed More Fun,2006,7.05,5.67,1.17,,283,Yes,https://boardgamegeek.com/boardgame/25947
118385,Pocket Battles: Macedonians vs. Persians,2012,6.76,5.67,1.89,6988,405,No,https://boardgamegeek.com/boardgame/118385
68603,Popular Front,2010,7.07,5.67,2.24,7176,297,No,https://boardgamegeek.com/boardgame/68603
72268,Railways Through Time,2011,7.25,5.67,2.67,,262,Yes,https://boardgamegeek.com/boardgame/72268
120269,Red White & Blue Racin': Stock Car Action Game,2012,8.56,5.67,1.92,7074,185,No,https://boardgamegeek.com/boardgame/120269
766,Regatta,1967,6.37,5.67,2.05,7080,621,No,https://boardgamegeek.com/boardgame/766
111330,Resident Evil Deck Building Game: Nightmare,2011,7.29,5.67,2.69,,303,Yes,https://boardgamegeek.com/boardgame/111330
8504,Risk: The Lord of the Rings Expansion Set (incl. Siege of Minas Tirith game),2003,6.45,5.67,2.53,,686,Yes,https://boardgamegeek.com/boardgame/8504
132445,Robinson Crusoe: Adventures on the Cursed Island – Trait Cards I,2012,6.85,5.67,2.56,,363,Yes,https://boardgamegeek.com/boardgame/132445
28874,Runebound: The Cataclysm,2008,7.47,5.67,2.07,,234,Yes,https://boardgamegeek.com/boardgame/28874
28872,Runebound: Traps and Terrors,2008,7.31,5.67,2.27,,267,Yes,https://boardgamegeek.com/boardgame/28872
23513,Runebound: Walkers of the Wild,2006,7.28,5.67,2.37,,270,Yes,https://boardgamegeek.com/boardgame/23513
122913,Samurai Battles,2012,7.34,5.67,2.96,7142,265,No,https://boardgamegeek.com/boardgame/122913
24416,Santy Anno,2006,6.34,5.67,1.49,7033,613,No,https://boardgamegeek.com/boardgame/24416
21358,Savage Worlds,2003,7.99,5.67,2.95,7098,190,No,https://boardgamegeek.com/boardgame/21358
126949,Sentinels of the Multiverse: Cosmic Omnitron Villain Promo Card,2012,8.03,5.67,2.29,,183,Yes,https://boardgamegeek.com/boardgame/126949
126950,Sentinels of the Multiverse: Mad Bomber Blade Villain Promo Card,2012,8.03,5.67,2.43,,179,Yes,https://boardgamegeek.com/boardgame/126950
1070,Shadows in the Forest,1985,6.02,5.67,1.11,7065,1388,No,https://boardgamegeek.com/boardgame/1070
110102,Siberia,2011,6.75,5.67,2.41,6979,391,No,https://boardgamegeek.com/boardgame/110102
121423,Skyline,2012,5.96,5.67,1.28,7043,1498,No,https://boardgamegeek.com/boardgame/121423
5511,Southern Front: Race for the Turkish Straits,1984,7.39,5.67,3.36,7094,257,No,https://boardgamegeek.com/boardgame/5511
130295,Spellbound,2012,6.78,5.67,2.62,7171,347,No,https://boardgamegeek.com/boardgame/130295
19056,Square on Sale,2002,7.24,5.67,2.5,7112,247,No,https://boardgamegeek.com/boardgame/19056
3040,Star Trek: Starship Tactical Combat Simulator,1983,6.8,5.67,2.88,7008,453,No,https://boardgamegeek.com/boardgame/3040
3095,Star Trek: The Adventure Game,1985,6.96,5.67,2.21,7075,331,No,https://boardgamegeek.com/boardgame/3095
140916,Star Wars: The Card Game – Escape from Hoth,2013,7.69,5.67,3.27,,217,Yes,https://boardgamegeek.com/boardgame/140916
4453,Statis Pro Basketball,1972,7.1,5.67,2.15,7081,333,No,https://boardgamegeek.com/boardgame/4453
109144,Steam: Map Expansion #2,2011,7.91,5.67,3.67,,179,Yes,https://boardgamegeek.com/boardgame/109144
40432,Stratego (Revised Edition),2008,6.2,5.67,1.95,7103,928,No,https://boardgamegeek.com/boardgame/40432
9021,Sunken City,2004,6.16,5.67,1.99,7073,889,No,https://boardgamegeek.com/boardgame/9021
270,Svea Rike,1996,6.41,5.67,2.44,7161,660,No,https://boardgamegeek.com/boardgame/270
11274,The Devil's Horsemen: The Mongol War Machine,2004,7.36,5.67,3.44,7124,259,No,https://boardgamegeek.com/boardgame/11274
28185,The Kaiser's Pirates,2007,6.45,5.67,2.26,7169,567,No,https://boardgamegeek.com/boardgame/28185
140771,The Resistance: Merlin/Assassin Promo,2013,7.38,5.67,1.67,,229,Yes,https://boardgamegeek.com/boardgame/140771
279,The Very Clever Pipe Game,1996,6.22,5.67,1.59,6995,830,No,https://boardgamegeek.com/boardgame/279
10226,"Thunder at the Crossroads: The Battle of Gettysburg, July 1-3, 1863  (Second Edition)",1993,7.85,5.67,3.42,7070,219,No,https://boardgamegeek.com/boardgame/10226
2154,Thunderbolt/Apache Leader,1991,7.2,5.67,2.58,7107,274,No,https://boardgamegeek.com/boardgame/2154
121007,Thunderstone: Avatars,2012,6.86,5.67,2.36,,345,Yes,https://boardgamegeek.com/boardgame/121007
66613,Titania,2010,6.46,5.67,2.23,7160,493,No,https://boardgamegeek.com/boardgame/66613
5455,Tobruk:  Tank Battles in North Africa 1942,1975,6.47,5.67,3.76,7111,646,No,https://boardgamegeek.com/boardgame/5455
43320,Tomb: Cryptmaster,2009,6.41,5.67,2.86,7168,609,No,https://boardgamegeek.com/boardgame/43320
146,Trading Titans,1996,6.14,5.67,1.97,6977,934,No,https://boardgamegeek.com/boardgame/146
941,Turbo Taxi,2000,6.07,5.67,1.47,6988,1145,No,https://boardgamegeek.com/boardgame/941
8485,Tyrant: Battles of Carthage versus Syracuse,2003,8.04,5.67,3.29,,181,Yes,https://boardgamegeek.com/boardgame/8485
28452,Valor & Victory,2007,7.65,5.67,2.65,7044,252,No,https://boardgamegeek.com/boardgame/28452
130655,Viticulture: Arboriculture and Formaggio Expansions,2013,7.34,5.67,2.71,,261,Yes,https://boardgamegeek.com/boardgame/130655
2678,Voyage of the B.S.M. Pandora,1981,6.9,5.67,2.67,7183,379,No,https://boardgamegeek.com/boardgame/2678
126613,"Warhammer 40,000 (Sixth Edition)",2012,6.67,5.67,3.55,7174,411,No,https://boardgamegeek.com/boardgame/126613
1799,Warlord: Saga of the Storm,2001,6.86,5.67,2.69,7036,439,No,https://boardgamegeek.com/boardgame/1799
22161,WestFront II: The War in Europe 1943-45 – Second Edition,2006,7.85,5.67,3.36,7091,204,No,https://boardgamegeek.com/boardgame/22161
137651,What's He Building in There?,2013,6.62,5.67,3.33,7071,445,No,https://boardgamegeek.com/boardgame/137651
132817,Xanadú,2012,6.44,5.67,2.2,7090,555,No,https://boardgamegeek.com/boardgame/132817
37296,Yahtzee Free for All,2008,6.26,5.67,1.24,7040,709,No,https://boardgamegeek.com/boardgame/37296
83197,Zen Master,2010,6.3,5.67,1.31,7046,665,No,https://boardgamegeek.com/boardgame/83197
139865,Zombicide: Box of Zombies – Set #1: Walk of the Dead,2013,7.24,5.67,2.18,,301,Yes,https://boardgamegeek.com/boardgame/139865
937,1825 Unit 1,1995,6.85,5.66,3.56,7271,314,No,https://boardgamegeek.com/boardgame/937
16000,1825 Unit 2,2000,7.41,5.66,3.53,7190,221,No,https://boardgamegeek.com/boardgame/16000
38986,18NEB,2010,7.36,5.66,3.95,7382,213,No,https://boardgamegeek.com/boardgame/38986
5677,A Bridge Too Far: Arnhem,1976,7.27,5.66,2.23,7256,261,No,https://boardgamegeek.com/boardgame/5677
35612,ASL Action Pack #4: Normandy 1944,2008,8.28,5.66,4.3,,157,Yes,https://boardgamegeek.com/boardgame/35612
7103,Ace of Aces: Flying Machines,1983,6.99,5.66,1.72,7268,315,No,https://boardgamegeek.com/boardgame/7103
59158,Agricola: CZ-Deck,2009,7.18,5.66,3.16,,269,Yes,https://boardgamegeek.com/boardgame/59158
3044,Air Assault on Crete / Invasion of Malta: 1942,1977,6.49,5.66,3.14,7302,562,No,https://boardgamegeek.com/boardgame/3044
7469,Aliens: Expansion,1990,7.67,5.66,2.17,,209,Yes,https://boardgamegeek.com/boardgame/7469
69851,Aliens: This Time It's War,2010,7.52,5.66,1.84,7330,217,No,https://boardgamegeek.com/boardgame/69851
5865,Apples to Apples: Expansion Set #2,2000,6.54,5.66,1.15,,462,Yes,https://boardgamegeek.com/boardgame/5865
89668,BITS,2011,6.39,5.66,1.46,7439,479,No,https://boardgamegeek.com/boardgame/89668
68923,BattleLore: Horrific Horde,2010,7.74,5.66,2.59,,202,Yes,https://boardgamegeek.com/boardgame/68923
59728,Beyond the Beaches: ASL Starter Kit Bonus Pack #1,2009,7.79,5.66,3.12,,203,Yes,https://boardgamegeek.com/boardgame/59728
330,Block Mania,1987,6.52,5.66,2.76,7325,474,No,https://boardgamegeek.com/boardgame/330
2286,Blood Bowl Star Players,1989,6.82,5.66,2.83,,333,Yes,https://boardgamegeek.com/boardgame/2286
4564,Blue & Gray: Four American Civil War Battles,1975,6.68,5.66,2.0,,391,No,https://boardgamegeek.com/boardgame/4564
16320,Bonnie and Clyde,2009,6.26,5.66,1.63,7233,670,No,https://boardgamegeek.com/boardgame/16320
12355,Brigade Fire and Fury: Wargaming the Civil War with Miniatures,1990,7.72,5.66,3.08,7343,197,No,https://boardgamegeek.com/boardgame/12355
59149,Bunny Bunny Moose Moose,2009,6.02,5.66,1.53,7394,1078,No,https://boardgamegeek.com/boardgame/59149
61882,Call of Cthulhu: The Card Game – Secrets of Arkham,2010,7.36,5.66,3.0,,245,Yes,https://boardgamegeek.com/boardgame/61882
132021,Carcassonne: Winter-Edition – Der Lebkuchenmann,2012,7.26,5.66,1.56,,249,Yes,https://boardgamegeek.com/boardgame/132021
130592,Clue,2012,5.92,5.66,1.48,7208,3978,No,https://boardgamegeek.com/boardgame/130592
9606,Cluzzle,2004,6.28,5.66,1.15,7282,633,No,https://boardgamegeek.com/boardgame/9606
697,Conspiracy,1973,6.27,5.66,1.91,7266,655,No,https://boardgamegeek.com/boardgame/697
6506,Corsairs and Hellcats,2003,7.45,5.66,2.16,,236,Yes,https://boardgamegeek.com/boardgame/6506
4715,Cosmic Encounter: Expansion Set #1,1977,8.12,5.66,2.67,,159,Yes,https://boardgamegeek.com/boardgame/4715
102061,D-Day Dice: Atlantikwall,2012,7.13,5.66,2.29,,263,Yes,https://boardgamegeek.com/boardgame/102061
141653,Disc Duelers,2013,6.62,5.66,1.33,7223,405,No,https://boardgamegeek.com/boardgame/141653
96260,Dominant Species: The Card Game,2012,5.95,5.66,1.9,7316,1418,No,https://boardgamegeek.com/boardgame/96260
72132,Dragon Rampage,2012,6.38,5.66,2.09,7373,548,No,https://boardgamegeek.com/boardgame/72132
1149,Dragon Strike,1993,6.4,5.66,2.3,7248,794,No,https://boardgamegeek.com/boardgame/1149
6142,Duel of Ages Set 4: Royal Tournament,2003,7.37,5.66,3.05,,226,Yes,https://boardgamegeek.com/boardgame/6142
1278,Dutch InterCity,1999,6.98,5.66,2.42,7370,281,No,https://boardgamegeek.com/boardgame/1278
16804,Eastern Front: A Panzer Grenadier Game,2005,7.04,5.66,2.78,7438,303,No,https://boardgamegeek.com/boardgame/16804
5217,Eleusis,1956,7.31,5.66,2.88,7255,241,No,https://boardgamegeek.com/boardgame/5217
25775,"Elusive Victory: The Air War over the Suez Canal, 1967-1973",2009,7.9,5.66,3.95,7368,192,No,https://boardgamegeek.com/boardgame/25775
1233,Facts in Five,1964,6.16,5.66,1.66,7230,908,No,https://boardgamegeek.com/boardgame/1233
3416,Fallschirmjaeger: The Airborne Assault on Fortress Holland,2001,7.66,5.66,2.96,7259,212,No,https://boardgamegeek.com/boardgame/3416
112962,Festung Budapest,2012,8.81,5.66,4.29,,151,Yes,https://boardgamegeek.com/boardgame/112962
93287,Final Fantasy Trading Card Game,2011,7.12,5.66,2.5,7414,305,No,https://boardgamegeek.com/boardgame/93287
34166,Finito!,2008,6.11,5.66,1.11,7272,842,No,https://boardgamegeek.com/boardgame/34166
105023,Fleet Commander: Nimitz – The WWII Pacific Ocean Solitaire Strategy Game,2014,7.23,5.66,2.76,7261,324,No,https://boardgamegeek.com/boardgame/105023
4944,Formula Dé Circuits 31 & 32: Zhuhai & Sepang,2000,7.64,5.66,1.86,,201,Yes,https://boardgamegeek.com/boardgame/4944
1448,Freight Train,1993,6.37,5.66,2.03,7275,542,No,https://boardgamegeek.com/boardgame/1448
28739,Garibaldi: The Escape,2007,6.55,5.66,1.94,7419,445,No,https://boardgamegeek.com/boardgame/28739
13286,Gloria Mundi,2006,6.04,5.66,2.61,7211,1124,No,https://boardgamegeek.com/boardgame/13286
107998,Glory to Rome: Promo Cards,2011,7.48,5.66,2.62,,218,Yes,https://boardgamegeek.com/boardgame/107998
2076,Gulf Strike,1983,6.71,5.66,4.37,7338,451,No,https://boardgamegeek.com/boardgame/2076
141810,Heart of Crown: Far East Territory,2012,8.0,5.66,2.5,,182,Yes,https://boardgamegeek.com/boardgame/141810
109548,Hemloch,2011,6.78,5.66,2.0,7398,340,No,https://boardgamegeek.com/boardgame/109548
1764,HeroQuest: Elf Quest Pack,1992,7.4,5.66,2.42,,258,Yes,https://boardgamegeek.com/boardgame/1764
53396,Heroscape Expansion Set: Valkrill's Gambit,2009,7.75,5.66,2.67,,199,Yes,https://boardgamegeek.com/boardgame/53396
79067,Hex Hex XL,2010,6.67,5.66,1.72,7345,400,No,https://boardgamegeek.com/boardgame/79067
913,High Bohn,2000,6.64,5.66,1.82,,388,Yes,https://boardgamegeek.com/boardgame/913
129945,HomeStretch,2012,6.71,5.66,1.65,7323,360,No,https://boardgamegeek.com/boardgame/129945
206,Jalape-NO!,1998,6.41,5.66,1.38,7200,528,No,https://boardgamegeek.com/boardgame/206
10911,Killer Bunnies and the Quest for the Magic Carrot: GREEN Booster,2003,6.37,5.66,2.13,,736,Yes,https://boardgamegeek.com/boardgame/10911
14442,Killer Bunnies and the Quest for the Magic Carrot: Twilight WHITE Booster,2005,6.5,5.66,2.09,,551,Yes,https://boardgamegeek.com/boardgame/14442
63027,Leviathans,2012,7.13,5.66,3.03,7228,303,No,https://boardgamegeek.com/boardgame/63027
4610,Lord of the Rings: The Duel,2002,5.95,5.66,1.72,7324,1489,No,https://boardgamegeek.com/boardgame/4610
97155,Lords of Baseball,2024,7.76,5.66,2.67,7365,202,No,https://boardgamegeek.com/boardgame/97155
129037,Magnum Sal: Muria,2012,7.47,5.66,3.5,,229,Yes,https://boardgamegeek.com/boardgame/129037
19803,Martian Chess,1995,6.45,5.66,2.42,7235,505,No,https://boardgamegeek.com/boardgame/19803
4637,Max,1986,6.45,5.66,1.11,7422,525,No,https://boardgamegeek.com/boardgame/4637
8126,Maya,2003,6.29,5.66,2.52,7249,622,No,https://boardgamegeek.com/boardgame/8126
3864,Mechwarrior: Dark Age,2002,6.31,5.66,2.71,7341,763,No,https://boardgamegeek.com/boardgame/3864
11634,Mexican Train,1994,5.85,5.66,1.25,7451,3171,No,https://boardgamegeek.com/boardgame/11634
4356,Monkeys on the Moon,2002,6.18,5.66,2.12,7279,765,No,https://boardgamegeek.com/boardgame/4356
40761,Montego Bay,2009,6.24,5.66,1.84,7186,718,No,https://boardgamegeek.com/boardgame/40761
39801,Munchkin Booty 2: Jump the Shark,2009,6.67,5.66,2.0,,499,Yes,https://boardgamegeek.com/boardgame/39801
14580,Munchkin Dice,2005,6.39,5.66,1.67,,663,Yes,https://boardgamegeek.com/boardgame/14580
1674,Naval War,1979,6.27,5.66,1.37,7239,839,No,https://boardgamegeek.com/boardgame/1674
4255,Ney vs. Wellington: The Battle of Quatre Bras,1979,6.96,5.66,3.5,7381,296,No,https://boardgamegeek.com/boardgame/4255
69278,Nuklear Winter '68,2012,7.37,5.66,2.96,7278,238,No,https://boardgamegeek.com/boardgame/69278
67823,Piou Piou,2009,6.53,5.66,1.03,7405,538,No,https://boardgamegeek.com/boardgame/67823
10789,Pitch,1600,6.78,5.66,1.74,7416,365,No,https://boardgamegeek.com/boardgame/10789
108668,Power Grid: Supply Contract,2011,7.14,5.66,3.11,,275,Yes,https://boardgamegeek.com/boardgame/108668
21947,RAN,2007,7.39,5.66,3.71,7379,231,No,https://boardgamegeek.com/boardgame/21947
86027,Rattus: Spiel 2010 Bonus Cards,2010,7.14,5.66,2.32,,261,Yes,https://boardgamegeek.com/boardgame/86027
127561,Resident Evil Deck Building Game: Mercenaries,2012,7.18,5.66,2.57,7391,298,No,https://boardgamegeek.com/boardgame/127561
15045,Risk: Star Wars – Clone Wars Edition,2005,6.01,5.66,2.2,7356,1804,No,https://boardgamegeek.com/boardgame/15045
23511,Runebound: Cult of the Rune,2006,7.09,5.66,2.4,,288,Yes,https://boardgamegeek.com/boardgame/23511
21367,Sankt Petersburg: Das Bankett,2005,6.81,5.66,2.27,,344,Yes,https://boardgamegeek.com/boardgame/21367
92852,Say Anything Family Edition,2011,6.66,5.66,1.29,7251,393,No,https://boardgamegeek.com/boardgame/92852
134391,Sentinels of the Multiverse: Dark Visionary Promo Card,2013,8.05,5.66,2.5,,168,Yes,https://boardgamegeek.com/boardgame/134391
109968,Sentinels of the Multiverse: Young Legacy Promo Card,2011,8.04,5.66,2.4,,167,Yes,https://boardgamegeek.com/boardgame/109968
3586,Sherlock,1999,6.24,5.66,1.09,7428,672,No,https://boardgamegeek.com/boardgame/3586
20195,Six,2003,6.28,5.66,1.62,7205,737,No,https://boardgamegeek.com/boardgame/20195
54643,Skyline 3000,2009,6.31,5.66,2.39,7318,617,No,https://boardgamegeek.com/boardgame/54643
137917,Snowdonia: Jungfraubahn & Mount Washington,2013,7.51,5.66,2.88,,205,Yes,https://boardgamegeek.com/boardgame/137917
66781,Space Infantry,2011,6.88,5.66,2.2,7374,331,No,https://boardgamegeek.com/boardgame/66781
22677,Stalin's War,2010,6.79,5.66,3.06,7403,359,No,https://boardgamegeek.com/boardgame/22677
3852,Star Trek Customizable Card Game,1994,6.16,5.66,2.8,7238,1137,No,https://boardgamegeek.com/boardgame/3852
128386,Suburbia: Essen SPIEL Expansion,2012,6.66,5.66,2.79,,380,Yes,https://boardgamegeek.com/boardgame/128386
6657,Such a Thing?,1989,6.13,5.66,1.21,7220,866,No,https://boardgamegeek.com/boardgame/6657
3732,Talisman (Third Edition): Dragon's Tower,1995,7.09,5.66,1.93,,282,Yes,https://boardgamegeek.com/boardgame/3732
3735,Talisman (Third Edition): Dungeon of Doom,1994,6.78,5.66,1.92,,363,Yes,https://boardgamegeek.com/boardgame/3735
426,The Battle of the Bulge,1981,6.65,5.66,2.88,7253,431,No,https://boardgamegeek.com/boardgame/426
103184,The Gnomes of Zavandor,2011,6.32,5.66,2.59,7404,588,No,https://boardgamegeek.com/boardgame/103184
4522,The Ladybug's Costume Party,2002,6.48,5.66,1.04,7198,517,No,https://boardgamegeek.com/boardgame/4522
114991,The Metagame,2011,6.52,5.66,1.64,7276,606,No,https://boardgamegeek.com/boardgame/114991
1152,The Mystic Wood,1980,6.52,5.66,1.51,7208,535,No,https://boardgamegeek.com/boardgame/1152
34659,The Spanish Civil War 1936-1939,2010,7.22,5.66,3.11,7388,262,No,https://boardgamegeek.com/boardgame/34659
74096,Thunderstone: Death Sentinel Promo,2010,7.3,5.66,2.22,,231,Yes,https://boardgamegeek.com/boardgame/74096
69962,Tide of Iron: Fury of the Bear,2010,7.66,5.66,3.38,,226,Yes,https://boardgamegeek.com/boardgame/69962
7483,Treasure of the Dragons,2003,6.75,5.66,1.17,7243,410,No,https://boardgamegeek.com/boardgame/7483
15261,"Trump, Tricks, Game!",2005,6.47,5.66,1.89,7363,474,No,https://boardgamegeek.com/boardgame/15261
62814,Tumblin-Dice Medium,2008,7.31,5.66,1.0,7192,234,No,https://boardgamegeek.com/boardgame/62814
2396,Ur: 1830 BC,2001,6.85,5.66,3.86,7337,315,No,https://boardgamegeek.com/boardgame/2396
37672,"Warhammer 40,000: Assault On Black Reach",2008,6.98,5.66,3.12,7398,314,No,https://boardgamegeek.com/boardgame/37672
61739,Warhammer: Invasion – The Deathmaster's Dance,2010,7.49,5.66,2.43,,226,Yes,https://boardgamegeek.com/boardgame/61739
21022,Was'n das?,2005,6.75,5.66,1.29,7226,369,No,https://boardgamegeek.com/boardgame/21022
5393,Wheedle,2002,6.21,5.66,1.2,7452,732,No,https://boardgamegeek.com/boardgame/5393
2447,World War II: European Theater of Operations,1985,7.29,5.66,4.0,7315,298,No,https://boardgamegeek.com/boardgame/2447
33767,Yavalath,2007,7.06,5.66,2.17,7293,306,No,https://boardgamegeek.com/boardgame/33767
29652,Zooloretto: Three Extra Enclosures,2007,6.75,5.66,1.68,,377,Yes,https://boardgamegeek.com/boardgame/29652
82955,1655: Habemus Papam,2010,6.43,5.65,2.15,7592,476,No,https://boardgamegeek.com/boardgame/82955
15999,1825 Unit 3,2004,7.52,5.65,3.67,7641,187,No,https://boardgamegeek.com/boardgame/15999
87907,1865: Sardinia,2011,7.4,5.65,3.85,7700,202,No,https://boardgamegeek.com/boardgame/87907
116046,18NY: The Formation of the New York Central Railroad,2011,7.6,5.65,3.6,7726,172,No,https://boardgamegeek.com/boardgame/116046
103651,23,2011,6.33,5.65,1.23,7563,510,No,https://boardgamegeek.com/boardgame/103651
12131,42,1885,7.01,5.65,2.24,7722,272,No,https://boardgamegeek.com/boardgame/12131
109451,A Fistful of Penguins,2011,6.01,5.65,1.35,7464,1123,No,https://boardgamegeek.com/boardgame/109451
73306,A Game of Thrones: The Card Game – Kings of the Storm,2010,7.33,5.65,2.78,,217,Yes,https://boardgamegeek.com/boardgame/73306
94285,A Game of Thrones: The Card Game – Queen of Dragons,2011,7.4,5.65,2.82,,233,Yes,https://boardgamegeek.com/boardgame/94285
27143,ASL Action Pack #3: Few Returned,2007,8.16,5.65,4.23,,164,Yes,https://boardgamegeek.com/boardgame/27143
83697,Agricola: The Legen*dairy Forest-Deck,2010,6.39,5.65,2.57,,546,Yes,https://boardgamegeek.com/boardgame/83697
43,Airlines,1990,6.57,5.65,2.42,7615,390,No,https://boardgamegeek.com/boardgame/43
980,Al Cabohne,2000,5.97,5.65,1.77,7524,1295,No,https://boardgamegeek.com/boardgame/980
31897,Anno 1701: Das Brettspiel,2007,6.71,5.65,2.3,7576,336,No,https://boardgamegeek.com/boardgame/31897
88406,Astra Titanus: Starfleets vs. Planetbusters!,2010,7.16,5.65,2.11,7555,251,No,https://boardgamegeek.com/boardgame/88406
1667,Battle Hymn: Leatherneck,1988,7.86,5.65,3.29,,183,Yes,https://boardgamegeek.com/boardgame/1667
81904,BattleLore: Bearded Brave,2010,7.63,5.65,2.68,,191,Yes,https://boardgamegeek.com/boardgame/81904
54943,BattleLore: Creatures,2010,7.46,5.65,2.5,,216,Yes,https://boardgamegeek.com/boardgame/54943
88926,Battles of Westeros: Lords of the River,2011,7.59,5.65,2.8,,201,Yes,https://boardgamegeek.com/boardgame/88926
13597,Big Two,,6.46,5.65,1.72,7471,490,No,https://boardgamegeek.com/boardgame/13597
27101,Bomber Command: The Night Raids,2012,7.69,5.65,3.04,7525,207,No,https://boardgamegeek.com/boardgame/27101
3412,Brandywine,2000,7.34,5.65,2.67,7550,232,No,https://boardgamegeek.com/boardgame/3412
88016,Briefcase,2012,6.25,5.65,2.57,7706,652,No,https://boardgamegeek.com/boardgame/88016
10501,Canvas Eagles: War in the Skies 1914 - 1918,1999,7.78,5.65,2.44,7511,202,No,https://boardgamegeek.com/boardgame/10501
1475,Careers,1955,5.87,5.65,1.48,7718,2629,No,https://boardgamegeek.com/boardgame/1475
140681,Castle Panic: Any Color Hero Promo,2013,7.22,5.65,2.09,,256,Yes,https://boardgamegeek.com/boardgame/140681
363,Cat Blues,1998,6.06,5.65,1.43,7626,908,No,https://boardgamegeek.com/boardgame/363
67453,Caveman Curling,2010,6.21,5.65,1.15,7650,633,No,https://boardgamegeek.com/boardgame/67453
12830,Cellar des Triplettes,2004,6.17,5.65,1.86,7478,728,No,https://boardgamegeek.com/boardgame/12830
71593,Charon Inc.,2010,6.31,5.65,2.25,7677,545,No,https://boardgamegeek.com/boardgame/71593
316,Chase,1985,6.85,5.65,2.66,7531,334,No,https://boardgamegeek.com/boardgame/316
12608,Chess960,1996,7.73,5.65,3.32,7623,201,No,https://boardgamegeek.com/boardgame/12608
2638,"Clash of Giants: Campaigns of Tannenberg and the Marne, 1914",2001,6.83,5.65,2.29,7661,311,No,https://boardgamegeek.com/boardgame/2638
37589,Clue: Discover the Secrets,2008,6.11,5.65,1.81,7620,1195,No,https://boardgamegeek.com/boardgame/37589
131568,Codinca,2012,6.13,5.65,1.4,7701,813,No,https://boardgamegeek.com/boardgame/131568
250,Colonial Diplomacy,1994,6.66,5.65,2.8,7470,409,No,https://boardgamegeek.com/boardgame/250
4716,Cosmic Encounter: Expansion Set #2,1977,8.15,5.65,2.43,,146,Yes,https://boardgamegeek.com/boardgame/4716
33150,Cranium WOW,2007,6.07,5.65,1.38,7694,1058,No,https://boardgamegeek.com/boardgame/33150
4014,Dawn Patrol: Role Playing Game of WW I Air Combat,1982,6.97,5.65,2.38,7561,368,No,https://boardgamegeek.com/boardgame/4014
90568,Democracy under Siege,2011,7.38,5.65,3.68,7687,216,No,https://boardgamegeek.com/boardgame/90568
1309,Die Magier von Pangea,2001,6.2,5.65,2.33,7692,682,No,https://boardgamegeek.com/boardgame/1309
26983,Dorn,2006,6.93,5.65,2.87,7683,331,No,https://boardgamegeek.com/boardgame/26983
2114,"Duck, Duck, Bruce",1997,6.21,5.65,1.05,7617,644,No,https://boardgamegeek.com/boardgame/2114
6143,Duel of Ages Set 5: Mercenary Camp,2003,7.37,5.65,3.06,,205,Yes,https://boardgamegeek.com/boardgame/6143
19187,Dungeoneer: Realm of the Ice Witch,2005,6.36,5.65,2.07,7728,549,No,https://boardgamegeek.com/boardgame/19187
8874,Dungeons & Dragons: The Fantasy Adventure Board Game – Eternal Winter Expansion Pack,2003,6.9,5.65,1.96,,342,Yes,https://boardgamegeek.com/boardgame/8874
85652,Dystopian Wars: Core Rulebook,2010,7.24,5.65,3.08,7600,238,No,https://boardgamegeek.com/boardgame/85652
104,Extrablatt,1991,6.97,5.65,2.9,7497,273,No,https://boardgamegeek.com/boardgame/104
9342,Fifth Avenue,2004,6.01,5.65,2.67,7697,983,No,https://boardgamegeek.com/boardgame/9342
3711,Flight Leader,1986,6.3,5.65,3.54,7495,699,No,https://boardgamegeek.com/boardgame/3711
141571,Fortune and Glory: Danger Pack 1 Supplement,2013,7.63,5.65,2.89,,185,Yes,https://boardgamegeek.com/boardgame/141571
82402,Friesematenten,2010,6.29,5.65,2.02,7539,639,No,https://boardgamegeek.com/boardgame/82402
718,Galaxy: The Dark Ages,2000,6.27,5.65,2.42,7604,606,No,https://boardgamegeek.com/boardgame/718
141811,Heart of Crown: Northern Enchantress,2012,7.94,5.65,2.5,,175,Yes,https://boardgamegeek.com/boardgame/141811
72936,Heroscape Expansion Set D2: Warriors of Eberron,2010,7.7,5.65,3.0,,187,Yes,https://boardgamegeek.com/boardgame/72936
2168,Hitler's War,1981,6.31,5.65,2.95,7709,598,No,https://boardgamegeek.com/boardgame/2168
8059,Ideology: The War of Ideas,2003,6.14,5.65,2.75,7715,906,No,https://boardgamegeek.com/boardgame/8059
28738,Kamon,2007,6.47,5.65,1.73,7586,459,No,https://boardgamegeek.com/boardgame/28738
136135,Kingdom Death: Monster – Lonely Tree Expansion,2016,7.98,5.65,4.0,,200,Yes,https://boardgamegeek.com/boardgame/136135
13172,Kung Fu Fighting,2004,6.11,5.65,1.3,7559,1003,No,https://boardgamegeek.com/boardgame/13172
5508,La Bataille de Mont Saint Jean,1993,8.11,5.65,4.04,7464,180,No,https://boardgamegeek.com/boardgame/5508
43532,Last Night on Earth 'Zombie Pillage' Supplement ,2009,7.39,5.65,1.5,,215,Yes,https://boardgamegeek.com/boardgame/43532
66125,Le Donjon de Naheulbeuk,2010,6.64,5.65,1.75,7477,416,No,https://boardgamegeek.com/boardgame/66125
132834,Legends of Andor: Liberating the Mine,2012,7.65,5.65,3.0,,203,Yes,https://boardgamegeek.com/boardgame/132834
132422,Legends of Andor: Wolf Warrior,2012,7.37,5.65,1.92,,226,Yes,https://boardgamegeek.com/boardgame/132422
68188,Levee En Masse,2010,6.98,5.65,1.74,7584,354,No,https://boardgamegeek.com/boardgame/68188
41090,Magnate,2008,7.24,5.65,2.17,7603,224,No,https://boardgamegeek.com/boardgame/41090
134328,Memoir '44: Equipment Pack Bonus Scenarios,2012,7.97,5.65,2.33,,169,Yes,https://boardgamegeek.com/boardgame/134328
5985,Miscellaneous Game Accessory,,7.14,5.65,3.44,7602,255,No,https://boardgamegeek.com/boardgame/5985
1668,Modern Naval Battles,1989,6.51,5.65,2.23,7553,464,No,https://boardgamegeek.com/boardgame/1668
30641,Monuments: Wonders of Antiquity,2008,6.42,5.65,2.35,7631,469,No,https://boardgamegeek.com/boardgame/30641
37501,Munchkin 7: More Good Cards,2008,6.51,5.65,2.0,,587,Yes,https://boardgamegeek.com/boardgame/37501
71865,Munchkin Cthulhu 4: Crazed Caverns,2010,6.64,5.65,1.89,,448,Yes,https://boardgamegeek.com/boardgame/71865
30762,Mykerinos: The Nile,2007,6.93,5.65,2.44,,276,Yes,https://boardgamegeek.com/boardgame/30762
125996,Mythic Battles,2012,6.79,5.65,2.94,7465,357,No,https://boardgamegeek.com/boardgame/125996
54433,Nanuk,2009,6.19,5.65,1.52,7504,705,No,https://boardgamegeek.com/boardgame/54433
4086,"Napoleon at Bay: The Campaign in France, 1814",1978,7.08,5.65,3.46,7702,270,No,https://boardgamegeek.com/boardgame/4086
13511,Ninja Versus Ninja,2008,6.04,5.65,1.28,7562,1000,No,https://boardgamegeek.com/boardgame/13511
33759,Omega Centauri,2014,6.98,5.65,3.08,7589,305,No,https://boardgamegeek.com/boardgame/33759
4862,Outburst!,1986,5.84,5.65,1.16,7622,2111,No,https://boardgamegeek.com/boardgame/4862
1796,Pampas Railroads,2001,7.07,5.65,3.32,7698,248,No,https://boardgamegeek.com/boardgame/1796
85770,"Panzer: Game Expansion Set, Nr 1 – The Shape of Battle on the Eastern Front 1943-45",2012,8.26,5.65,3.35,,158,Yes,https://boardgamegeek.com/boardgame/85770
73365,Papayoo,2010,6.09,5.65,1.06,7512,958,No,https://boardgamegeek.com/boardgame/73365
2580,Persian Gulf: Battle for the Middle East,1986,7.37,5.65,3.48,7630,229,No,https://boardgamegeek.com/boardgame/2580
121764,Plato 3000,2012,6.46,5.65,1.59,7487,465,No,https://boardgamegeek.com/boardgame/121764
34169,Potion-Making: Practice,2005,6.09,5.65,1.69,7597,1019,No,https://boardgamegeek.com/boardgame/34169
30878,Power & Weakness,2007,6.76,5.65,3.05,7671,307,No,https://boardgamegeek.com/boardgame/30878
32901,Prawo Dżungli,2007,6.52,5.65,1.36,7505,524,No,https://boardgamegeek.com/boardgame/32901
109764,Quarantine,2013,6.05,5.65,2.14,7551,921,No,https://boardgamegeek.com/boardgame/109764
27968,"Red Star Rising: The War in Russia, 1941-1944",2007,7.48,5.65,3.26,7587,225,No,https://boardgamegeek.com/boardgame/27968
1711,Richthofen's War: The Air War 1916-1918,1972,6.17,5.65,2.39,7707,958,No,https://boardgamegeek.com/boardgame/1711
72800,RoadZters,2010,6.7,5.65,1.26,7676,330,No,https://boardgamegeek.com/boardgame/72800
23510,Runebound: Avatars of Kelnov,2006,7.14,5.65,2.42,,269,Yes,https://boardgamegeek.com/boardgame/23510
28873,Runebound: Beasts and Bandits,2008,7.51,5.65,2.14,,216,Yes,https://boardgamegeek.com/boardgame/28873
28871,Runebound: Weapons of Legend,2008,7.48,5.65,2.0,,220,Yes,https://boardgamegeek.com/boardgame/28871
54507,Savannah Tails,2009,6.27,5.65,1.54,7704,570,No,https://boardgamegeek.com/boardgame/54507
12071,Second Season Pro Football Game,1999,8.23,5.65,2.79,7745,183,No,https://boardgamegeek.com/boardgame/12071
134394,Sentinels of the Multiverse: America's Greatest Legacy Promo Card,2013,8.25,5.65,2.5,,145,Yes,https://boardgamegeek.com/boardgame/134394
124773,Sentinels of the Multiverse: Redeemer Fanatic Promo Card,2012,8.13,5.65,2.5,,154,Yes,https://boardgamegeek.com/boardgame/124773
134393,Sentinels of the Multiverse: The Eternal Haka Promo Card,2013,7.98,5.65,2.5,,162,Yes,https://boardgamegeek.com/boardgame/134393
36597,Serpents of the Seas,2010,7.71,5.65,3.08,7712,188,No,https://boardgamegeek.com/boardgame/36597
27266,Silent Death: The Next Millennium Deluxe Edition,1995,7.53,5.65,2.87,7548,221,No,https://boardgamegeek.com/boardgame/27266
2891,Starfire,1979,6.96,5.65,2.7,7731,316,No,https://boardgamegeek.com/boardgame/2891
668,Sternenhimmel,1995,6.56,5.65,2.08,7607,379,No,https://boardgamegeek.com/boardgame/668
72851,Stronghold: Undead,2010,7.66,5.65,3.65,,193,Yes,https://boardgamegeek.com/boardgame/72851
112192,Sugar Gliders,2012,6.65,5.65,1.94,7456,409,No,https://boardgamegeek.com/boardgame/112192
11182,Super Scrabble,2004,6.37,5.65,2.1,7621,628,No,https://boardgamegeek.com/boardgame/11182
18794,SuperGang,1985,7.14,5.65,2.87,7734,240,No,https://boardgamegeek.com/boardgame/18794
118776,Tahiti,2012,6.33,5.65,1.9,7567,553,No,https://boardgamegeek.com/boardgame/118776
4,Tal der Könige,1992,6.6,5.65,2.69,7739,368,No,https://boardgamegeek.com/boardgame/4
3733,Talisman (Third Edition): City of Adventure,1994,6.77,5.65,1.96,,357,Yes,https://boardgamegeek.com/boardgame/3733
1739,Talisman Dragons,1993,6.51,5.65,2.24,,511,Yes,https://boardgamegeek.com/boardgame/1739
2780,Tarock,1425,7.41,5.65,3.52,7494,236,No,https://boardgamegeek.com/boardgame/2780
95386,Tem-Purr-A,2011,6.01,5.65,1.21,7747,1135,No,https://boardgamegeek.com/boardgame/95386
2872,Terrace,1992,6.4,5.65,2.51,7532,555,No,https://boardgamegeek.com/boardgame/2872
5233,The Great Battles of Alexander,1991,7.06,5.65,3.39,7635,260,No,https://boardgamegeek.com/boardgame/5233
8719,The Next War: Modern Conflict in Europe,1978,7.39,5.65,4.17,7537,242,No,https://boardgamegeek.com/boardgame/8719
6202,The Rise of the Roman Republic,2003,6.99,5.65,3.76,7564,279,No,https://boardgamegeek.com/boardgame/6202
20247,The Settlers of Catan: The Great River,2005,6.07,5.65,1.87,,1009,Yes,https://boardgamegeek.com/boardgame/20247
13266,Three Days of Gettysburg (Third Edition),2004,7.69,5.65,4.27,7608,225,No,https://boardgamegeek.com/boardgame/13266
31697,Totensonntag,2007,6.81,5.65,2.05,7703,350,No,https://boardgamegeek.com/boardgame/31697
72478,Trollhalla,2011,6.57,5.65,2.0,7619,425,No,https://boardgamegeek.com/boardgame/72478
19969,Truco,,7.27,5.65,1.95,7668,263,No,https://boardgamegeek.com/boardgame/19969
33732,Tulipmania 1637,2009,6.15,5.65,2.46,7554,742,No,https://boardgamegeek.com/boardgame/33732
719,Tyranno Ex,1990,6.45,5.65,2.33,7575,449,No,https://boardgamegeek.com/boardgame/719
123045,Uncharted: The Board Game,2012,6.37,5.65,2.31,7468,574,No,https://boardgamegeek.com/boardgame/123045
13456,Vampire: Prince of the City,2006,6.38,5.65,3.15,7541,648,No,https://boardgamegeek.com/boardgame/13456
25645,Verflixxt nochmal,2006,6.81,5.65,1.44,,313,Yes,https://boardgamegeek.com/boardgame/25645
366,Viva Pamplona!,1992,6.39,5.65,1.38,7743,467,No,https://boardgamegeek.com/boardgame/366
5357,Von Manstein's Backhand Blow,2002,7.26,5.65,3.12,7557,254,No,https://boardgamegeek.com/boardgame/5357
65217,Warhammer: Invasion – Arcane Fire,2010,7.47,5.65,2.33,,210,Yes,https://boardgamegeek.com/boardgame/65217
884,Way Out West,2000,6.15,5.65,2.62,7591,702,No,https://boardgamegeek.com/boardgame/884
48979,Wazabi,2008,5.93,5.65,1.08,7689,1861,No,https://boardgamegeek.com/boardgame/48979
11104,Who's the Ass?,2004,6.13,5.65,1.25,7735,770,No,https://boardgamegeek.com/boardgame/11104
1203,Witch Trial,2001,6.22,5.65,1.7,7746,679,No,https://boardgamegeek.com/boardgame/1203
7222,Wizard Kings: Expansion Armies,2000,7.11,5.65,2.75,,239,Yes,https://boardgamegeek.com/boardgame/7222
33490,World at War: Death of the 1st Panzer,2008,7.59,5.65,2.53,,193,Yes,https://boardgamegeek.com/boardgame/33490
2316,X-Bugs,2001,6.36,5.65,1.34,7655,551,No,https://boardgamegeek.com/boardgame/2316
19652,Ys+,2005,7.07,5.65,2.77,,243,Yes,https://boardgamegeek.com/boardgame/19652
7514,Zombie Plague,2001,6.69,5.65,1.81,7654,462,No,https://boardgamegeek.com/boardgame/7514
20494,Zombies!!! 5: School's Out Forever,2006,6.2,5.65,1.62,,832,Yes,https://boardgamegeek.com/boardgame/20494
28734,Zombies!!! 6: Six Feet Under,2007,6.36,5.65,1.6,,609,Yes,https://boardgamegeek.com/boardgame/28734
40822,Zooloretto: Rio Grande Games Expansion Pack #1,2007,6.95,5.65,1.95,,288,Yes,https://boardgamegeek.com/boardgame/40822
20646,1824: Austria-Hungary,2005,7.63,5.64,3.78,8028,159,No,https://boardgamegeek.com/boardgame/20646
2583,18GA,1998,6.92,5.64,4.07,7841,256,No,https://boardgamegeek.com/boardgame/2583
9789,ASL Action Pack #1,1997,8.26,5.64,4.24,,144,Yes,https://boardgamegeek.com/boardgame/9789
38551,ASL Action Pack #5: East Front,2008,8.27,5.64,4.3,,137,Yes,https://boardgamegeek.com/boardgame/38551
55936,ASL Action Pack #6: A Decade of War,2010,8.51,5.64,4.31,,122,Yes,https://boardgamegeek.com/boardgame/55936
41658,Adios Amigos,2009,6.17,5.64,1.1,7772,695,No,https://boardgamegeek.com/boardgame/41658
71668,After Pablo,2010,7.28,5.64,3.58,8014,199,No,https://boardgamegeek.com/boardgame/71668
136217,Age of Industry Expansion: Belgium & USSR,2013,7.87,5.64,3.27,,149,Yes,https://boardgamegeek.com/boardgame/136217
38733,Agricola: X-Deck,2008,6.22,5.64,2.52,,702,Yes,https://boardgamegeek.com/boardgame/38733
27117,Animalia,2006,6.17,5.64,1.23,7781,681,No,https://boardgamegeek.com/boardgame/27117
22355,Atolla Modulis (fan expansion for Funkenschlag),2006,7.45,5.64,3.37,,185,Yes,https://boardgamegeek.com/boardgame/22355
459,Ausgebremst,1993,6.89,5.64,1.63,8064,261,No,https://boardgamegeek.com/boardgame/459
32990,"Axis Empires: Dai Senso! – World War II in Asia & the Pacific, 1937-45",2011,7.64,5.64,4.11,7897,177,No,https://boardgamegeek.com/boardgame/32990
18723,"Aye, Dark Overlord! The Red Box",2005,5.83,5.64,1.28,7997,3341,No,https://boardgamegeek.com/boardgame/18723
130911,Batman: Gotham City Strategy Game,2013,6.07,5.64,2.33,7979,879,No,https://boardgamegeek.com/boardgame/130911
59936,Battle Merchants,2014,6.68,5.64,2.89,7840,335,No,https://boardgamegeek.com/boardgame/59936
8887,Battle for Stalingrad,1980,7.53,5.64,3.23,7754,212,No,https://boardgamegeek.com/boardgame/8887
85720,BattleLore: Code of Chivalry,2011,7.66,5.64,2.67,,177,Yes,https://boardgamegeek.com/boardgame/85720
76436,Bismarck (Second Edition),1978,6.97,5.64,3.21,7954,282,No,https://boardgamegeek.com/boardgame/76436
36739,Black Sheep,2008,5.94,5.64,1.43,7978,1295,No,https://boardgamegeek.com/boardgame/36739
2282,Blood Bowl Companion,1990,6.8,5.64,2.92,,305,Yes,https://boardgamegeek.com/boardgame/2282
5251,Camelot,1930,6.88,5.64,2.39,7932,314,No,https://boardgamegeek.com/boardgame/5251
85003,Carcassonne: The Plague,2010,6.54,5.64,2.21,,398,Yes,https://boardgamegeek.com/boardgame/85003
103061,Carnac,2014,6.9,5.64,2.25,7856,288,No,https://boardgamegeek.com/boardgame/103061
27710,Catan Dice Game,2007,5.73,5.64,1.23,7959,7207,No,https://boardgamegeek.com/boardgame/27710
110794,Catan Scenarios: Oil Springs,2011,6.7,5.64,2.17,,391,Yes,https://boardgamegeek.com/boardgame/110794
110870,Cavemen: The Quest for Fire,2012,6.3,5.64,1.88,7761,554,No,https://boardgamegeek.com/boardgame/110870
33088,Chabyrinthe,2007,6.03,5.64,1.23,7798,1168,No,https://boardgamegeek.com/boardgame/33088
2224,Circus Imperium,1988,6.86,5.64,2.13,7844,321,No,https://boardgamegeek.com/boardgame/2224
8069,Clue FX,2003,6.25,5.64,1.82,7831,736,No,https://boardgamegeek.com/boardgame/8069
57141,"Codeword Cromwell: The German Invasion of England, 8 June 1940",2014,7.93,5.64,3.0,7859,152,No,https://boardgamegeek.com/boardgame/57141
102151,Colorado Midland,2011,6.94,5.64,2.53,8022,242,No,https://boardgamegeek.com/boardgame/102151
138432,Compounded: Chemical Chaos,2013,7.03,5.64,2.14,,260,Yes,https://boardgamegeek.com/boardgame/138432
38429,Cornerstone,2008,7.15,5.64,1.68,7852,243,No,https://boardgamegeek.com/boardgame/38429
4717,Cosmic Encounter: Expansion Set #3,1978,8.08,5.64,2.71,,142,Yes,https://boardgamegeek.com/boardgame/4717
5478,Crazy Circus,2002,6.23,5.64,1.48,8048,543,No,https://boardgamegeek.com/boardgame/5478
3607,Dauntless,1977,6.65,5.64,3.19,,355,Yes,https://boardgamegeek.com/boardgame/3607
133437,Dead Panic,2013,5.97,5.64,2.27,7892,1263,No,https://boardgamegeek.com/boardgame/133437
43691,Delve: The Dice Game,2009,6.44,5.64,1.25,7986,484,No,https://boardgamegeek.com/boardgame/43691
210,Don Pepe,1999,6.31,5.64,1.29,7816,615,No,https://boardgamegeek.com/boardgame/210
6140,Duel of Ages Set 6: Field of Honor,2003,7.34,5.64,3.0,,193,Yes,https://boardgamegeek.com/boardgame/6140
6144,Duel of Ages Set 7: Ruins of Cany XII,2003,7.37,5.64,3.0,,193,Yes,https://boardgamegeek.com/boardgame/6144
16443,Dungeoneer: Dragons of the Forsaken Desert,2005,6.28,5.64,2.25,7815,602,No,https://boardgamegeek.com/boardgame/16443
11159,Dungeoneer: Haunted Woods of Malthorin,2004,6.31,5.64,2.22,7945,566,No,https://boardgamegeek.com/boardgame/11159
29351,Durak,,6.45,5.64,1.46,7767,569,No,https://boardgamegeek.com/boardgame/29351
4102,Europa Universalis,1993,6.83,5.64,4.7,7814,372,No,https://boardgamegeek.com/boardgame/4102
379,Express,1990,6.2,5.64,1.68,7865,679,No,https://boardgamegeek.com/boardgame/379
2371,Extra!,2011,6.44,5.64,1.42,7807,434,No,https://boardgamegeek.com/boardgame/2371
129348,FAB: Golan '73,2016,7.43,5.64,3.38,7960,192,No,https://boardgamegeek.com/boardgame/129348
4945,Formula Dé Circuits 27 - 30: USA Track Pack #2,2000,7.41,5.64,1.75,,206,Yes,https://boardgamegeek.com/boardgame/4945
12489,Formula Dé Circuits 34 & 35: Bahrain & Shanghai,2004,7.69,5.64,1.72,,175,Yes,https://boardgamegeek.com/boardgame/12489
19624,Freya's Folly,2005,6.53,5.64,2.42,7938,381,No,https://boardgamegeek.com/boardgame/19624
39383,Frontline: D-Day,2010,6.6,5.64,2.49,8072,359,No,https://boardgamegeek.com/boardgame/39383
129293,Gauntlet of Fools,2012,5.98,5.64,1.46,8001,1167,No,https://boardgamegeek.com/boardgame/129293
43526,Germantown,2010,7.45,5.64,3.0,7991,187,No,https://boardgamegeek.com/boardgame/43526
427,Grass,1980,6.03,5.64,1.54,7855,1226,No,https://boardgamegeek.com/boardgame/427
2944,Halli Galli,1990,5.81,5.64,1.02,7995,3790,No,https://boardgamegeek.com/boardgame/2944
84834,Heights of Courage: The Battle for the Golan Heights,2013,7.4,5.64,2.32,7846,206,No,https://boardgamegeek.com/boardgame/84834
100169,Hero of Weehawken: The Aaron Burr Conspiracy 1805-1807,2011,7.49,5.64,2.16,8050,176,No,https://boardgamegeek.com/boardgame/100169
80889,Heroscape Expansion Set D3: Moltenclaw's Invasion,2010,7.76,5.64,3.0,,165,Yes,https://boardgamegeek.com/boardgame/80889
133405,Island Siege,2013,6.7,5.64,1.89,8058,329,No,https://boardgamegeek.com/boardgame/133405
105024,Israeli Air Force Leader,2017,7.91,5.64,2.62,7983,180,No,https://boardgamegeek.com/boardgame/105024
25572,Khet: Eye of Horus Beam Splitter,2006,6.76,5.64,2.95,,298,Yes,https://boardgamegeek.com/boardgame/25572
14443,Killer Bunnies and the Quest for the Magic Carrot: Stainless STEEL Booster,2005,6.47,5.64,2.06,,496,Yes,https://boardgamegeek.com/boardgame/14443
15167,King Arthur: The Card Game,2005,6.21,5.64,1.51,7996,612,No,https://boardgamegeek.com/boardgame/15167
48,Krieg und Frieden,1999,6.1,5.64,2.46,7851,749,No,https://boardgamegeek.com/boardgame/48
12898,La Bataille d'Auerstædt,1977,7.74,5.64,3.9,7762,197,No,https://boardgamegeek.com/boardgame/12898
85927,Lifeboat Expansion #2: Liquid Courage,2010,6.56,5.64,1.93,,395,Yes,https://boardgamegeek.com/boardgame/85927
134849,Lost Wonders (fan expansion for 7 Wonders),2012,7.77,5.64,2.53,,174,Yes,https://boardgamegeek.com/boardgame/134849
3710,MBT,1989,6.67,5.64,3.8,7994,387,No,https://boardgamegeek.com/boardgame/3710
3279,Magi-Nation Duel,2000,7.06,5.64,2.73,7988,283,No,https://boardgamegeek.com/boardgame/3279
4135,Man O' War: Sea of Blood,1994,7.32,5.64,2.85,,212,Yes,https://boardgamegeek.com/boardgame/4135
61677,Memoir '44: The Vercors Campaign,2009,7.65,5.64,2.17,,189,Yes,https://boardgamegeek.com/boardgame/61677
55763,Mister X,2009,6.59,5.64,2.12,7912,408,No,https://boardgamegeek.com/boardgame/55763
90942,Mixtour,2012,7.48,5.64,2.0,8013,176,No,https://boardgamegeek.com/boardgame/90942
5243,Montage,1973,7.19,5.64,2.54,7835,216,No,https://boardgamegeek.com/boardgame/5243
40887,Monty Python Fluxx: Castle Expansion,2009,6.81,5.64,1.5,,326,Yes,https://boardgamegeek.com/boardgame/40887
5869,Mordred,1999,6.19,5.64,1.98,7833,622,No,https://boardgamegeek.com/boardgame/5869
112991,Munchkin Conan,2012,6.49,5.64,1.61,8013,485,No,https://boardgamegeek.com/boardgame/112991
141823,Munchkin Dragons,2013,6.95,5.64,1.86,,341,Yes,https://boardgamegeek.com/boardgame/141823
14087,Munchkin Fu 2: Monky Business,2005,6.36,5.64,1.73,,568,Yes,https://boardgamegeek.com/boardgame/14087
135840,Napoleon at Leipzig (Fifth Edition),2013,8.16,5.64,3.41,,155,No,https://boardgamegeek.com/boardgame/135840
139980,Nothing Personal: Young Turks Expansion,2013,7.37,5.64,2.17,,201,Yes,https://boardgamegeek.com/boardgame/139980
450,Octi,1999,6.68,5.64,2.96,7944,348,No,https://boardgamegeek.com/boardgame/450
105038,Olympos: Oikoumene,2011,7.27,5.64,2.83,,212,Yes,https://boardgamegeek.com/boardgame/105038
138296,Once Upon a Time: Enchanting Tales,2013,6.95,5.64,1.25,,271,Yes,https://boardgamegeek.com/boardgame/138296
9497,Operation Watchtower: ASL Historical Study Guadalcanal,2003,8.12,5.64,4.29,,149,Yes,https://boardgamegeek.com/boardgame/9497
27298,Owner's Choice,2006,6.21,5.64,1.77,7809,654,No,https://boardgamegeek.com/boardgame/27298
26459,PQ-17: Arctic Naval Operations 1941-1943,2009,7.22,5.64,4.12,8060,236,No,https://boardgamegeek.com/boardgame/26459
85772,"Panzer: Game Expansion Set, Nr 2 – The Final Forces on the Eastern Front 1941-44",2012,8.3,5.64,3.57,,144,Yes,https://boardgamegeek.com/boardgame/85772
130959,"Panzer: Game Expansion Set, Nr 3 – Drive to the Rhine: The Second Front 1944-45",2014,8.36,5.64,3.6,,142,Yes,https://boardgamegeek.com/boardgame/130959
43530,Party Alias,2009,6.16,5.64,1.21,7842,986,No,https://boardgamegeek.com/boardgame/43530
131261,Risk: StarCraft Collector's Edition,2012,6.52,5.64,2.22,7848,517,No,https://boardgamegeek.com/boardgame/131261
113931,Rock'n Roll Manager,2016,7.6,5.64,2.48,7754,210,No,https://boardgamegeek.com/boardgame/113931
19892,Runebound: Midnight,2006,6.65,5.64,2.67,,388,Yes,https://boardgamegeek.com/boardgame/19892
63,Samurai: Game of Politics and Warfare in Feudal Japan,1978,6.48,5.64,2.59,8040,463,No,https://boardgamegeek.com/boardgame/63
35634,Samurai: The Card Game,2009,6.33,5.64,2.08,7824,512,No,https://boardgamegeek.com/boardgame/35634
308,Santa Fe,1992,6.95,5.64,2.2,8036,246,No,https://boardgamegeek.com/boardgame/308
12747,Scarabeo,1963,6.37,5.64,1.97,7948,526,No,https://boardgamegeek.com/boardgame/12747
7690,Scorched Earth,1987,7.97,5.64,4.36,,166,Yes,https://boardgamegeek.com/boardgame/7690
131493,Secret Code 13+4,2012,6.6,5.64,1.33,8034,358,No,https://boardgamegeek.com/boardgame/131493
124138,"Sentinels of the Multiverse: Ra, Horus of Two Horizons Promo Card",2012,7.95,5.64,2.25,,150,Yes,https://boardgamegeek.com/boardgame/124138
111340,Sentinels of the Multiverse: Rook City – The Wraith Promo Card,2012,7.64,5.64,2.17,,179,Yes,https://boardgamegeek.com/boardgame/111340
1582,Sicily: Triumph and Folly,2000,7.74,5.64,4.0,7825,189,No,https://boardgamegeek.com/boardgame/1582
18932,Siena,2005,6.16,5.64,3.34,7907,741,No,https://boardgamegeek.com/boardgame/18932
66437,Souvlaki Wars,2011,6.44,5.64,1.54,7899,526,No,https://boardgamegeek.com/boardgame/66437
20538,Star Fleet Battles: Advanced Missions,1990,7.73,5.64,4.29,,172,Yes,https://boardgamegeek.com/boardgame/20538
80570,Star Munchkin: Space Ships,2010,6.63,5.64,2.07,,405,Yes,https://boardgamegeek.com/boardgame/80570
90,Star Wars: Episode 1 – Clash of the Lightsabers,1999,6.2,5.64,1.43,7788,621,No,https://boardgamegeek.com/boardgame/90
4454,Statis Pro Football,1973,6.65,5.64,2.57,7785,427,No,https://boardgamegeek.com/boardgame/4454
103814,Streams,2011,6.71,5.64,1.17,7974,480,No,https://boardgamegeek.com/boardgame/103814
41612,Struggle for the Galactic Empire,2009,6.85,5.64,2.98,7858,296,No,https://boardgamegeek.com/boardgame/41612
130705,Super Big Boggle,2012,7.16,5.64,1.33,7772,243,No,https://boardgamegeek.com/boardgame/130705
120265,"Supply Lines of the American Revolution: The Northern Theater, 1775-1777",2017,7.4,5.64,2.71,7893,210,No,https://boardgamegeek.com/boardgame/120265
623,Swashbuckler: A Game of Swordplay and Derring-do,1980,6.91,5.64,2.4,7987,278,No,https://boardgamegeek.com/boardgame/623
99219,Swish,2011,6.12,5.64,1.27,7850,772,No,https://boardgamegeek.com/boardgame/99219
29659,Tannhäuser: Yula,2007,7.1,5.64,2.2,,248,Yes,https://boardgamegeek.com/boardgame/29659
16162,Target Arnhem: Across 6 Bridges,1996,6.52,5.64,2.1,7780,427,No,https://boardgamegeek.com/boardgame/16162
16373,Techno Witches,2005,6.14,5.64,1.47,7867,663,No,https://boardgamegeek.com/boardgame/16373
75360,Texas & Pacific,2010,6.93,5.64,2.79,7894,259,No,https://boardgamegeek.com/boardgame/75360
8325,The Desert Fox: Rommel's Campaign for North Africa April 1941-December 1942,1981,7.2,5.64,3.22,7981,223,No,https://boardgamegeek.com/boardgame/8325
34639,The Dungeon of D,2008,7.15,5.64,2.37,7965,258,No,https://boardgamegeek.com/boardgame/34639
2063,The Great Khan Game,1989,6.7,5.64,2.12,7765,390,No,https://boardgamegeek.com/boardgame/2063
42560,The Hell of Stalingrad,2009,7.05,5.64,2.71,7920,274,No,https://boardgamegeek.com/boardgame/42560
4884,"The Legend Begins: North Africa, 1940-42",1991,7.76,5.64,3.09,8044,164,No,https://boardgamegeek.com/boardgame/4884
3563,The Lord of the Rings: The Fellowship of the Ring,2001,6.59,5.64,2.85,8029,387,No,https://boardgamegeek.com/boardgame/3563
7251,The Speed of Heat: Air Combat Over Korea and Vietnam,1992,7.57,5.64,3.89,7813,221,No,https://boardgamegeek.com/boardgame/7251
34701,Thor,2002,6.5,5.64,1.37,8027,368,No,https://boardgamegeek.com/boardgame/34701
100222,Thunderstone: Promo Pack #2,2011,7.51,5.64,2.29,,175,Yes,https://boardgamegeek.com/boardgame/100222
38430,Timber Tom,2008,6.55,5.64,1.82,7883,394,No,https://boardgamegeek.com/boardgame/38430
137238,Time 'n' Space,2013,6.14,5.64,2.24,7949,664,No,https://boardgamegeek.com/boardgame/137238
21414,To the Last Man! The Great War in the West,2009,7.31,5.64,2.5,7796,203,No,https://boardgamegeek.com/boardgame/21414
124545,Town Center,2012,6.35,5.64,2.9,7999,477,No,https://boardgamegeek.com/boardgame/124545
352,Trumpet,1990,6.23,5.64,1.44,7794,634,No,https://boardgamegeek.com/boardgame/352
88253,Unconditional Surrender! Case Blue,2010,7.32,5.64,2.67,7819,213,No,https://boardgamegeek.com/boardgame/88253
14403,"Warhammer 40,000: Battle for Macragge",2004,6.67,5.64,3.0,7975,391,No,https://boardgamegeek.com/boardgame/14403
129974,"Warhammer 40,000: Dark Vengeance",2012,7.28,5.64,3.3,7942,221,No,https://boardgamegeek.com/boardgame/129974
64651,Warhammer: Invasion – The Warpstone Chronicles,2010,7.53,5.64,2.0,,200,Yes,https://boardgamegeek.com/boardgame/64651
2667,What Were You Thinking?,1998,6.92,5.64,1.2,7861,267,No,https://boardgamegeek.com/boardgame/2667
94614,Yggdrasil: Frigg Promo,2011,6.89,5.64,2.42,,253,Yes,https://boardgamegeek.com/boardgame/94614
139641,Zombicide: Box of Zombies – Set #2: Toxic Crowd,2013,7.43,5.64,2.0,,221,Yes,https://boardgamegeek.com/boardgame/139641
40935,Zoowaboo,2009,6.32,5.64,1.05,8059,495,No,https://boardgamegeek.com/boardgame/40935
1823,1829,1974,6.95,5.63,3.76,8399,251,No,https://boardgamegeek.com/boardgame/1823
7218,18VA: The Railroads Come to Virginia,2001,7.09,5.63,4.31,8303,203,No,https://boardgamegeek.com/boardgame/7218
515,6-Tage Rennen,1986,6.88,5.63,1.76,8246,257,No,https://boardgamegeek.com/boardgame/515
105259,A Game of Thrones: The Card Game – Lions of the Rock,2011,7.56,5.63,2.88,,178,Yes,https://boardgamegeek.com/boardgame/105259
11041,ASL Action Pack #2,1999,8.19,5.63,4.31,,128,Yes,https://boardgamegeek.com/boardgame/11041
16595,ASL: Journal – Issue Two,2000,8.36,5.63,4.2,,132,Yes,https://boardgamegeek.com/boardgame/16595
5614,Achtung: Spitfire! – WWII Air Combat Over Europe 1940-1943,1995,7.45,5.63,4.11,8080,232,No,https://boardgamegeek.com/boardgame/5614
3992,Advanced Tobruk: Tank Battles in North Africa 1940-43,2002,7.3,5.63,4.12,8097,238,No,https://boardgamegeek.com/boardgame/3992
26148,Affentennis,2006,7.06,5.63,1.57,8229,211,No,https://boardgamegeek.com/boardgame/26148
30930,Age of Steam Expansion: America / Europe,2007,7.45,5.63,3.47,,172,Yes,https://boardgamegeek.com/boardgame/30930
25487,Age of Steam Expansion: Sun / London,2006,7.65,5.63,4.17,,146,Yes,https://boardgamegeek.com/boardgame/25487
6431,Air & Armor,1986,7.71,5.63,3.66,8322,167,No,https://boardgamegeek.com/boardgame/6431
3614,Air Strike,1987,7.12,5.63,3.65,,235,Yes,https://boardgamegeek.com/boardgame/3614
127282,Al Rashid,2012,6.59,5.63,3.46,8100,387,No,https://boardgamegeek.com/boardgame/127282
104805,Animal Upon Animal: Small and Yet Great!,2011,6.25,5.63,1.0,8251,501,No,https://boardgamegeek.com/boardgame/104805
17922,Anno Domini: Deutschland,2002,6.57,5.63,1.43,8147,354,No,https://boardgamegeek.com/boardgame/17922
129382,Ark & Noah,2012,6.61,5.63,2.74,8387,319,No,https://boardgamegeek.com/boardgame/129382
92090,Ascension: Chronicle of the Godslayer – Pathwarden Promo,2011,7.11,5.63,1.75,,214,Yes,https://boardgamegeek.com/boardgame/92090
103262,Ascension: Theme Pack – Leprechaun,2011,7.1,5.63,2.5,,244,Yes,https://boardgamegeek.com/boardgame/103262
26156,Ausgerechnet Uppsala,2006,6.48,5.63,1.3,8396,360,No,https://boardgamegeek.com/boardgame/26156
820,Axiom,1988,6.93,5.63,2.88,8180,248,No,https://boardgamegeek.com/boardgame/820
124490,Aztlán,2012,6.3,5.63,2.39,8229,510,No,https://boardgamegeek.com/boardgame/124490
35476,"Barbarossa: Crimea, 1941-42",2010,7.87,5.63,4.2,8277,163,No,https://boardgamegeek.com/boardgame/35476
93038,Battles of Westeros: Tribes of the Vale,2011,7.62,5.63,2.67,,175,Yes,https://boardgamegeek.com/boardgame/93038
17722,Battlestations: Galactic Civil War,2005,7.76,5.63,3.13,,150,Yes,https://boardgamegeek.com/boardgame/17722
15722,Belote,1930,6.56,5.63,2.97,8121,393,No,https://boardgamegeek.com/boardgame/15722
4839,Berlin '85: The Enemy at the Gates,1980,6.85,5.63,2.78,8305,294,No,https://boardgamegeek.com/boardgame/4839
60815,Black Powder: Second Edition,2009,7.36,5.63,2.6,8237,197,No,https://boardgamegeek.com/boardgame/60815
3071,Blood Bowl,1986,6.14,5.63,2.67,8334,708,No,https://boardgamegeek.com/boardgame/3071
3226,Bowl Bound,1978,7.07,5.63,1.88,8294,248,No,https://boardgamegeek.com/boardgame/3226
96,Broadsides & Boarding Parties,1982,6.24,5.63,1.82,8342,620,No,https://boardgamegeek.com/boardgame/96
103877,Casa Grande,2011,6.42,5.63,2.12,8078,411,No,https://boardgamegeek.com/boardgame/103877
131958,Catan Scenarios: Frenemies,2012,6.88,5.63,2.16,,283,Yes,https://boardgamegeek.com/boardgame/131958
4346,"Cedar Mountain: Prelude to Bull Run, August 9, 1862",1981,7.06,5.63,3.1,8151,234,No,https://boardgamegeek.com/boardgame/4346
30958,Check Your 6!,2007,7.88,5.63,2.7,8128,157,No,https://boardgamegeek.com/boardgame/30958
123844,City Hall,2014,6.48,5.63,2.79,8181,375,No,https://boardgamegeek.com/boardgame/123844
26162,Claim It!,2006,6.18,5.63,1.45,8302,555,No,https://boardgamegeek.com/boardgame/26162
4928,Clue: 50th Anniversary Edition,1999,6.34,5.63,1.63,8249,547,No,https://boardgamegeek.com/boardgame/4928
12614,Coloretto: The Extra Cards,2004,6.83,5.63,1.52,,265,Yes,https://boardgamegeek.com/boardgame/12614
1302,Cosmic Wimpout,1975,6.03,5.63,1.22,8100,1087,No,https://boardgamegeek.com/boardgame/1302
3003,Crash Tackle Rugby Board Game,2001,7.69,5.63,2.47,8370,172,No,https://boardgamegeek.com/boardgame/3003
138026,Critical Mass: Raijin vs Archon,2018,6.84,5.63,2.0,8321,264,No,https://boardgamegeek.com/boardgame/138026
91666,Crossboule,2008,7.05,5.63,1.12,8310,211,No,https://boardgamegeek.com/boardgame/91666
128462,Cthulhu Gloom: Unpleasant Dreams,2012,6.76,5.63,2.43,,322,Yes,https://boardgamegeek.com/boardgame/128462
98443,Dark Horse,2012,6.67,5.63,2.64,8317,301,No,https://boardgamegeek.com/boardgame/98443
19765,Deduce or Die,2003,7.15,5.63,3.1,8090,211,No,https://boardgamegeek.com/boardgame/19765
62325,Descent / Runebound / Runewars Figure: Nara The Fang,2009,7.31,5.63,2.5,,199,Yes,https://boardgamegeek.com/boardgame/62325
27766,Die Siedler von Catan: Junior,2007,6.31,5.63,1.55,8076,548,No,https://boardgamegeek.com/boardgame/27766
126164,"Dixit: ""The Dragon"" Promo Card",2012,7.53,5.63,1.38,,172,Yes,https://boardgamegeek.com/boardgame/126164
1509,Dogfight,1963,6.39,5.63,1.45,8127,511,No,https://boardgamegeek.com/boardgame/1509
65990,Don Quixote,2010,6.13,5.63,1.63,8248,669,No,https://boardgamegeek.com/boardgame/65990
76322,Double Bananagrams,2009,6.96,5.63,1.12,8394,228,No,https://boardgamegeek.com/boardgame/76322
139582,Dungeon Roll Hero: Guild Leader Promo Card,2013,6.45,5.63,1.4,,409,Yes,https://boardgamegeek.com/boardgame/139582
11161,Dungeoneer: Den of the Wererats,2004,6.32,5.63,2.11,8402,499,No,https://boardgamegeek.com/boardgame/11161
40234,Einauge sei wachsam!,2009,6.26,5.63,1.82,8314,481,No,https://boardgamegeek.com/boardgame/40234
23779,Enemy Chocolatier,2006,6.61,5.63,2.07,8087,332,No,https://boardgamegeek.com/boardgame/23779
103368,Epigo,2011,6.74,5.63,2.45,8232,296,No,https://boardgamegeek.com/boardgame/103368
102897,Farmageddon,2012,6.08,5.63,1.62,8361,794,No,https://boardgamegeek.com/boardgame/102897
36,Federation & Empire,1986,6.46,5.63,4.36,8355,439,No,https://boardgamegeek.com/boardgame/36
3692,Firepower,1984,6.3,5.63,3.63,8088,566,No,https://boardgamegeek.com/boardgame/3692
125315,FlowerFall,2012,5.97,5.63,1.04,8405,904,No,https://boardgamegeek.com/boardgame/125315
951,Football Strategy,1959,6.46,5.63,1.59,8139,451,No,https://boardgamegeek.com/boardgame/951
3945,Forbidden Bridge,1992,6.32,5.63,1.35,8188,567,No,https://boardgamegeek.com/boardgame/3945
4947,Formula Dé Circuit 33: 10th Anniversary,2001,7.31,5.63,1.67,,194,Yes,https://boardgamegeek.com/boardgame/4947
39956,Formula Dé Circuits 1 & 2: Monaco & Zandvoort 1,1997,7.63,5.63,1.8,,157,Yes,https://boardgamegeek.com/boardgame/39956
31621,Gangster,2007,6.15,5.63,2.3,8192,646,No,https://boardgamegeek.com/boardgame/31621
59967,Ghost Stories: B-Rice Lee,2009,6.97,5.63,2.62,,234,Yes,https://boardgamegeek.com/boardgame/59967
176,Give Me the Brain!,1996,5.84,5.63,1.27,8167,2192,No,https://boardgamegeek.com/boardgame/176
90474,Gold!,2011,6.35,5.63,1.5,8247,472,No,https://boardgamegeek.com/boardgame/90474
5255,Gorkamorka,1997,6.57,5.63,2.79,8348,387,No,https://boardgamegeek.com/boardgame/5255
12282,"Grand Illusion: Mirage of Glory, 1914",2004,6.85,5.63,3.16,8346,266,No,https://boardgamegeek.com/boardgame/12282
4769,Great War at Sea: The Mediterranean,1996,6.85,5.63,2.78,8336,285,No,https://boardgamegeek.com/boardgame/4769
5306,Harry's Grand Slam Baseball Game,1962,6.34,5.63,1.12,8397,429,No,https://boardgamegeek.com/boardgame/5306
2759,Havannah,1980,7.19,5.63,3.25,8101,224,No,https://boardgamegeek.com/boardgame/2759
66798,Heckmeck Barbecue,2010,6.26,5.63,1.47,8367,493,No,https://boardgamegeek.com/boardgame/66798
4368,In their Quiet Fields II,1995,7.27,5.63,3.18,8282,210,No,https://boardgamegeek.com/boardgame/4368
25008,Italia,2006,6.66,5.63,3.18,8274,335,No,https://boardgamegeek.com/boardgame/25008
11330,Jass,1796,7.06,5.63,2.73,8255,223,No,https://boardgamegeek.com/boardgame/11330
34747,Jena 20,2008,6.75,5.63,1.88,8304,285,No,https://boardgamegeek.com/boardgame/34747
1098,Judge Dredd,1982,6.32,5.63,1.9,8153,541,No,https://boardgamegeek.com/boardgame/1098
107635,Kairo,2012,6.47,5.63,2.53,8233,395,No,https://boardgamegeek.com/boardgame/107635
43365,Kansas Pacific,2009,6.6,5.63,2.67,8295,293,No,https://boardgamegeek.com/boardgame/43365
127920,Kanzume Goddess,2012,6.54,5.63,2.3,8287,412,No,https://boardgamegeek.com/boardgame/127920
29492,"Kill Doctor Lucky... and His Little Dog, Too!",2007,6.37,5.63,1.65,,460,Yes,https://boardgamegeek.com/boardgame/29492
21785,Killer Bunnies and the Quest for the Magic Carrot: Perfectly PINK Booster,2005,6.4,5.63,2.12,,488,Yes,https://boardgamegeek.com/boardgame/21785
1449,Kings Cribbage,1997,6.74,5.63,1.87,8200,316,No,https://boardgamegeek.com/boardgame/1449
11437,La Bataille de Lützen,1999,7.8,5.63,3.9,8254,170,No,https://boardgamegeek.com/boardgame/11437
12899,La Bataille de Preussisch-Eylau,1978,7.78,5.63,3.89,8329,168,No,https://boardgamegeek.com/boardgame/12899
62926,Last Night on Earth 'Radioactive Grave Dead' Supplement,2009,7.5,5.63,2.07,,181,Yes,https://boardgamegeek.com/boardgame/62926
141018,Legends of Andor: The King's Escort,2013,7.62,5.63,2.88,,159,Yes,https://boardgamegeek.com/boardgame/141018
4085,Leningrad,1979,6.72,5.63,1.94,8258,305,No,https://boardgamegeek.com/boardgame/4085
126000,Letnisko,2013,6.62,5.63,2.17,8389,326,No,https://boardgamegeek.com/boardgame/126000
15209,Linja,2003,6.54,5.63,1.86,8171,374,No,https://boardgamegeek.com/boardgame/15209
134524,Lion Rampant: Medieval Wargaming Rules,2014,7.81,5.63,2.09,8185,169,No,https://boardgamegeek.com/boardgame/134524
17536,Lobositz: First Battle of the Seven Years War,2005,8.06,5.63,3.93,8323,157,No,https://boardgamegeek.com/boardgame/17536
99573,Lock 'n Load Tactical: Heroes of the Pacific,2015,8.16,5.63,3.82,8289,142,No,https://boardgamegeek.com/boardgame/99573
8096,Logistico,2003,6.24,5.63,2.72,8149,553,No,https://boardgamegeek.com/boardgame/8096
38387,Los Banditos,2008,6.32,5.63,1.41,8284,438,No,https://boardgamegeek.com/boardgame/38387
106113,Manoeuvre: Distant Lands,2017,7.87,5.63,2.0,8383,134,No,https://boardgamegeek.com/boardgame/106113
122890,Mercante,2012,6.53,5.63,2.86,8109,364,No,https://boardgamegeek.com/boardgame/122890
6607,Munchkin Fu,2003,5.87,5.63,1.73,8288,2470,No,https://boardgamegeek.com/boardgame/6607
106618,Munchkin The Guild,2012,6.73,5.63,2.54,,352,Yes,https://boardgamegeek.com/boardgame/106618
5504,Napoleon's Battles,1989,6.77,5.63,3.42,8281,308,No,https://boardgamegeek.com/boardgame/5504
65313,Napoleon's War:  The 100 Days,2010,7.15,5.63,2.3,8280,213,No,https://boardgamegeek.com/boardgame/65313
280,Neue Spiele im alten Rom,1994,6.87,5.63,2.31,8366,256,No,https://boardgamegeek.com/boardgame/280
95766,Nightfall: Zombie Horde Promo,2011,7.17,5.63,2.58,,198,Yes,https://boardgamegeek.com/boardgame/95766
136587,Ninja Dice,2013,5.97,5.63,1.29,8386,1072,No,https://boardgamegeek.com/boardgame/136587
62922,None But Heroes,2011,8.21,5.63,3.76,8123,161,No,https://boardgamegeek.com/boardgame/62922
85800,Octopus' Garden,2011,6.53,5.63,1.52,8390,358,No,https://boardgamegeek.com/boardgame/85800
5222,Old Town,2000,6.39,5.63,2.26,8325,403,No,https://boardgamegeek.com/boardgame/5222
22465,On the Dot,2006,6.15,5.63,1.65,8173,694,No,https://boardgamegeek.com/boardgame/22465
106753,Ooga Booga,2011,5.96,5.63,1.02,8385,1102,No,https://boardgamegeek.com/boardgame/106753
8316,Over the Reich: WWII Air Combat Over Europe 1943-1945,1993,7.8,5.63,3.94,8198,191,No,https://boardgamegeek.com/boardgame/8316
72064,Peloponnes: Hellas Expansion,2010,7.33,5.63,2.64,,169,Yes,https://boardgamegeek.com/boardgame/72064
669,Plague & Pestilence,1993,6.22,5.63,1.38,8235,724,No,https://boardgamegeek.com/boardgame/669
13454,Playing With Pyramids,2002,7.36,5.63,2.31,,177,No,https://boardgamegeek.com/boardgame/13454
1381,Pokémon Master Trainer,1999,6.04,5.63,1.85,8353,1951,No,https://boardgamegeek.com/boardgame/1381
1383,Pool Party,1999,6.33,5.63,1.0,8106,481,No,https://boardgamegeek.com/boardgame/1383
38805,Rebel Raiders on the High Seas,2013,7.16,5.63,2.65,8261,213,No,https://boardgamegeek.com/boardgame/38805
110260,Roll'n Bump,2011,6.23,5.63,1.17,8258,610,No,https://boardgamegeek.com/boardgame/110260
4388,"Rome: Imperium, Circus Maximus, Hannibal vs Rome",2001,6.31,5.63,1.71,8105,478,No,https://boardgamegeek.com/boardgame/4388
139147,Romolo o Remo?,2013,6.55,5.63,3.86,8330,365,No,https://boardgamegeek.com/boardgame/139147
614,Rubik's Race,1982,6.07,5.63,1.26,8228,1015,No,https://boardgamegeek.com/boardgame/614
28875,Runebound: The Seven Scions,2008,7.19,5.63,2.44,,216,Yes,https://boardgamegeek.com/boardgame/28875
122943,Scripts and Scribes: The Dice Game,2012,6.5,5.63,1.61,8393,347,No,https://boardgamegeek.com/boardgame/122943
1835,Scrutineyes,1992,6.6,5.63,1.84,8093,372,No,https://boardgamegeek.com/boardgame/1835
8935,Shazamm!,2003,6.16,5.63,1.87,8259,635,No,https://boardgamegeek.com/boardgame/8935
562,Silberzwerg,2000,6.4,5.63,2.51,8293,430,No,https://boardgamegeek.com/boardgame/562
5711,Squad Seven,2002,6.41,5.63,1.32,8263,409,No,https://boardgamegeek.com/boardgame/5711
12055,Streets of Stalingrad (Third Edition),2003,7.46,5.63,4.17,8405,201,No,https://boardgamegeek.com/boardgame/12055
129544,Summoner Wars: Bodgan,2012,7.54,5.63,2.5,,171,Yes,https://boardgamegeek.com/boardgame/129544
16933,Super Munchkin,2005,5.86,5.63,1.84,8210,2941,No,https://boardgamegeek.com/boardgame/16933
22894,Super Munchkin 2: The Narrow S Cape,2006,6.38,5.63,2.0,,546,Yes,https://boardgamegeek.com/boardgame/22894
2464,Swords & Sorcery: Quest and Conquest in the Age of Magic,1978,6.98,5.63,3.23,8300,275,No,https://boardgamegeek.com/boardgame/2464
75333,Target Earth,2010,6.58,5.63,3.06,8154,337,No,https://boardgamegeek.com/boardgame/75333
22485,Terra Prime,2009,6.25,5.63,2.58,8298,487,No,https://boardgamegeek.com/boardgame/22485
98762,Test of Fire: Bull Run 1861,2011,6.46,5.63,1.88,8352,370,No,https://boardgamegeek.com/boardgame/98762
39939,"The Battle of Fontenoy: 11 May, 1745",2012,8.53,5.63,4.21,8185,138,No,https://boardgamegeek.com/boardgame/39939
13223,The Best of Chronology,1997,6.66,5.63,1.19,8315,318,No,https://boardgamegeek.com/boardgame/13223
67199,The Coming Storm: Quadrigame of the Fourth Coalition October 1806 - June 1807,2010,8.02,5.63,3.07,8214,144,No,https://boardgamegeek.com/boardgame/67199
30216,The Great War in Europe: Deluxe Edition,2007,7.0,5.63,3.62,8182,282,No,https://boardgamegeek.com/boardgame/30216
7138,"The Killing Ground: Campaign for Normandy, July-August 1944",2002,8.12,5.63,4.04,8333,138,No,https://boardgamegeek.com/boardgame/7138
135064,The Lord of the Rings: The Card Game – Nightmare Deck: Passage Through Mirkwood,2013,7.87,5.63,2.67,,146,Yes,https://boardgamegeek.com/boardgame/135064
17533,The New Easy to Master Dungeons & Dragons,1991,6.97,5.63,2.53,8120,293,No,https://boardgamegeek.com/boardgame/17533
90190,The Secret of Monte Cristo,2011,6.14,5.63,2.38,8159,671,No,https://boardgamegeek.com/boardgame/90190
75828,The Thing,2010,6.86,5.63,2.45,8375,263,No,https://boardgamegeek.com/boardgame/75828
27965,"The Tide at Sunrise: The Russo-Japanese War, 1904-1905",2010,6.87,5.63,2.28,8148,264,No,https://boardgamegeek.com/boardgame/27965
13403,Three Battles of Manassas,2004,7.8,5.63,3.29,8347,160,No,https://boardgamegeek.com/boardgame/13403
81424,Thunderstone: Blade Trap Promo,2010,7.15,5.63,2.0,,201,Yes,https://boardgamegeek.com/boardgame/81424
311,Time Agent,1992,6.64,5.63,3.44,8349,295,No,https://boardgamegeek.com/boardgame/311
2254,Title Bout,1979,6.77,5.63,2.19,8225,328,No,https://boardgamegeek.com/boardgame/2254
29140,Tumblin-Dice Jr.,2006,6.73,5.63,1.0,8264,267,No,https://boardgamegeek.com/boardgame/29140
3043,TurfMaster Course Collection 1,1999,8.19,5.63,2.45,,123,Yes,https://boardgamegeek.com/boardgame/3043
118568,Ubongo! Junior,2012,6.64,5.63,1.5,8112,327,No,https://boardgamegeek.com/boardgame/118568
102745,Ultimate Werewolf: Artifacts,2011,6.79,5.63,1.4,,312,Yes,https://boardgamegeek.com/boardgame/102745
1515,Upwords,1982,5.77,5.63,1.67,8186,3648,No,https://boardgamegeek.com/boardgame/1515
40491,Verflixxt! kompakt,2009,6.48,5.63,1.38,8166,380,No,https://boardgamegeek.com/boardgame/40491
87,Victory: World War II,1998,6.41,5.63,2.6,8145,438,No,https://boardgamegeek.com/boardgame/87
24396,War on Terror: The Boardgame,2006,6.07,5.63,2.49,8083,1217,No,https://boardgamegeek.com/boardgame/24396
138110,Warhammer: Invasion – Cataclysm,2013,7.71,5.63,3.17,,164,Yes,https://boardgamegeek.com/boardgame/138110
68722,Warhammer: Invasion – The Burning of Derricksburg,2010,7.54,5.63,2.33,,170,Yes,https://boardgamegeek.com/boardgame/68722
46323,Warlords of Europe,2010,6.83,5.63,2.65,8118,309,No,https://boardgamegeek.com/boardgame/46323
59335,Wherewolf,2009,7.39,5.63,2.06,8391,186,No,https://boardgamegeek.com/boardgame/59335
42924,Wings of War: Flight of the Giants,2010,7.66,5.63,2.25,,172,Yes,https://boardgamegeek.com/boardgame/42924
8798,Winter War: The Russo-Finnish Conflict,1972,7.14,5.63,2.33,8292,225,No,https://boardgamegeek.com/boardgame/8798
41493,Yamslam,2008,6.27,5.63,1.2,8368,531,No,https://boardgamegeek.com/boardgame/41493
47156,Ystari Box,2009,6.9,5.63,2.61,,240,Yes,https://boardgamegeek.com/boardgame/47156
30139,Zooloretto: Three Additional Buildings,2007,6.56,5.63,1.63,,336,Yes,https://boardgamegeek.com/boardgame/30139
853,...und tschüss!,1997,6.4,5.62,1.29,8638,362,No,https://boardgamegeek.com/boardgame/853
1313,1826: Railroading in France and Belgium from 1826,2000,7.38,5.62,3.88,8470,166,No,https://boardgamegeek.com/boardgame/1313
23421,1832: The South,2006,7.75,5.62,3.89,8560,133,No,https://boardgamegeek.com/boardgame/23421
21436,18FL: Railroads to Paradise,2006,6.87,5.62,3.62,8412,230,No,https://boardgamegeek.com/boardgame/21436
118703,20th Century Limited,2015,6.78,5.62,2.48,8418,271,No,https://boardgamegeek.com/boardgame/118703
5699,"Afrika: The North African Campaign, 1940-1942",1993,6.88,5.62,2.53,8485,265,No,https://boardgamegeek.com/boardgame/5699
25193,Age of Steam Expansion: Disco Inferno / Soul Train,2006,7.65,5.62,3.7,,132,Yes,https://boardgamegeek.com/boardgame/25193
55209,Age of Steam Expansion: Germany & France,2009,7.97,5.62,3.71,,123,Yes,https://boardgamegeek.com/boardgame/55209
30928,Age of Steam Expansion: Jamaica / Puerto Rico,2007,7.05,5.62,3.55,,198,Yes,https://boardgamegeek.com/boardgame/30928
36377,Age of Steam Expansion: Scotland,2006,7.54,5.62,3.86,,144,Yes,https://boardgamegeek.com/boardgame/36377
123504,Airlines Europe: New Bonus Connections,2012,7.28,5.62,2.25,,175,Yes,https://boardgamegeek.com/boardgame/123504
3818,Alias,1990,5.97,5.62,1.25,8530,1610,No,https://boardgamegeek.com/boardgame/3818
36986,All Things Zombie: The Boardgame,2009,6.17,5.62,2.53,8745,573,No,https://boardgamegeek.com/boardgame/36986
18057,Anno Domini: Natur,1998,6.68,5.62,1.17,8583,279,No,https://boardgamegeek.com/boardgame/18057
30483,Antler Island,2007,6.16,5.62,1.96,8586,546,No,https://boardgamegeek.com/boardgame/30483
74,Apples to Apples,1999,5.74,5.62,1.15,8444,19954,No,https://boardgamegeek.com/boardgame/74
499,Arbos,1999,6.37,5.62,1.0,8728,395,No,https://boardgamegeek.com/boardgame/499
42951,Arctic Scavengers: Recon,2015,7.16,5.62,2.29,,178,Yes,https://boardgamegeek.com/boardgame/42951
31449,Army of Frogs,2007,5.95,5.62,2.01,8474,929,No,https://boardgamegeek.com/boardgame/31449
88487,"Ascension: Chronicle of the Godslayer – Vedah, Sage of Swords Promo",2010,6.98,5.62,1.75,,222,Yes,https://boardgamegeek.com/boardgame/88487
8284,Assault: Tactical Combat in Europe – 1985,1983,6.91,5.62,3.44,8589,279,No,https://boardgamegeek.com/boardgame/8284
128425,Asteriated Grail,2010,7.38,5.62,3.17,8562,190,No,https://boardgamegeek.com/boardgame/128425
315,Bagh Chal,1000,6.21,5.62,2.27,8636,506,No,https://boardgamegeek.com/boardgame/315
99459,Banjooli Xeet,2013,6.32,5.62,1.15,8592,489,No,https://boardgamegeek.com/boardgame/99459
3177,Battle for Armageddon,1992,6.62,5.62,2.42,8717,322,No,https://boardgamegeek.com/boardgame/3177
9539,Beat the 8 Ball,1975,6.47,5.62,1.0,8588,331,No,https://boardgamegeek.com/boardgame/9539
129492,Bee Alert,2012,6.63,5.62,1.2,8462,310,No,https://boardgamegeek.com/boardgame/129492
747,Bitter Woods: The Battle of the Bulge,1998,6.93,5.62,2.97,8495,231,No,https://boardgamegeek.com/boardgame/747
1541,Block Mania: Mega-Mania,1987,6.79,5.62,2.35,,238,Yes,https://boardgamegeek.com/boardgame/1541
69136,"Bloody April, 1917: Air War Over Arras, France",2012,7.23,5.62,4.09,8482,230,No,https://boardgamegeek.com/boardgame/69136
133518,"Blue Cross, White Ensign",2014,7.55,5.62,3.55,8554,160,No,https://boardgamegeek.com/boardgame/133518
7824,Break the Safe,2003,6.08,5.62,1.46,8436,836,No,https://boardgamegeek.com/boardgame/7824
359,Bucket Brigade,1998,6.02,5.62,1.26,8634,738,No,https://boardgamegeek.com/boardgame/359
40258,Buffalo Wings,2010,8.12,5.62,2.88,8414,157,No,https://boardgamegeek.com/boardgame/40258
130134,Burning Suns,2013,7.11,5.62,3.36,8461,232,No,https://boardgamegeek.com/boardgame/130134
38873,Cambria,2008,6.41,5.62,1.83,8422,415,No,https://boardgamegeek.com/boardgame/38873
67055,Carcassonne: Die Kornkreise,2010,6.88,5.62,1.82,,243,Yes,https://boardgamegeek.com/boardgame/67055
83538,Carson City: A New Beginning,2010,7.49,5.62,3.13,,161,Yes,https://boardgamegeek.com/boardgame/83538
68199,Catchup,2010,7.55,5.62,2.1,8641,155,No,https://boardgamegeek.com/boardgame/68199
25695,Chopstick Dexterity MegaChallenge 3000,2006,6.15,5.62,1.09,8670,525,No,https://boardgamegeek.com/boardgame/25695
3242,Clash of the Gladiators,2002,5.92,5.62,1.55,8748,1025,No,https://boardgamegeek.com/boardgame/3242
132026,Conflict of Heroes: Wrecks and Destruction on the Eastern Front,2012,7.81,5.62,2.64,,145,Yes,https://boardgamegeek.com/boardgame/132026
67,Conquest,1974,6.41,5.62,2.44,8506,396,No,https://boardgamegeek.com/boardgame/67
134153,Core Worlds: Galactic Orders Promo Pack,2012,7.42,5.62,2.67,,157,Yes,https://boardgamegeek.com/boardgame/134153
4718,Cosmic Encounter: Expansion Set #4,1979,7.97,5.62,2.67,,129,Yes,https://boardgamegeek.com/boardgame/4718
17465,Cowboys: The Way of the Gun,2007,6.18,5.62,1.61,8610,520,No,https://boardgamegeek.com/boardgame/17465
8066,CrossFire: Rules and Organizations for Company Level WW II Gaming,1996,7.64,5.62,2.57,8734,169,No,https://boardgamegeek.com/boardgame/8066
61028,D-Day Dice: Free Trial Version,2009,6.62,5.62,1.82,8803,282,No,https://boardgamegeek.com/boardgame/61028
8495,De Bellis Multitudinis: Wargames Rules for Ancient and Medieval Battles – 3000 BC to 1500 AD,1993,6.69,5.62,3.86,8770,274,No,https://boardgamegeek.com/boardgame/8495
35477,Dead of Winter: The Battle of Stones River (Second Edition),2009,7.31,5.62,3.83,8649,199,No,https://boardgamegeek.com/boardgame/35477
103908,Defenders of the Realm: The Errant Paladin,2011,7.52,5.62,2.38,,157,Yes,https://boardgamegeek.com/boardgame/103908
8939,Der wahre Walter,1989,7.17,5.62,1.2,8645,184,No,https://boardgamegeek.com/boardgame/8939
62327,Descent / Runebound / Runewars Figure: Tobin Farslayer,2009,7.52,5.62,1.75,,167,Yes,https://boardgamegeek.com/boardgame/62327
126021,Dropzone Commander: Core Rulebook,2012,7.51,5.62,3.42,8639,175,No,https://boardgamegeek.com/boardgame/126021
29017,Dschungelschatz,2006,6.74,5.62,1.16,8564,274,No,https://boardgamegeek.com/boardgame/29017
16138,Dungeons & Dragons: The Fantasy Adventure Board Game – Forbidden Forest Expansion Pack,2004,6.86,5.62,2.09,,255,Yes,https://boardgamegeek.com/boardgame/16138
4667,Eagles: Waterloo,1995,6.69,5.62,2.09,8753,298,No,https://boardgamegeek.com/boardgame/4667
6226,Eastern Front Tank Leader,1986,6.95,5.62,2.88,8475,241,No,https://boardgamegeek.com/boardgame/6226
86167,El Alamein,2010,6.87,5.62,2.86,8762,243,No,https://boardgamegeek.com/boardgame/86167
119804,Empire Express,2012,6.66,5.62,2.0,8633,284,No,https://boardgamegeek.com/boardgame/119804
128011,Extra! Extra!,2015,6.69,5.62,3.23,8706,279,No,https://boardgamegeek.com/boardgame/128011
720,Fast Food Franchise,1992,6.34,5.62,2.14,8721,409,No,https://boardgamegeek.com/boardgame/720
8017,Feurio!,2003,6.14,5.62,2.0,8443,590,No,https://boardgamegeek.com/boardgame/8017
44489,Fluxx Promo Cards,1997,6.68,5.62,1.33,,305,Yes,https://boardgamegeek.com/boardgame/44489
132435,Galaxy Trucker: Even-Steven Cards,2012,7.27,5.62,2.12,,176,Yes,https://boardgamegeek.com/boardgame/132435
9804,Gettysburg: Badges of Courage,2004,7.07,5.62,3.08,8497,242,No,https://boardgamegeek.com/boardgame/9804
59867,Ghost Stories: The Village People Expansion,2009,7.07,5.62,2.64,,206,Yes,https://boardgamegeek.com/boardgame/59867
23928,Glory III,2007,6.87,5.62,2.76,8752,242,No,https://boardgamegeek.com/boardgame/23928
11929,Go-Moku,700,6.0,5.62,1.84,8690,856,No,https://boardgamegeek.com/boardgame/11929
10623,Gringo!: The Mexican War 1846-48,2004,7.23,5.62,3.44,8573,197,No,https://boardgamegeek.com/boardgame/10623
3365,Gumshoe,1985,7.69,5.62,3.09,8726,162,No,https://boardgamegeek.com/boardgame/3365
28944,Harzbahn 1873,2011,7.11,5.62,4.17,8468,191,No,https://boardgamegeek.com/boardgame/28944
350,Hattrick,1995,6.48,5.62,1.57,8411,331,No,https://boardgamegeek.com/boardgame/350
29870,Here I Stand: 2-Player Diplomacy Deck,2007,7.41,5.62,3.6,,168,Yes,https://boardgamegeek.com/boardgame/29870
25153,Heroscape: Nerak's Return ,2005,7.29,5.62,2.31,,188,Yes,https://boardgamegeek.com/boardgame/25153
39303,Heroscape: Viper's Vengeance,2005,7.56,5.62,2.56,,157,Yes,https://boardgamegeek.com/boardgame/39303
4244,Highway to the Reich: Operation Market-Garden 17-26 September 1944,1977,7.18,5.62,4.3,8628,213,No,https://boardgamegeek.com/boardgame/4244
126242,Hot Rod Creeps,2012,6.63,5.62,1.65,8593,312,No,https://boardgamegeek.com/boardgame/126242
1329,Hyle,1979,6.9,5.62,2.81,8754,215,No,https://boardgamegeek.com/boardgame/1329
29379,"Ici, c'est la France! The Algerian War of Independence 1954 - 1962",2009,7.56,5.62,2.79,8618,180,No,https://boardgamegeek.com/boardgame/29379
21709,Jericho,2006,6.08,5.62,1.39,8714,642,No,https://boardgamegeek.com/boardgame/21709
64,Joan of Arc,1998,6.3,5.62,2.54,8677,478,No,https://boardgamegeek.com/boardgame/64
39103,Jungle Speed: Deluxe,2008,6.73,5.62,1.22,,275,No,https://boardgamegeek.com/boardgame/39103
30024,Kachina,2009,6.6,5.62,2.06,8579,365,No,https://boardgamegeek.com/boardgame/30024
1702,Klondike,1993,6.33,5.62,1.38,8585,410,No,https://boardgamegeek.com/boardgame/1702
135,Kontor,1999,5.95,5.62,2.2,8768,867,No,https://boardgamegeek.com/boardgame/135
20077,"Kutuzov: The War in Russia, 1812",2008,6.86,5.62,3.35,8480,266,No,https://boardgamegeek.com/boardgame/20077
2324,Last Frontier: The Vesuvius Incident,1993,7.03,5.62,2.92,8686,208,No,https://boardgamegeek.com/boardgame/2324
56776,Last Night on Earth 'We've Got To Go Back!' Scenario,2007,7.61,5.62,2.12,,151,Yes,https://boardgamegeek.com/boardgame/56776
135215,Lords of War: Orcs versus Dwarves,2012,6.5,5.62,1.9,8582,407,No,https://boardgamegeek.com/boardgame/135215
52568,Mali Powstańcy: Warszawa 1944,2009,6.49,5.62,2.07,8681,358,No,https://boardgamegeek.com/boardgame/52568
4134,Man O' War: Plague Fleet,1993,7.29,5.62,3.0,,187,Yes,https://boardgamegeek.com/boardgame/4134
145,Metropolis,1984,6.35,5.62,2.23,8627,395,No,https://boardgamegeek.com/boardgame/145
4106,Moderne Zeiten,2002,6.55,5.62,2.28,8568,303,No,https://boardgamegeek.com/boardgame/4106
1520,Monad,1968,6.21,5.62,2.03,8780,488,No,https://boardgamegeek.com/boardgame/1520
35438,Moto Grand Prix,2008,6.31,5.62,1.98,8532,475,No,https://boardgamegeek.com/boardgame/35438
29678,Munchkin Quest,2008,5.82,5.62,2.51,8662,4152,No,https://boardgamegeek.com/boardgame/29678
43894,Munchkin: Waiting For Santa,2009,6.59,5.62,1.82,,376,Yes,https://boardgamegeek.com/boardgame/43894
127021,Nightfall: Crimson Siege,2012,7.58,5.62,2.71,,146,Yes,https://boardgamegeek.com/boardgame/127021
124601,Nightfall: Dark Rages,2012,7.45,5.62,2.89,,164,Yes,https://boardgamegeek.com/boardgame/124601
23917,Not War But Murder,2007,7.08,5.62,2.84,8779,194,No,https://boardgamegeek.com/boardgame/23917
5281,Octiles,1984,6.48,5.62,1.9,8790,332,No,https://boardgamegeek.com/boardgame/5281
7844,"Operation Typhoon: The German Assault on Moscow, 1941",1978,7.39,5.62,3.5,8794,186,No,https://boardgamegeek.com/boardgame/7844
9462,Operation Veritable: ASL Historical Study 1945 Rhine,2003,8.17,5.62,4.33,,135,Yes,https://boardgamegeek.com/boardgame/9462
37441,Pala,2012,6.64,5.62,2.27,8616,270,No,https://boardgamegeek.com/boardgame/37441
2072,Panzer Command: The Gateway to Stalingrad,1984,7.24,5.62,3.0,8718,205,No,https://boardgamegeek.com/boardgame/2072
5035,"PanzerArmee Afrika: Rommel in the Desert, April 1941 - November 1942",1973,6.45,5.62,2.51,8783,393,No,https://boardgamegeek.com/boardgame/5035
4275,Pea Ridge: The Gettysburg of the West March 7-8 1862,1980,7.27,5.62,3.11,8543,199,No,https://boardgamegeek.com/boardgame/4275
91010,Phantom Fury,2011,7.52,5.62,2.88,8521,178,No,https://boardgamegeek.com/boardgame/91010
44890,"Picket Duty: Kamikaze Attacks against U.S. Destroyers – Okinawa, 1945",2013,7.29,5.62,2.86,8457,226,No,https://boardgamegeek.com/boardgame/44890
2860,Piecepack,2001,6.99,5.62,2.36,8739,220,No,https://boardgamegeek.com/boardgame/2860
124047,Pirate Dice: Voyage on the Rolling Seas,2012,6.11,5.62,1.68,8733,568,No,https://boardgamegeek.com/boardgame/124047
54221,Push Fight,2008,7.31,5.62,2.56,8773,182,No,https://boardgamegeek.com/boardgame/54221
121806,Race to the Treasure!,2012,6.21,5.62,1.09,8715,567,No,https://boardgamegeek.com/boardgame/121806
8192,Railroad Dice,2003,6.13,5.62,2.71,8685,518,No,https://boardgamegeek.com/boardgame/8192
27940,RattleSnake,2007,5.87,5.62,1.07,8727,1305,No,https://boardgamegeek.com/boardgame/27940
841,Razzia,1992,6.35,5.62,1.33,8741,389,No,https://boardgamegeek.com/boardgame/841
8957,Renegade Legion: Centurion – Blood & Steel,1988,6.87,5.62,3.3,8544,268,No,https://boardgamegeek.com/boardgame/8957
2520,Renegade Legion: Interceptor,1987,6.94,5.62,3.07,8598,255,No,https://boardgamegeek.com/boardgame/2520
16805,Road to Berlin: Platoon Level Combat in World War II – A Panzer Grenadier Game,2005,7.42,5.62,2.78,8565,179,No,https://boardgamegeek.com/boardgame/16805
38275,Robotory,2006,6.26,5.62,1.73,8439,477,No,https://boardgamegeek.com/boardgame/38275
5635,Second World War at Sea: Bomb Alley,2002,7.28,5.62,3.06,8614,186,No,https://boardgamegeek.com/boardgame/5635
458,Sherlock Holmes: The Card Game,1991,6.13,5.62,1.49,8682,654,No,https://boardgamegeek.com/boardgame/458
133534,Sigismundus Augustus: Dei gratia rex Poloniae,2012,7.12,5.62,3.89,8682,214,No,https://boardgamegeek.com/boardgame/133534
4642,Sports Illustrated Baseball,1972,7.31,5.62,1.96,8612,222,No,https://boardgamegeek.com/boardgame/4642
2090,Stalingrad Pocket: The Wehrmacht's Greatest Disaster,1992,6.93,5.62,2.6,8695,234,No,https://boardgamegeek.com/boardgame/2090
5686,Stargrunt II,1996,7.53,5.62,2.96,8631,167,No,https://boardgamegeek.com/boardgame/5686
9615,Station Master,2004,6.12,5.62,1.53,8650,592,No,https://boardgamegeek.com/boardgame/9615
31259,Tannhäuser: Wolf,2007,7.15,5.62,2.32,,199,Yes,https://boardgamegeek.com/boardgame/31259
39332,Tasso,2004,6.15,5.62,1.31,8767,541,No,https://boardgamegeek.com/boardgame/39332
137406,Templar: The Secret Treasures,2013,6.37,5.62,2.23,8441,431,No,https://boardgamegeek.com/boardgame/137406
85572,"The Last Success: Quadrigame of the War Against Austria, April - July 1809",2011,7.73,5.62,3.16,8757,149,No,https://boardgamegeek.com/boardgame/85572
1695,The Legend of Robin Hood,1979,6.34,5.62,2.11,8604,453,No,https://boardgamegeek.com/boardgame/1695
135508,The Mushroom Eaters,2013,7.24,5.62,2.38,8500,195,No,https://boardgamegeek.com/boardgame/135508
1202,The Sorcerer's Cave,1978,6.49,5.62,1.77,8666,407,No,https://boardgamegeek.com/boardgame/1202
637,The Stock Car Championship Racing Card Game,1995,6.92,5.62,2.14,8738,232,No,https://boardgamegeek.com/boardgame/637
17863,The Western Front: 1914 to 1918,2004,7.96,5.62,3.37,8606,152,No,https://boardgamegeek.com/boardgame/17863
4532,Thud,2002,6.28,5.62,2.59,8424,552,No,https://boardgamegeek.com/boardgame/4532
6508,Tom Tube,2003,6.27,5.62,2.28,8472,445,No,https://boardgamegeek.com/boardgame/6508
85105,Travel Blog,2010,6.07,5.62,1.52,8437,688,No,https://boardgamegeek.com/boardgame/85105
136284,Uluru: Neuer Tumult am Ayers Rock,2013,6.4,5.62,1.42,8486,389,No,https://boardgamegeek.com/boardgame/136284
29199,Victoria Cross II: Battle of Isandlwana & Rorke's Drift,2011,7.44,5.62,2.0,8802,166,No,https://boardgamegeek.com/boardgame/29199
10662,Victoria Cross: The Battle of Rorke's Drift,2004,6.98,5.62,2.34,8735,228,No,https://boardgamegeek.com/boardgame/10662
4226,"Victory at Midway: Turning Point of the Pacific War, June 1942",1992,7.24,5.62,2.26,8449,196,No,https://boardgamegeek.com/boardgame/4226
12488,WARS Trading Card Game,2004,6.8,5.62,3.0,8678,292,No,https://boardgamegeek.com/boardgame/12488
25605,Walhalla,2006,6.37,5.62,2.3,8692,356,No,https://boardgamegeek.com/boardgame/25605
490,Warangel,2000,7.76,5.62,2.51,8764,287,No,https://boardgamegeek.com/boardgame/490
28681,Warmachine Prime Remix,2006,7.89,5.62,3.76,,148,Yes,https://boardgamegeek.com/boardgame/28681
1072,Wat'n dat!?,1996,6.53,5.62,1.18,8526,335,No,https://boardgamegeek.com/boardgame/1072
34334,Waterloo 20,2000,6.95,5.62,2.19,8765,209,No,https://boardgamegeek.com/boardgame/34334
6642,Western Front Tank Leader,1987,6.94,5.62,3.1,8787,236,No,https://boardgamegeek.com/boardgame/6642
828,Wizards,1982,6.44,5.62,2.96,8515,426,No,https://boardgamegeek.com/boardgame/828
404,Worm Up!,1994,5.89,5.62,1.09,8705,1092,No,https://boardgamegeek.com/boardgame/404
15474,Zombiaki,2003,6.11,5.62,1.6,8669,772,No,https://boardgamegeek.com/boardgame/15474
56128,Zombiaki II: Attack on Moscow,2010,6.15,5.62,1.57,8516,707,No,https://boardgamegeek.com/boardgame/56128
139866,Zombicide: Box of Zombies – Set #3: Angry Zombies,2013,7.28,5.62,2.0,,203,Yes,https://boardgamegeek.com/boardgame/139866
110286,Zong Shi,2012,6.42,5.62,2.55,8548,358,No,https://boardgamegeek.com/boardgame/110286
35964,duck! duck! Go!,2008,5.97,5.62,1.6,8499,881,No,https://boardgamegeek.com/boardgame/35964
46669,1914: Offensive à outrance,2013,7.84,5.61,4.16,8832,152,No,https://boardgamegeek.com/boardgame/46669
121409,1969,2012,6.28,5.61,2.33,9196,436,No,https://boardgamegeek.com/boardgame/121409
5476,A Gleam of Bayonets: The Battle of Antietam,1983,7.32,5.61,3.72,8883,186,No,https://boardgamegeek.com/boardgame/5476
1759,Advanced Heroquest: Terror in the Dark,1991,7.14,5.61,2.5,,206,Yes,https://boardgamegeek.com/boardgame/1759
21030,Age of Steam Expansion: China / South America,2005,7.7,5.61,4.0,,123,Yes,https://boardgamegeek.com/boardgame/21030
138559,Agents of SMERSH: Swagman's Hope,2014,7.41,5.61,3.14,,141,Yes,https://boardgamegeek.com/boardgame/138559
42651,Airborne in My Pocket,2009,6.99,5.61,1.67,9151,208,No,https://boardgamegeek.com/boardgame/42651
1726,Alexander the Great,1971,6.24,5.61,2.63,9228,456,No,https://boardgamegeek.com/boardgame/1726
138546,Among the Stars: Hythian,2013,7.18,5.61,2.25,,166,Yes,https://boardgamegeek.com/boardgame/138546
27028,Anima Tactics,2006,7.37,5.61,2.64,8992,176,No,https://boardgamegeek.com/boardgame/27028
101513,"Ascension: Return of the Fallen – Kythis, the Gatekeeper Promo",2011,6.98,5.61,1.82,,197,Yes,https://boardgamegeek.com/boardgame/101513
121657,Axis & Allies Air Force Miniatures: Angels 20,2012,7.13,5.61,2.3,8927,216,No,https://boardgamegeek.com/boardgame/121657
5829,Balkan Front,1990,7.05,5.61,3.86,9288,191,No,https://boardgamegeek.com/boardgame/5829
127134,Baobab,2012,6.14,5.61,1.15,9013,561,No,https://boardgamegeek.com/boardgame/127134
26606,"Barbarian: Rome vs. The Gauls and Samnites, 315-200 BC – SPQR Battle Module",2008,7.85,5.61,3.65,,123,Yes,https://boardgamegeek.com/boardgame/26606
2368,Battlecars,1983,6.28,5.61,2.0,9287,447,No,https://boardgamegeek.com/boardgame/2368
103515,Battles of Westeros: Brotherhood Without Banners,2011,7.61,5.61,3.0,,150,Yes,https://boardgamegeek.com/boardgame/103515
31853,Black Box +,2007,7.24,5.61,2.28,9248,150,No,https://boardgamegeek.com/boardgame/31853
4200,"Black Wednesday: The Battle of Krasni Bor, 10-11 Feb 1943",1995,7.18,5.61,3.57,9056,187,No,https://boardgamegeek.com/boardgame/4200
14258,Blood Feud in New York,2004,6.12,5.61,2.69,9204,661,No,https://boardgamegeek.com/boardgame/14258
869,Bongo!,2000,6.06,5.61,1.41,9269,553,No,https://boardgamegeek.com/boardgame/869
40,Borderlands,1982,6.7,5.61,2.79,8999,289,No,https://boardgamegeek.com/boardgame/40
33077,Breakthrough: Cambrai,2011,6.91,5.61,2.65,8892,229,No,https://boardgamegeek.com/boardgame/33077
40235,Bridge Troll,2009,6.01,5.61,2.02,8827,741,No,https://boardgamegeek.com/boardgame/40235
99696,Briscola Chiamata,1800,7.48,5.61,2.0,9183,141,No,https://boardgamegeek.com/boardgame/99696
3341,Burn Rate,2002,6.08,5.61,1.58,9077,686,No,https://boardgamegeek.com/boardgame/3341
30324,Ca$h 'n Gun$: Live,2007,6.38,5.61,1.39,8819,353,No,https://boardgamegeek.com/boardgame/30324
2960,Camden,2002,6.28,5.61,1.91,8808,480,No,https://boardgamegeek.com/boardgame/2960
29411,Castle Knights,2007,6.49,5.61,1.05,9209,293,No,https://boardgamegeek.com/boardgame/29411
26458,"Chandragupta: Great Battles of the Mauryan Empire – India, 319-261 BC",2008,7.61,5.61,3.78,8893,142,No,https://boardgamegeek.com/boardgame/26458
289,Chariot Lords,1999,6.71,5.61,2.75,9180,243,No,https://boardgamegeek.com/boardgame/289
35339,Cheesy Gonzola,2008,7.07,5.61,1.69,,182,Yes,https://boardgamegeek.com/boardgame/35339
63395,Chocolatl,2010,6.39,5.61,2.05,8901,353,No,https://boardgamegeek.com/boardgame/63395
1163,"Ciao, Ciao...",1997,6.04,5.61,1.09,8851,761,No,https://boardgamegeek.com/boardgame/1163
140279,Clacks: A Discworld Board Game,2015,6.21,5.61,2.6,8852,541,No,https://boardgamegeek.com/boardgame/140279
14860,Clash for a Continent:  Battles of the American Revolution and French & Indian War,2005,7.19,5.61,2.1,8961,180,No,https://boardgamegeek.com/boardgame/14860
23263,Clue DVD Game,2005,6.28,5.61,1.89,8955,522,No,https://boardgamegeek.com/boardgame/23263
4721,Cosmic Encounter: Expansion Set #7,1981,8.0,5.61,2.6,,112,Yes,https://boardgamegeek.com/boardgame/4721
4722,Cosmic Encounter: Expansion Set #8,1982,8.06,5.61,2.67,,110,Yes,https://boardgamegeek.com/boardgame/4722
65272,Cyrano,2010,6.69,5.61,1.35,9234,243,No,https://boardgamegeek.com/boardgame/65272
102264,D-Day Dice: Normandy,2012,7.25,5.61,2.0,,157,Yes,https://boardgamegeek.com/boardgame/102264
102260,D-Day Dice: Operation Neptune,2012,7.3,5.61,2.0,,160,Yes,https://boardgamegeek.com/boardgame/102260
99130,Dawn of the Zeds,2011,7.35,5.61,2.64,8850,166,No,https://boardgamegeek.com/boardgame/99130
102582,Defenders of the Realm: Global Effects Cards,2011,7.25,5.61,2.88,,170,Yes,https://boardgamegeek.com/boardgame/102582
74102,Der Pate,2010,6.23,5.61,2.33,9140,451,No,https://boardgamegeek.com/boardgame/74102
62329,Descent / Runebound / Runewars Figure: Jonas the Kind,2009,7.45,5.61,1.0,,163,Yes,https://boardgamegeek.com/boardgame/62329
62349,Descent / Runebound / Runewars Figure: Truthseer Kel,2009,7.58,5.61,1.0,,149,Yes,https://boardgamegeek.com/boardgame/62349
28436,Deutschland: Finden Sie Minden,2007,6.36,5.61,1.58,9106,350,No,https://boardgamegeek.com/boardgame/28436
1525,Dixie: Bull Run,1994,6.37,5.61,2.04,9013,398,No,https://boardgamegeek.com/boardgame/1525
32288,Dou Dizhu,,6.99,5.61,2.27,9005,219,No,https://boardgamegeek.com/boardgame/32288
29055,Down in Flames: Locked-On,2018,7.76,5.61,1.86,9136,152,No,https://boardgamegeek.com/boardgame/29055
2949,Dune: Spice Harvest,1984,6.68,5.61,2.45,,248,Yes,https://boardgamegeek.com/boardgame/2949
23348,Easter Island,2006,6.32,5.61,2.31,8987,398,No,https://boardgamegeek.com/boardgame/23348
137104,Edo: Expansion #1,2013,7.31,5.61,3.0,,160,Yes,https://boardgamegeek.com/boardgame/137104
5754,El Grande: König & Intrigant – Player's Edition,1998,7.33,5.61,2.77,,154,Yes,https://boardgamegeek.com/boardgame/5754
33785,Elsenborn Ridge: Tactical Combat During the Battle of the Bulge – A Panzer Grenadier Game,2008,7.56,5.61,3.05,9294,144,No,https://boardgamegeek.com/boardgame/33785
2287,"Elves, Dwarfs & Dungeonbowl",1989,6.63,5.61,2.58,8853,307,No,https://boardgamegeek.com/boardgame/2287
53624,Empires in America: The French and Indian War,2009,7.21,5.61,2.33,8868,175,No,https://boardgamegeek.com/boardgame/53624
938,Enchanted Forest,1981,5.74,5.61,1.24,8935,3378,No,https://boardgamegeek.com/boardgame/938
131121,Equinox,2012,6.54,5.61,2.07,9220,274,No,https://boardgamegeek.com/boardgame/131121
7109,Fifth Corps: The Soviet Breakthrough at Fulda,1980,7.02,5.61,3.24,8888,218,No,https://boardgamegeek.com/boardgame/7109
14940,Figure It,1975,6.56,5.61,1.3,8963,292,No,https://boardgamegeek.com/boardgame/14940
4643,Fire and Ice,2002,6.75,5.61,2.95,8876,238,No,https://boardgamegeek.com/boardgame/4643
65334,Flash Duel,2010,6.54,5.61,1.49,8820,354,No,https://boardgamegeek.com/boardgame/65334
5042,Flashpoint: Golan – The Fifth Arab-Israeli War,1991,7.2,5.61,3.73,9181,187,No,https://boardgamegeek.com/boardgame/5042
29878,Flying Colors: Ship of the Line,2009,7.68,5.61,3.26,,134,Yes,https://boardgamegeek.com/boardgame/29878
77011,For Crown & Kingdom,2016,6.64,5.61,2.0,9121,251,No,https://boardgamegeek.com/boardgame/77011
29383,GD '42: Grossdeutschland,2009,7.78,5.61,3.9,8907,144,No,https://boardgamegeek.com/boardgame/29383
2542,Gargon,2001,5.98,5.61,1.75,8988,807,No,https://boardgamegeek.com/boardgame/2542
1533,Ghost Chase,2001,6.26,5.61,1.68,8912,456,No,https://boardgamegeek.com/boardgame/1533
69467,Ghost Stories: Jean-Claude Van Rice,2010,7.11,5.61,2.75,,186,Yes,https://boardgamegeek.com/boardgame/69467
1463,Girl Genius: The Works,2001,6.05,5.61,1.94,9171,708,No,https://boardgamegeek.com/boardgame/1463
17530,Go Stop,1889,6.54,5.61,2.27,9153,316,No,https://boardgamegeek.com/boardgame/17530
124390,"Goblins Drool, Fairies Rule!",2013,6.08,5.61,1.07,9044,655,No,https://boardgamegeek.com/boardgame/124390
31821,Goita,1860,6.91,5.61,1.69,9063,208,No,https://boardgamegeek.com/boardgame/31821
134626,Golden Horn: Von Venedig nach Konstantinopel,2013,6.39,5.61,1.61,9085,346,No,https://boardgamegeek.com/boardgame/134626
20889,Great War at Sea: Jutland,2006,7.2,5.61,3.07,9038,191,No,https://boardgamegeek.com/boardgame/20889
34098,Guelphs and Ghibellines,2009,7.73,5.61,2.58,9050,128,No,https://boardgamegeek.com/boardgame/34098
274,Guerilla,1994,6.28,5.61,2.7,9039,406,No,https://boardgamegeek.com/boardgame/274
5928,Harpoon (Third Edition),1987,6.51,5.61,4.0,9096,339,No,https://boardgamegeek.com/boardgame/5928
38778,Heads of State,2008,6.08,5.61,2.95,9017,618,No,https://boardgamegeek.com/boardgame/38778
17526,Hecatomb,2005,6.36,5.61,2.46,8877,408,No,https://boardgamegeek.com/boardgame/17526
37303,Heroscape: Skahen's Rescue,2008,7.86,5.61,2.25,,127,Yes,https://boardgamegeek.com/boardgame/37303
40941,Hide the Kids!,2009,6.61,5.61,1.11,9194,366,No,https://boardgamegeek.com/boardgame/40941
112694,Hockey Blast Pro Hockey Game,2010,7.92,5.61,2.14,9081,129,No,https://boardgamegeek.com/boardgame/112694
114562,Hokito,2020,6.7,5.61,1.71,8949,269,No,https://boardgamegeek.com/boardgame/114562
22479,HorrorClix,2006,6.47,5.61,2.33,9004,409,No,https://boardgamegeek.com/boardgame/22479
10667,Hybrid: Expansion 1 – Nemesis,2004,7.77,5.61,3.29,,144,Yes,https://boardgamegeek.com/boardgame/10667
34829,Ilium,2008,6.25,5.61,2.12,8954,429,No,https://boardgamegeek.com/boardgame/34829
5730,Illuminati Expansion Set 1,1983,6.82,5.61,2.48,,214,Yes,https://boardgamegeek.com/boardgame/5730
66076,Industry,2010,6.32,5.61,2.86,8967,424,No,https://boardgamegeek.com/boardgame/66076
26952,International Checkers,1600,6.53,5.61,2.56,9182,354,No,https://boardgamegeek.com/boardgame/26952
2613,Intruder,1980,6.71,5.61,1.89,8865,279,No,https://boardgamegeek.com/boardgame/2613
1245,Isis & Osiris,2001,5.84,5.61,1.35,9261,1092,No,https://boardgamegeek.com/boardgame/1245
1380,Jockey,1973,6.37,5.61,1.48,9086,377,No,https://boardgamegeek.com/boardgame/1380
56294,Jungle Speed: Rabbids,2008,6.48,5.61,1.15,9255,320,No,https://boardgamegeek.com/boardgame/56294
108157,Kalimambo,2011,6.14,5.61,1.1,9283,459,No,https://boardgamegeek.com/boardgame/108157
139572,Karesansui,2013,6.43,5.61,2.15,8975,342,No,https://boardgamegeek.com/boardgame/139572
99935,Keep Up The Fire!: The Boxer Rebellion,2011,7.32,5.61,1.9,9089,186,No,https://boardgamegeek.com/boardgame/99935
76883,Khan,2010,6.32,5.61,2.38,9072,372,No,https://boardgamegeek.com/boardgame/76883
23741,Killer Bunnies and the Quest for the Magic Carrot: Ominous Onyx Booster,2007,6.45,5.61,2.29,,372,Yes,https://boardgamegeek.com/boardgame/23741
20621,Killer Bunnies and the Quest for the Magic Carrot: Wacky KHAKI Booster,2006,6.46,5.61,2.33,,387,Yes,https://boardgamegeek.com/boardgame/20621
41100,King Philip's War,2010,6.99,5.61,2.28,8919,220,No,https://boardgamegeek.com/boardgame/41100
18165,Kingmaker: Variant Event Cards,1977,7.29,5.61,2.74,,169,Yes,https://boardgamegeek.com/boardgame/18165
5394,"Kolin: Frederick's First Defeat – June 18, 1757",1994,7.88,5.61,3.95,8899,136,No,https://boardgamegeek.com/boardgame/5394
1519,Kult,1995,6.92,5.61,2.52,8977,244,No,https://boardgamegeek.com/boardgame/1519
312,Landlord!,1992,5.92,5.61,1.51,8870,988,No,https://boardgamegeek.com/boardgame/312
58329,Langfinger,2009,6.12,5.61,1.77,9057,532,No,https://boardgamegeek.com/boardgame/58329
125658,Level 7 [Escape],2012,6.0,5.61,2.86,9090,913,No,https://boardgamegeek.com/boardgame/125658
11705,"Lightning: Midway – June 4th to June 6th, 1942",2004,6.47,5.61,1.74,8913,342,No,https://boardgamegeek.com/boardgame/11705
25731,Lock 'n Load: Swift and Bold,2007,7.78,5.61,2.64,,124,Yes,https://boardgamegeek.com/boardgame/25731
2268,Lost Patrol,2000,6.45,5.61,1.61,9172,372,No,https://boardgamegeek.com/boardgame/2268
102835,Lost Temple,2011,5.88,5.61,1.74,9189,983,No,https://boardgamegeek.com/boardgame/102835
5791,Maelstrom,2001,6.57,5.61,2.57,9046,291,No,https://boardgamegeek.com/boardgame/5791
40816,Magestorm,2010,6.27,5.61,3.21,9002,439,No,https://boardgamegeek.com/boardgame/40816
1713,Maharaja,1994,6.16,5.61,2.67,9253,497,No,https://boardgamegeek.com/boardgame/1713
27817,Marne 1918: Friedensturm,2006,7.97,5.61,3.23,8902,135,No,https://boardgamegeek.com/boardgame/27817
38980,Mecanisburgo,2008,6.5,5.61,3.8,9108,311,No,https://boardgamegeek.com/boardgame/38980
113567,Mediterranean Empires,2015,7.18,5.61,2.75,9083,173,No,https://boardgamegeek.com/boardgame/113567
105855,Memoir '44: The Invasion of Crete,2011,7.95,5.61,1.0,,124,Yes,https://boardgamegeek.com/boardgame/105855
1965,Mertwig's Maze,1988,6.6,5.61,1.93,9177,280,No,https://boardgamegeek.com/boardgame/1965
42105,Mixmo,2009,6.34,5.61,1.47,8941,386,No,https://boardgamegeek.com/boardgame/42105
476,Mr. President,1967,6.62,5.61,2.16,8837,349,No,https://boardgamegeek.com/boardgame/476
80571,Munchkin Reloaded!,2010,6.59,5.61,2.31,,290,Yes,https://boardgamegeek.com/boardgame/80571
76466,Munchkin Santa's Revenge,2010,6.72,5.61,2.29,,291,Yes,https://boardgamegeek.com/boardgame/76466
99609,Munchkin: Conan the Barbarian,2011,6.61,5.61,2.06,,309,Yes,https://boardgamegeek.com/boardgame/99609
1371,Mustangs,1991,6.66,5.61,2.28,9010,282,No,https://boardgamegeek.com/boardgame/1371
20196,Mystery of the Abbey: The Pilgrims' Chronicles,2005,6.77,5.61,2.0,,227,Yes,https://boardgamegeek.com/boardgame/20196
4831,NFL Strategy,1970,6.89,5.61,2.23,9188,250,No,https://boardgamegeek.com/boardgame/4831
116806,Napoleon Against Russia,2015,8.2,5.61,3.14,8952,113,No,https://boardgamegeek.com/boardgame/116806
36297,No Question of Surrender: The Battle for Bir Hacheim,2012,7.3,5.61,2.89,8929,176,No,https://boardgamegeek.com/boardgame/36297
6117,Nobody but Us Chickens,2003,6.08,5.61,1.18,8879,596,No,https://boardgamegeek.com/boardgame/6117
46422,Nostra City,2009,6.28,5.61,2.52,9165,402,No,https://boardgamegeek.com/boardgame/46422
24771,Null & Nichtig,2006,6.1,5.61,1.61,9074,530,No,https://boardgamegeek.com/boardgame/24771
473,Olé!,1996,6.64,5.61,1.43,8809,270,No,https://boardgamegeek.com/boardgame/473
138081,Once Upon a Time: Seafaring Tales,2013,6.99,5.61,1.38,,209,Yes,https://boardgamegeek.com/boardgame/138081
137,Pass the Bomb,1994,5.84,5.61,1.29,8917,1772,No,https://boardgamegeek.com/boardgame/137
20082,Pecunia non olet: Geld stinkt nicht,2005,6.22,5.61,1.3,9220,453,No,https://boardgamegeek.com/boardgame/20082
13347,Plunder,2004,6.13,5.61,2.19,8937,582,No,https://boardgamegeek.com/boardgame/13347
39940,Prague: The Empty Triumph,2014,8.59,5.61,4.1,,105,No,https://boardgamegeek.com/boardgame/39940
9354,Privacy,2004,6.37,5.61,1.1,8953,403,No,https://boardgamegeek.com/boardgame/9354
11122,Proud Monster: The Barbarossa Campaign,1994,7.24,5.61,3.07,9184,170,No,https://boardgamegeek.com/boardgame/11122
46080,Realm of Chaos: The Lost and the Damned,1990,8.23,5.61,4.0,,108,Yes,https://boardgamegeek.com/boardgame/46080
6861,Red Badge of Courage,2001,7.49,5.61,3.85,8891,154,No,https://boardgamegeek.com/boardgame/6861
4657,Replay Baseball,1973,8.12,5.61,2.5,9128,135,No,https://boardgamegeek.com/boardgame/4657
277,Res Publica,1991,5.9,5.61,1.7,8898,1066,No,https://boardgamegeek.com/boardgame/277
88871,"Roads to Moscow: Battles of Mozhaysk and Mtsensk, 1941",2013,7.42,5.61,3.36,8957,163,No,https://boardgamegeek.com/boardgame/88871
40243,Roads to Stalingrad: Campaign Commander Series,2009,7.58,5.61,2.46,9282,148,No,https://boardgamegeek.com/boardgame/40243
104640,Robin Hood,2011,7.01,5.61,1.5,8858,213,No,https://boardgamegeek.com/boardgame/104640
2665,Russian Civil War 1918-1922,1976,7.01,5.61,3.12,8818,214,No,https://boardgamegeek.com/boardgame/2665
909,Saturn,1997,6.76,5.61,1.25,9174,224,No,https://boardgamegeek.com/boardgame/909
2919,Search for the Emperor's Treasure,1981,6.97,5.61,1.76,9091,211,No,https://boardgamegeek.com/boardgame/2919
8320,Sicily: The Race for Messina,1981,6.72,5.61,3.06,9073,250,No,https://boardgamegeek.com/boardgame/8320
75957,Slither,2010,7.9,5.61,2.93,9100,122,No,https://boardgamegeek.com/boardgame/75957
131581,Soccero (Second Edition),2012,7.2,5.61,1.82,9164,190,No,https://boardgamegeek.com/boardgame/131581
108377,Space Station,2011,6.49,5.61,2.16,9043,328,No,https://boardgamegeek.com/boardgame/108377
8222,Spank the Monkey,2003,5.89,5.61,1.44,8834,1513,No,https://boardgamegeek.com/boardgame/8222
56320,Spearpoint 1943,2010,6.86,5.61,1.91,8910,239,No,https://boardgamegeek.com/boardgame/56320
1633,Spies!,1981,6.45,5.61,2.4,9173,345,No,https://boardgamegeek.com/boardgame/1633
40550,Star Trek Customizable Card Game (Second Edition),2002,6.74,5.61,3.2,8958,260,No,https://boardgamegeek.com/boardgame/40550
9855,Strat-O-Matic Pro Basketball,1973,7.16,5.61,2.65,9109,201,No,https://boardgamegeek.com/boardgame/9855
11385,Stratego: Lord of the Rings Trilogy Edition,2004,6.27,5.61,2.05,9021,508,No,https://boardgamegeek.com/boardgame/11385
94365,Sultans of Karaya,2011,6.32,5.61,1.76,9193,389,No,https://boardgamegeek.com/boardgame/94365
32129,Taktika,2007,6.97,5.61,1.47,8804,202,No,https://boardgamegeek.com/boardgame/32129
1743,Talisman: Timescape,1988,5.96,5.61,2.15,,1016,Yes,https://boardgamegeek.com/boardgame/1743
31209,Tannhäuser: Ramirez,2008,7.29,5.61,1.93,,176,Yes,https://boardgamegeek.com/boardgame/31209
55833,Tarantel Tango,2009,6.05,5.61,1.2,9113,703,No,https://boardgamegeek.com/boardgame/55833
16444,The Battle of the Bulge,1965,6.24,5.61,2.22,9216,493,No,https://boardgamegeek.com/boardgame/16444
2883,The Book of Classic Board Games,1991,6.6,5.61,1.83,,281,No,https://boardgamegeek.com/boardgame/2883
135193,The Eastern Front: 1914-1917,2012,8.39,5.61,3.27,,110,No,https://boardgamegeek.com/boardgame/135193
139371,The Great Heartland Hauling Co.: Badlands,2013,6.99,5.61,1.64,,195,Yes,https://boardgamegeek.com/boardgame/139371
2611,The HellGame,2003,6.51,5.61,3.67,8996,363,No,https://boardgamegeek.com/boardgame/2611
14007,"The Siege of Alesia: Gaul, 52 B.C.",2005,7.06,5.61,3.18,9221,206,No,https://boardgamegeek.com/boardgame/14007
56995,The Twelve Doctors: Doctor Who Card Game,2009,7.59,5.61,2.38,8938,152,No,https://boardgamegeek.com/boardgame/56995
12134,This Hallowed Ground,1998,7.94,5.61,4.17,9185,137,No,https://boardgamegeek.com/boardgame/12134
12141,This Terrible Sound,2000,7.86,5.61,3.82,9152,126,No,https://boardgamegeek.com/boardgame/12141
14536,Time's Up! Expansion set #1,2001,7.8,5.61,1.5,,111,Yes,https://boardgamegeek.com/boardgame/14536
135888,Titanium Wars,2013,6.14,5.61,2.4,9242,500,No,https://boardgamegeek.com/boardgame/135888
89342,Tomorrow,2013,6.32,5.61,2.69,8918,494,No,https://boardgamegeek.com/boardgame/89342
70532,Tonkin: The First Indochina War (Second Edition),2012,7.82,5.61,3.29,9001,170,No,https://boardgamegeek.com/boardgame/70532
41875,Trader,2009,6.51,5.61,1.42,9048,286,No,https://boardgamegeek.com/boardgame/41875
129091,Trainmaker,2012,6.32,5.61,1.22,9278,392,No,https://boardgamegeek.com/boardgame/129091
3637,Triplanetary,1973,7.03,5.61,2.32,9215,207,No,https://boardgamegeek.com/boardgame/3637
46614,Triplo,2017,6.81,5.61,1.67,9187,234,No,https://boardgamegeek.com/boardgame/46614
87904,Trivial Pursuit: Master Edition,2009,6.08,5.61,1.52,9052,726,No,https://boardgamegeek.com/boardgame/87904
514,True Colors,1989,6.09,5.61,1.14,8895,625,No,https://boardgamegeek.com/boardgame/514
4338,Twilight Imperium: Second Edition – Hope's End,2001,7.3,5.61,3.5,,173,Yes,https://boardgamegeek.com/boardgame/4338
12318,Typo,2004,6.18,5.61,1.39,9008,476,No,https://boardgamegeek.com/boardgame/12318
3874,Ultimate Mastermind,1972,5.98,5.61,2.26,9137,824,No,https://boardgamegeek.com/boardgame/3874
34871,Ventura,2011,6.33,5.61,3.02,8807,508,No,https://boardgamegeek.com/boardgame/34871
102690,Villagers & Villains,2011,6.61,5.61,1.81,9266,287,No,https://boardgamegeek.com/boardgame/102690
114684,Villages,2011,6.52,5.61,1.64,9079,406,No,https://boardgamegeek.com/boardgame/114684
1271,Volltreffer,1999,6.79,5.61,1.83,9069,220,No,https://boardgamegeek.com/boardgame/1271
2802,War in Europe,1976,7.21,5.61,3.71,,199,No,https://boardgamegeek.com/boardgame/2802
69881,Warhammer: Invasion – The Fall of Karak Grimaz,2010,7.5,5.61,2.25,,159,Yes,https://boardgamegeek.com/boardgame/69881
72322,Warhammer: Invasion – The Silent Forge,2010,7.54,5.61,2.38,,146,Yes,https://boardgamegeek.com/boardgame/72322
74408,Warhammer: The Island of Blood,2010,7.0,5.61,3.67,9031,219,No,https://boardgamegeek.com/boardgame/74408
138104,Warmachine: High Command,2013,6.13,5.61,2.34,8935,638,No,https://boardgamegeek.com/boardgame/138104
121993,We Will Wok You,2012,6.25,5.61,1.56,9143,414,No,https://boardgamegeek.com/boardgame/121993
7634,Western Desert,1982,7.55,5.61,3.67,9022,158,No,https://boardgamegeek.com/boardgame/7634
5772,What's It to Ya?,2003,6.58,5.61,1.2,9232,284,No,https://boardgamegeek.com/boardgame/5772
661,Where's Bob's Hat?,1990,6.24,5.61,1.6,8979,432,No,https://boardgamegeek.com/boardgame/661
121016,Wings of Glory: WW1 Airplane Packs,2012,8.45,5.61,2.71,,111,Yes,https://boardgamegeek.com/boardgame/121016
85147,Wings of the Motherland,2019,9.09,5.61,4.2,9075,133,No,https://boardgamegeek.com/boardgame/85147
7223,Wizard Kings: Expansion Maps,2000,7.16,5.61,2.44,,172,Yes,https://boardgamegeek.com/boardgame/7223
566,Wongar,2000,6.28,5.61,2.98,8934,432,No,https://boardgamegeek.com/boardgame/566
63778,Word on the Street Junior,2010,6.82,5.61,1.12,9239,213,No,https://boardgamegeek.com/boardgame/63778
41934,World at War: The Untold Stories,2010,7.93,5.61,2.81,8857,132,No,https://boardgamegeek.com/boardgame/41934
793,Yahtzee Deluxe Poker,1994,6.09,5.61,1.33,8821,605,No,https://boardgamegeek.com/boardgame/793
988,Zapp Zerapp,2000,6.1,5.61,1.3,9122,491,No,https://boardgamegeek.com/boardgame/988
139867,Zombicide: Box of Zombies – Set #4: Walk of the Dead 2,2013,7.39,5.61,2.0,,192,Yes,https://boardgamegeek.com/boardgame/139867
140605,Zombicide: Special Guest Box – Adrian Smith,2014,7.6,5.61,2.67,,161,Yes,https://boardgamegeek.com/boardgame/140605
2471,Zombies!!!,2001,5.79,5.61,1.61,9098,15576,No,https://boardgamegeek.com/boardgame/2471
40674,Zombies!!! 8: Jailbreak,2009,6.52,5.61,2.06,,324,Yes,https://boardgamegeek.com/boardgame/40674
1803,Zopp,1997,7.26,5.61,1.18,8922,160,No,https://boardgamegeek.com/boardgame/1803
7823,1837: Rail Building in the Austro-Hungarian Empire,1994,7.41,5.6,4.17,9509,128,No,https://boardgamegeek.com/boardgame/7823
9132,18C2C: Manifest Destiny,2003,7.4,5.6,4.18,9711,130,No,https://boardgamegeek.com/boardgame/9132
134283,1914: Serbien Muss Sterbien,2015,7.45,5.6,4.06,9417,149,No,https://boardgamegeek.com/boardgame/134283
4228,1918: Storm in the West,1992,6.78,5.6,2.67,9375,218,No,https://boardgamegeek.com/boardgame/4228
42206,7 Ate 9,2009,6.08,5.6,1.09,9721,671,No,https://boardgamegeek.com/boardgame/42206
10679,A Fearful Slaughter: The Battle of Shiloh,2004,7.66,5.6,3.96,9409,131,No,https://boardgamegeek.com/boardgame/10679
67520,ASL: Journal – Issue Eight,2010,8.23,5.6,4.38,,100,Yes,https://boardgamegeek.com/boardgame/67520
8790,Activity,1990,5.86,5.6,1.12,9605,1531,No,https://boardgamegeek.com/boardgame/8790
21569,Adigma,2001,7.49,5.6,1.56,9579,166,No,https://boardgamegeek.com/boardgame/21569
8630,Advanced Space Crusade,1990,6.59,5.6,2.7,9644,313,No,https://boardgamegeek.com/boardgame/8630
27520,Age of Steam Expansion: Mississippi Steamboats / Golden Spike,2007,7.18,5.6,3.75,,142,Yes,https://boardgamegeek.com/boardgame/27520
19992,Age of Steam Expansion: The Moon,2005,7.76,5.6,4.17,,116,Yes,https://boardgamegeek.com/boardgame/19992
56602,Age of Steam Expansion: The Zombie Apocalypse,2009,7.81,5.6,4.0,,105,Yes,https://boardgamegeek.com/boardgame/56602
37302,"Age of Steam Expansion: Vermont, New Hampshire & Central New England",2008,7.71,5.6,3.23,,118,Yes,https://boardgamegeek.com/boardgame/37302
14038,Anachronism,2005,6.07,5.6,1.71,9480,705,No,https://boardgamegeek.com/boardgame/14038
602,Animal Poker,1988,6.35,5.6,1.42,9816,349,No,https://boardgamegeek.com/boardgame/602
27802,Anno 1701: Das Kartenspiel,2007,6.33,5.6,2.2,9750,326,No,https://boardgamegeek.com/boardgame/27802
17030,Anno Domini: Lifestyle,1998,6.65,5.6,1.5,9463,229,No,https://boardgamegeek.com/boardgame/17030
7719,Arena Maximus,2003,5.88,5.6,1.82,9518,990,No,https://boardgamegeek.com/boardgame/7719
25594,Ark Extra Mix,2006,6.54,5.6,2.37,,250,Yes,https://boardgamegeek.com/boardgame/25594
138963,Arkham Investigator,2013,7.64,5.6,2.46,9396,137,No,https://boardgamegeek.com/boardgame/138963
128204,Ars Victor,2013,7.28,5.6,2.37,9314,176,No,https://boardgamegeek.com/boardgame/128204
96361,Ascension: Chronicle of the Godslayer – Deep Drone Promo,2011,7.0,5.6,2.1,,174,Yes,https://boardgamegeek.com/boardgame/96361
125922,Ascension: Theme Pack – Rat Queen,2012,7.04,5.6,2.17,,188,Yes,https://boardgamegeek.com/boardgame/125922
10682,Atlas & Zeus,2004,6.33,5.6,2.05,9719,328,No,https://boardgamegeek.com/boardgame/10682
6767,Attack Vector: Tactical,2004,7.28,5.6,4.1,9688,183,No,https://boardgamegeek.com/boardgame/6767
6752,Attack!,2003,5.84,5.6,2.55,9516,1935,No,https://boardgamegeek.com/boardgame/6752
1317,Auf falscher Fährte,2001,6.8,5.6,1.33,9307,210,No,https://boardgamegeek.com/boardgame/1317
20761,Ausgerechnet Buxtehude,2005,6.41,5.6,1.38,9492,299,No,https://boardgamegeek.com/boardgame/20761
9092,Avalam,1996,6.45,5.6,1.95,9457,293,No,https://boardgamegeek.com/boardgame/9092
33911,Bacchus' Banquet,2008,5.98,5.6,1.63,9786,665,No,https://boardgamegeek.com/boardgame/33911
6544,Battle for Moscow,1986,6.4,5.6,1.88,9344,378,No,https://boardgamegeek.com/boardgame/6544
7176,Battle of the Bulge: Platoon Level Combat in World War II – A Panzer Grenadier Game,2002,6.99,5.6,2.74,9400,205,No,https://boardgamegeek.com/boardgame/7176
133747,Bauhaus,2013,6.7,5.6,2.0,9425,262,No,https://boardgamegeek.com/boardgame/133747
139897,Belle of the Ball,2014,5.98,5.6,1.5,9458,643,No,https://boardgamegeek.com/boardgame/139897
2422,Bismarck,1962,6.45,5.6,2.76,9369,341,No,https://boardgamegeek.com/boardgame/2422
129204,Blocks in the East,2012,7.71,5.6,3.67,9408,160,No,https://boardgamegeek.com/boardgame/129204
127227,CO₂: The Arctic Expansion,2012,7.09,5.6,3.54,,165,Yes,https://boardgamegeek.com/boardgame/127227
124486,Cadwallon: City of Thieves – The King of Ashes,2012,7.09,5.6,2.33,,190,Yes,https://boardgamegeek.com/boardgame/124486
59065,Carcassonne: Der Tunnel,2009,6.52,5.6,1.73,,289,Yes,https://boardgamegeek.com/boardgame/59065
507,Cartel,1973,7.0,5.6,2.25,9526,182,No,https://boardgamegeek.com/boardgame/507
41033,"Case Yellow, 1940: The German Blitzkrieg in the West",2011,7.0,5.6,3.23,9340,188,No,https://boardgamegeek.com/boardgame/41033
18121,Casino,1800,6.28,5.6,1.36,9434,400,No,https://boardgamegeek.com/boardgame/18121
5106,Chicken Cha Cha Cha: Duckling Dancin',2000,6.62,5.6,1.29,,243,Yes,https://boardgamegeek.com/boardgame/5106
3248,Citadel of Blood,1980,6.59,5.6,2.35,9346,293,No,https://boardgamegeek.com/boardgame/3248
91817,City Square Off,2011,6.58,5.6,1.11,9633,245,No,https://boardgamegeek.com/boardgame/91817
1145,City of Chaos,1996,6.91,5.6,2.76,9380,226,No,https://boardgamegeek.com/boardgame/1145
132027,Conflict of Heroes: Monster Tanks of the Eastern Front,2012,7.56,5.6,2.6,,144,Yes,https://boardgamegeek.com/boardgame/132027
138338,Continental Divide,2013,6.65,5.6,3.5,9513,220,No,https://boardgamegeek.com/boardgame/138338
38471,Corps Command: Dawn's Early Light,2010,7.31,5.6,2.09,9731,151,No,https://boardgamegeek.com/boardgame/38471
840,Corsairs,2000,6.06,5.6,1.67,9547,533,No,https://boardgamegeek.com/boardgame/840
1254,Crack the Case,1993,6.1,5.6,1.57,9682,604,No,https://boardgamegeek.com/boardgame/1254
82610,Cranium Scribblish,2009,6.26,5.6,1.0,9431,401,No,https://boardgamegeek.com/boardgame/82610
16035,Cranium Whoonu,2005,6.04,5.6,1.09,9338,659,No,https://boardgamegeek.com/boardgame/16035
52825,De Kolonisten van de Lage Landen,2009,6.48,5.6,2.43,9807,272,No,https://boardgamegeek.com/boardgame/52825
574,Devil Take the Hindmost,1991,6.42,5.6,1.51,9315,323,No,https://boardgamegeek.com/boardgame/574
7504,Diadochoi: Great Battles of Alexander Module,1995,7.83,5.6,3.25,,107,Yes,https://boardgamegeek.com/boardgame/7504
84977,Die Siedler von Catan: Der Schokoladenmarkt,2010,7.22,5.6,2.08,,162,Yes,https://boardgamegeek.com/boardgame/84977
5687,Dirtside II,1993,7.35,5.6,2.91,9668,163,No,https://boardgamegeek.com/boardgame/5687
99078,Divided Republic,2012,6.68,5.6,2.89,9494,238,No,https://boardgamegeek.com/boardgame/99078
78773,"Dixit 2: ""Gift"" Promo Card",2010,7.42,5.6,1.17,,131,Yes,https://boardgamegeek.com/boardgame/78773
11396,Dragon Master,2004,6.3,5.6,1.24,9576,345,No,https://boardgamegeek.com/boardgame/11396
3110,Dragon Rage,1982,6.91,5.6,2.68,9342,199,No,https://boardgamegeek.com/boardgame/3110
3411,Drive on Paris,2000,7.0,5.6,2.65,9712,189,No,https://boardgamegeek.com/boardgame/3411
103454,Drum Roll: Plate Spinner,2011,6.94,5.6,2.42,,177,Yes,https://boardgamegeek.com/boardgame/103454
127981,Dungeon Heroes,2013,6.34,5.6,2.18,9488,374,No,https://boardgamegeek.com/boardgame/127981
37184,Dungeons & Dragons Miniatures Game (Second Edition),2008,6.84,5.6,2.45,9645,234,No,https://boardgamegeek.com/boardgame/37184
103670,Dust Warfare: Core Rulebook,2012,7.51,5.6,3.39,9308,148,No,https://boardgamegeek.com/boardgame/103670
137872,EONS,2013,6.68,5.6,2.7,9418,254,No,https://boardgamegeek.com/boardgame/137872
7338,Epaminondas,1975,7.14,5.6,2.86,9733,164,No,https://boardgamegeek.com/boardgame/7338
4386,Fanorona,1680,6.44,5.6,2.44,9808,292,No,https://boardgamegeek.com/boardgame/4386
62291,Fatal Alliances: The Great War 1914-1918,2016,8.02,5.6,4.13,9783,127,No,https://boardgamegeek.com/boardgame/62291
21371,Federation Commander: Klingon Attack,2006,7.89,5.6,3.33,,116,Yes,https://boardgamegeek.com/boardgame/21371
11038,Fiasco,2003,6.9,5.6,1.2,9647,207,No,https://boardgamegeek.com/boardgame/11038
1358,Field Command,1991,7.08,5.6,2.33,9818,178,No,https://boardgamegeek.com/boardgame/1358
21704,Fiji,2006,5.85,5.6,1.76,9577,948,No,https://boardgamegeek.com/boardgame/21704
37906,Firestorm Armada,2009,7.19,5.6,3.04,9740,173,No,https://boardgamegeek.com/boardgame/37906
14039,Flix Mix,2004,6.26,5.6,1.12,9656,431,No,https://boardgamegeek.com/boardgame/14039
99097,Food Fight,2011,6.04,5.6,1.8,9368,752,No,https://boardgamegeek.com/boardgame/99097
18115,Four Lost Battles,2005,7.49,5.6,2.96,9460,141,No,https://boardgamegeek.com/boardgame/18115
4201,GD '40,1993,7.12,5.6,3.47,9663,176,No,https://boardgamegeek.com/boardgame/4201
40484,Galaxy Trucker: Bonus Cards,2007,7.3,5.6,2.38,,139,Yes,https://boardgamegeek.com/boardgame/40484
12188,Garden Competition,2004,6.8,5.6,2.77,9735,194,No,https://boardgamegeek.com/boardgame/12188
120447,Get Lucky,2014,6.02,5.6,1.58,9407,694,No,https://boardgamegeek.com/boardgame/120447
123920,Ghost Stories: Crazy Shaman,2009,7.23,5.6,3.0,,153,Yes,https://boardgamegeek.com/boardgame/123920
137480,Gold am Orinoko,2013,6.47,5.6,1.44,9615,263,No,https://boardgamegeek.com/boardgame/137480
11432,Harpoon 4: Modern Tactical Naval Warfare,1997,7.4,5.6,4.38,9436,160,No,https://boardgamegeek.com/boardgame/11432
123878,Hawaii: Kamapua'as Gunst,2012,7.07,5.6,2.62,,172,Yes,https://boardgamegeek.com/boardgame/123878
66797,Heckmeck Junior,2010,6.08,5.6,1.16,9805,450,No,https://boardgamegeek.com/boardgame/66797
94731,Heroica: Fortaan,2011,5.95,5.6,1.4,9321,951,No,https://boardgamegeek.com/boardgame/94731
25154,Heroscape: Sir Hawthorne's Arrival ,2006,7.49,5.6,2.25,,152,Yes,https://boardgamegeek.com/boardgame/25154
37900,Hold the Line: French and Indian War Expansion Set,2008,7.54,5.6,2.04,,126,Yes,https://boardgamegeek.com/boardgame/37900
71272,Hornet,2010,6.14,5.6,2.07,9643,558,No,https://boardgamegeek.com/boardgame/71272
4485,Hotel Life,1989,7.24,5.6,2.5,9664,143,No,https://boardgamegeek.com/boardgame/4485
7453,Hube's Pocket,1995,7.58,5.6,3.71,9439,155,No,https://boardgamegeek.com/boardgame/7453
16362,Hula Hippos,2005,6.12,5.6,1.02,9328,482,No,https://boardgamegeek.com/boardgame/16362
9386,IceTowers,1999,6.36,5.6,1.88,9769,290,No,https://boardgamegeek.com/boardgame/9386
5731,Illuminati Expansion Set 2,1983,6.89,5.6,2.4,,188,Yes,https://boardgamegeek.com/boardgame/5731
35293,Im Reich der Wüstensöhne,2008,6.43,5.6,2.29,9435,301,No,https://boardgamegeek.com/boardgame/35293
29456,Infernal Contraption,2007,5.85,5.6,1.83,9730,1252,No,https://boardgamegeek.com/boardgame/29456
29198,Inn-Fighting,2007,5.91,5.6,1.54,9636,1075,No,https://boardgamegeek.com/boardgame/29198
62226,Iron and Oak,2013,6.82,5.6,2.56,9350,215,No,https://boardgamegeek.com/boardgame/62226
7451,Jarnac,1977,6.72,5.6,2.2,9705,226,No,https://boardgamegeek.com/boardgame/7451
22938,Justinian: Intrigue at the Emperor's Court,2006,5.96,5.6,2.14,9590,707,No,https://boardgamegeek.com/boardgame/22938
2298,"Kasserine: Rommel's Battle for Tunisia, 1943",2001,7.15,5.6,3.36,9489,172,No,https://boardgamegeek.com/boardgame/2298
4207,"Kharkov: The Soviet Spring Offensive, 1942",1978,6.65,5.6,2.56,9419,260,No,https://boardgamegeek.com/boardgame/4207
2252,King of the Tabletop,1983,6.92,5.6,1.89,9453,207,No,https://boardgamegeek.com/boardgame/2252
26468,Klaverjassen,1890,6.97,5.6,2.89,9716,174,No,https://boardgamegeek.com/boardgame/26468
1685,Kremlin: Revolution,1989,6.88,5.6,2.07,,197,Yes,https://boardgamegeek.com/boardgame/1685
15274,La Bataille de la Moscowa,1975,7.79,5.6,3.88,9295,143,No,https://boardgamegeek.com/boardgame/15274
5410,La Grande Guerre 14-18,1999,7.82,5.6,4.44,9834,118,No,https://boardgamegeek.com/boardgame/5410
8711,Landships! Tactical Weapons Innovations 1914-1918,1992,6.77,5.6,3.12,9800,219,No,https://boardgamegeek.com/boardgame/8711
56775,Last Night on Earth 'All Hallows Eve' Scenario,2007,7.31,5.6,2.1,,155,Yes,https://boardgamegeek.com/boardgame/56775
111171,Last Will: Plan Order Board,2011,6.74,5.6,2.58,,232,Yes,https://boardgamegeek.com/boardgame/111171
3836,Legend of the Burning Sands,1998,6.99,5.6,2.67,9502,188,No,https://boardgamegeek.com/boardgame/3836
35188,Legends of the Three Kingdoms,2007,6.12,5.6,2.21,9324,1004,No,https://boardgamegeek.com/boardgame/35188
11091,Leuthen: Frederick's Greatest Victory,1997,8.08,5.6,4.0,9697,111,No,https://boardgamegeek.com/boardgame/11091
2853,Liftoff!,1989,7.14,5.6,2.91,9746,224,No,https://boardgamegeek.com/boardgame/2853
1253,Limits,2001,5.97,5.6,1.14,9649,621,No,https://boardgamegeek.com/boardgame/1253
2838,Loaded Questions,1997,5.95,5.6,1.29,9732,1123,No,https://boardgamegeek.com/boardgame/2838
42731,Lock 'n Load: Heroes of the Gap,2011,7.99,5.6,3.22,9748,118,No,https://boardgamegeek.com/boardgame/42731
29807,Lock 'n Load: Not One Step Back,2007,7.89,5.6,2.64,,114,Yes,https://boardgamegeek.com/boardgame/29807
110868,Locke & Key: The Game,2012,6.26,5.6,1.72,9332,442,No,https://boardgamegeek.com/boardgame/110868
9665,Lunch Money: Sticks and Stones,2004,6.22,5.6,1.63,,475,Yes,https://boardgamegeek.com/boardgame/9665
122691,Magnum Opus,2014,6.94,5.6,2.54,9598,181,No,https://boardgamegeek.com/boardgame/122691
2392,Mastermind,1971,5.69,5.6,1.78,9335,8682,No,https://boardgamegeek.com/boardgame/2392
129380,Mercurius,2012,6.34,5.6,2.42,9323,370,No,https://boardgamegeek.com/boardgame/129380
5941,Mermaid Rain,2003,6.25,5.6,2.2,9557,423,No,https://boardgamegeek.com/boardgame/5941
52,Mighty Empires,1990,6.22,5.6,2.61,9707,539,No,https://boardgamegeek.com/boardgame/52
590,Mille Bornes,1954,5.71,5.6,1.25,9586,9130,No,https://boardgamegeek.com/boardgame/590
10908,Minotaur Lords,2004,5.96,5.6,2.08,9660,636,No,https://boardgamegeek.com/boardgame/10908
118293,Mondo Sapiens,2012,6.47,5.6,2.0,9771,281,No,https://boardgamegeek.com/boardgame/118293
136416,Mountain 53,2013,6.29,5.6,1.12,9765,355,No,https://boardgamegeek.com/boardgame/136416
76355,Munchkin Booty: Fish & Ships,2010,6.77,5.6,1.89,,255,Yes,https://boardgamegeek.com/boardgame/76355
22948,Munchkin Impossible,2006,5.94,5.6,1.83,9442,1189,No,https://boardgamegeek.com/boardgame/22948
90566,Munchkin Monster Enhancers,2011,6.63,5.6,2.08,,288,Yes,https://boardgamegeek.com/boardgame/90566
74210,Munchkin Quest: Portal Kombat,2010,6.73,5.6,2.13,,257,Yes,https://boardgamegeek.com/boardgame/74210
125492,Munchkin Zombies 3: Hideous Hideouts,2012,6.73,5.6,1.57,,260,Yes,https://boardgamegeek.com/boardgame/125492
68942,Munchkin: Marked For Death,2010,6.62,5.6,1.93,,263,Yes,https://boardgamegeek.com/boardgame/68942
55131,Murus Gallicus,2009,6.95,5.6,2.85,9728,185,No,https://boardgamegeek.com/boardgame/55131
2353,Muscat,2001,6.56,5.6,2.36,9371,266,No,https://boardgamegeek.com/boardgame/2353
8782,"Narvik: The Campaign in Norway, 1940",1974,7.04,5.6,3.43,9665,177,No,https://boardgamegeek.com/boardgame/8782
18333,Nature Fluxx,2005,5.93,5.6,1.25,9296,1307,No,https://boardgamegeek.com/boardgame/18333
13728,Naval Battles: World War II on the High Seas,2004,5.95,5.6,1.88,9710,773,No,https://boardgamegeek.com/boardgame/13728
120105,Navegador: Pirates & Diplomats,2012,7.02,5.6,2.93,,168,Yes,https://boardgamegeek.com/boardgame/120105
8812,No Better Place to Die: The Battle of Murfreesboro,1994,7.22,5.6,3.22,9440,156,No,https://boardgamegeek.com/boardgame/8812
29026,Ogre Miniatures,1992,7.72,5.6,2.14,9787,155,No,https://boardgamegeek.com/boardgame/29026
131241,Oilfield,2016,6.77,5.6,2.6,9318,245,No,https://boardgamegeek.com/boardgame/131241
18747,Onward Christian Soldiers: The Crusades,2006,6.58,5.6,3.6,9393,281,No,https://boardgamegeek.com/boardgame/18747
23935,Oshi,2006,6.14,5.6,2.14,9819,516,No,https://boardgamegeek.com/boardgame/23935
4288,"Panzer: A Tactical Game of Armored Combat on the Eastern Front, 1941-1945",1979,7.29,5.6,3.77,9655,155,No,https://boardgamegeek.com/boardgame/4288
753,Panzerkrieg: von Manstein & HeeresGruppe Süd,1978,6.61,5.6,3.07,9348,302,No,https://boardgamegeek.com/boardgame/753
34819,Pengoloo,2007,6.02,5.6,1.0,9464,660,No,https://boardgamegeek.com/boardgame/34819
26260,PitchCar Mini: Special Long Straights,2006,7.05,5.6,1.09,,162,Yes,https://boardgamegeek.com/boardgame/26260
99808,Pizza Theory,2012,6.11,5.6,1.62,9555,508,No,https://boardgamegeek.com/boardgame/99808
1591,Ploy,1970,6.29,5.6,2.38,9320,418,No,https://boardgamegeek.com/boardgame/1591
131458,Power Grid: Oracle & Industrial Espionage,2012,6.82,5.6,2.94,,199,Yes,https://boardgamegeek.com/boardgame/131458
26218,Prophecy: Dragon Realm,2003,6.87,5.6,2.17,,214,Yes,https://boardgamegeek.com/boardgame/26218
13875,Quoridor Junior,2004,6.31,5.6,1.4,9773,340,No,https://boardgamegeek.com/boardgame/13875
6929,Ranger,1984,7.2,5.6,2.5,9744,173,No,https://boardgamegeek.com/boardgame/6929
108186,Rattus: Spiel 2011 Bonus Cards,2011,7.06,5.6,2.25,,157,Yes,https://boardgamegeek.com/boardgame/108186
22304,Reef Encounter of the Second Kind,2006,7.05,5.6,3.67,,184,Yes,https://boardgamegeek.com/boardgame/22304
138614,Relic Expedition,2014,6.73,5.6,2.33,9302,264,No,https://boardgamegeek.com/boardgame/138614
125006,Revolver Expansion 1.1: Ambush on Gunshot Trail,2012,7.37,5.6,2.25,,140,Yes,https://boardgamegeek.com/boardgame/125006
103469,Risk: Metal Gear Solid,2011,7.05,5.6,2.39,9471,249,No,https://boardgamegeek.com/boardgame/103469
1794,Risk: Édition Napoléon,1999,6.61,5.6,2.29,9515,327,No,https://boardgamegeek.com/boardgame/1794
89695,RoboDerby: Express,2011,7.06,5.6,1.8,9763,166,No,https://boardgamegeek.com/boardgame/89695
140997,Romans Go Home!,2013,5.95,5.6,1.21,9665,681,No,https://boardgamegeek.com/boardgame/140997
12567,Russia Besieged,2004,7.41,5.6,3.06,9804,165,No,https://boardgamegeek.com/boardgame/12567
62030,Río de la Plata,2010,6.37,5.6,3.76,9757,332,No,https://boardgamegeek.com/boardgame/62030
1157,Save Doctor Lucky,2000,5.86,5.6,1.49,9372,1199,No,https://boardgamegeek.com/boardgame/1157
64675,Schweinebande,2010,6.06,5.6,1.56,9631,505,No,https://boardgamegeek.com/boardgame/64675
3656,Score Four,1967,6.0,5.6,1.78,9447,737,No,https://boardgamegeek.com/boardgame/3656
7513,Shockwave,1984,7.17,5.6,2.36,,159,Yes,https://boardgamegeek.com/boardgame/7513
608,Siesta,1999,6.34,5.6,2.52,9742,331,No,https://boardgamegeek.com/boardgame/608
121958,Sky Traders,2012,6.07,5.6,2.82,9361,745,No,https://boardgamegeek.com/boardgame/121958
710,Snit's Revenge!,1977,6.27,5.6,1.41,9345,420,No,https://boardgamegeek.com/boardgame/710
91739,Somme 1918: Bloody Spring,2012,8.03,5.6,3.62,9626,110,No,https://boardgamegeek.com/boardgame/91739
2794,Spinball,2001,6.93,5.6,1.19,9422,183,No,https://boardgamegeek.com/boardgame/2794
3595,Squint,2002,5.97,5.6,1.36,9362,763,No,https://boardgamegeek.com/boardgame/3595
37061,Star Fleet Battles (Designer's Edition),1979,7.53,5.6,3.86,9779,136,No,https://boardgamegeek.com/boardgame/37061
104413,Star Trek: Expeditions – Expansion Set,2012,6.77,5.6,2.09,,233,Yes,https://boardgamegeek.com/boardgame/104413
137906,Steam: Map Expansion #3,2013,7.64,5.6,3.82,,120,Yes,https://boardgamegeek.com/boardgame/137906
37739,Sutter's Mill: California Gold Rush of 1849,2008,6.12,5.6,2.5,9814,482,No,https://boardgamegeek.com/boardgame/37739
40082,Tannhäuser: Daedalus,2011,7.55,5.6,2.57,,131,Yes,https://boardgamegeek.com/boardgame/40082
31210,Tannhäuser: Gorgeï,2008,7.23,5.6,1.93,,153,Yes,https://boardgamegeek.com/boardgame/31210
11886,Texas Glory,2008,6.89,5.6,2.46,9355,207,No,https://boardgamegeek.com/boardgame/11886
43249,The BoardGameGeek Game,2009,5.96,5.6,2.1,9810,617,No,https://boardgamegeek.com/boardgame/43249
42396,The Eagle and The Star,2009,7.6,5.6,3.6,9689,122,No,https://boardgamegeek.com/boardgame/42396
5698,The Emperor Returns,1986,7.16,5.6,3.12,9653,172,No,https://boardgamegeek.com/boardgame/5698
31575,The Eye of Judgment,2007,6.9,5.6,2.48,9639,204,No,https://boardgamegeek.com/boardgame/31575
19727,The Great Space Race,2006,6.47,5.6,2.35,9609,329,No,https://boardgamegeek.com/boardgame/19727
140612,The Hobbit: An Unexpected Journey,2013,6.16,5.6,1.82,9796,469,No,https://boardgamegeek.com/boardgame/140612
8139,The Lord of the Rings: Combat Hex Tradeable Miniatures Game,2003,6.58,5.6,2.41,9596,326,No,https://boardgamegeek.com/boardgame/8139
1950,The Mysteries of Peking,1987,5.83,5.6,1.31,9767,1527,No,https://boardgamegeek.com/boardgame/1950
2301,The New Dungeon!,1989,6.18,5.6,1.69,9572,501,No,https://boardgamegeek.com/boardgame/2301
21691,The Ogre Book,1982,7.53,5.6,2.12,,135,Yes,https://boardgamegeek.com/boardgame/21691
11967,The Seven Days of 1809: Napoleon and the Archduke Charles,2004,7.56,5.6,3.06,9827,128,No,https://boardgamegeek.com/boardgame/11967
21419,The Sword of Rome: 5th Player Expansion,2007,6.91,5.6,3.35,,200,Yes,https://boardgamegeek.com/boardgame/21419
37257,The Uncharted Seas: Rules for Fantasy Naval Combat,2008,7.07,5.6,2.82,9754,166,No,https://boardgamegeek.com/boardgame/37257
1144,The Warlock of Firetop Mountain,1986,6.0,5.6,1.88,9821,771,No,https://boardgamegeek.com/boardgame/1144
31928,The World Cup Game:  Expansion Set 1,2007,7.75,5.6,2.11,,108,Yes,https://boardgamegeek.com/boardgame/31928
104394,Thunderstone: Werewolf Promo Pack,2011,7.69,5.6,2.14,,119,Yes,https://boardgamegeek.com/boardgame/104394
140953,Tide of Iron: Stalingrad,2013,7.8,5.6,3.67,,129,Yes,https://boardgamegeek.com/boardgame/140953
119464,Tier auf Tier: Jetzt geht's rund!,2012,6.5,5.6,1.25,9356,277,No,https://boardgamegeek.com/boardgame/119464
102631,Tinco,2011,6.74,5.6,1.21,9559,287,No,https://boardgamegeek.com/boardgame/102631
7215,"To the Green Fields Beyond: The Battle of Cambrai, 1917",1978,7.35,5.6,3.64,9530,165,No,https://boardgamegeek.com/boardgame/7215
24410,Treasures & Traps,2006,6.18,5.6,1.41,9726,509,No,https://boardgamegeek.com/boardgame/24410
6928,"Typhoon! The Drive on Moscow, 1941",1995,7.49,5.6,4.12,9619,149,No,https://boardgamegeek.com/boardgame/6928
41291,Ubongo Extreme: Fun-Size Edition,2009,6.2,5.6,1.5,9313,430,No,https://boardgamegeek.com/boardgame/41291
66117,Ubongo: Die Erweiterung für 5-6 Spieler,2010,7.07,5.6,1.56,,174,Yes,https://boardgamegeek.com/boardgame/66117
67148,Ultimate Werewolf: Compact Edition,2010,6.7,5.6,1.44,9470,227,No,https://boardgamegeek.com/boardgame/67148
118337,Urbanization,2012,6.12,5.6,2.88,9414,504,No,https://boardgamegeek.com/boardgame/118337
57838,Valdora: Extra,2009,6.91,5.6,2.08,,194,Yes,https://boardgamegeek.com/boardgame/57838
27306,Venedig,2007,6.29,5.6,2.08,9333,376,No,https://boardgamegeek.com/boardgame/27306
7755,Victory in Normandy,1992,7.15,5.6,2.28,9425,170,No,https://boardgamegeek.com/boardgame/7755
140045,Viticulture: Kickstarter Promotional Cards,2013,7.25,5.6,2.57,,147,Yes,https://boardgamegeek.com/boardgame/140045
83283,Volo,2010,7.58,5.6,2.71,9702,122,No,https://boardgamegeek.com/boardgame/83283
24082,Voltage,2006,6.07,5.6,1.5,9461,521,No,https://boardgamegeek.com/boardgame/24082
18401,Wacht Am Rhein,2005,7.58,5.6,4.39,9389,165,No,https://boardgamegeek.com/boardgame/18401
15410,Walk the Dogs,2004,6.14,5.6,1.19,9830,462,No,https://boardgamegeek.com/boardgame/15410
75996,Warhammer: Invasion – Redemption of a Mage,2010,7.52,5.6,2.2,,140,Yes,https://boardgamegeek.com/boardgame/75996
80311,Warhammer: Invasion – The Fourth Waystone,2010,7.54,5.6,2.33,,127,Yes,https://boardgamegeek.com/boardgame/80311
42276,Wealth of Nations: War Clouds,2010,7.08,5.6,3.4,,154,Yes,https://boardgamegeek.com/boardgame/42276
78,"WestFront: The War in Europe, 1943-45",1992,6.92,5.6,3.46,9538,200,No,https://boardgamegeek.com/boardgame/78
13016,"White Death: Velikiye Luki, The Stalingrad of the North",1979,7.6,5.6,3.14,9599,140,No,https://boardgamegeek.com/boardgame/13016
108637,Wilderness,2011,6.47,5.6,2.09,9428,357,No,https://boardgamegeek.com/boardgame/108637
39596,Wings of War: Balloon Busters,2010,7.47,5.6,2.33,,134,Yes,https://boardgamegeek.com/boardgame/39596
34079,Wings of War: Dogfight Booster Pack,2008,7.46,5.6,1.68,,140,Yes,https://boardgamegeek.com/boardgame/34079
34080,Wings of War: Immelmann Booster Pack,2008,7.43,5.6,1.68,,140,Yes,https://boardgamegeek.com/boardgame/34080
44585,Wits & Wagers: Expansion Pack 1,2009,7.4,5.6,1.38,,133,Yes,https://boardgamegeek.com/boardgame/44585
28071,Wiz-War: Expansion Set #1,1985,7.58,5.6,1.94,,130,Yes,https://boardgamegeek.com/boardgame/28071
28037,Wool Rules,2007,5.98,5.6,1.5,9623,646,No,https://boardgamegeek.com/boardgame/28037
2938,Zatre,1990,6.34,5.6,2.04,9654,334,No,https://boardgamegeek.com/boardgame/2938
440,Zoff in Buffalo,1998,6.35,5.6,2.03,9548,319,No,https://boardgamegeek.com/boardgame/440
140606,Zombicide: Special Guest Box – Karl Kopinski,2014,7.62,5.6,2.5,,145,Yes,https://boardgamegeek.com/boardgame/140606
34132,Zombies!!! 7: Send in the Clowns,2008,6.21,5.6,2.03,,517,Yes,https://boardgamegeek.com/boardgame/34132
108665,Zpocalypse,2013,6.06,5.6,3.37,9582,647,No,https://boardgamegeek.com/boardgame/108665
6253,"'Wacht am Rhein': The Battle of the Bulge, 16 Dec 44 – 2 Jan 45",1977,7.37,5.59,3.62,10200,147,No,https://boardgamegeek.com/boardgame/6253
21182,1850: The MidWest,2005,7.32,5.59,3.56,9990,123,No,https://boardgamegeek.com/boardgame/21182
43845,18Ardennes: Rails Through the Ardennes,2010,7.51,5.59,3.78,10042,110,No,https://boardgamegeek.com/boardgame/43845
30771,18West: Rails to the Pacific,2007,7.25,5.59,4.0,10354,124,No,https://boardgamegeek.com/boardgame/30771
37383,1940: The Fall of France – A Panzer Grenadier Game,2009,7.68,5.59,2.71,10271,105,No,https://boardgamegeek.com/boardgame/37383
102681,21 Mutinies: Arrr! Edition,2013,6.59,5.59,2.33,9935,262,No,https://boardgamegeek.com/boardgame/102681
369,5ive Straight,1958,6.32,5.59,1.68,10172,322,No,https://boardgamegeek.com/boardgame/369
4289,"88: A Tactical Game of Armored Combat on the North African Front, 1940-1942",1980,7.3,5.59,3.42,10105,148,No,https://boardgamegeek.com/boardgame/4289
60029,A Week In Hell: The Battle of Hue,2010,7.05,5.59,2.41,10139,146,No,https://boardgamegeek.com/boardgame/60029
112381,Abaddon,2012,6.41,5.59,2.21,10188,291,No,https://boardgamegeek.com/boardgame/112381
31968,Abalone Quattro,2003,6.81,5.59,2.36,9939,210,No,https://boardgamegeek.com/boardgame/31968
27451,Activity 2,2002,6.06,5.59,1.61,10001,599,No,https://boardgamegeek.com/boardgame/27451
130847,Agricola: Pi-Deck,2012,7.06,5.59,3.57,,152,Yes,https://boardgamegeek.com/boardgame/130847
7390,Air Force Dauntless Expansion Kit,1978,6.8,5.59,3.12,,193,Yes,https://boardgamegeek.com/boardgame/7390
130814,Airlines Europe: The Presidents,2012,7.03,5.59,2.71,,160,Yes,https://boardgamegeek.com/boardgame/130814
58886,Alba Longa,2011,6.1,5.59,3.03,10130,442,No,https://boardgamegeek.com/boardgame/58886
12248,Alexander the Great: Birth of an Empire,2005,6.04,5.59,2.7,9955,567,No,https://boardgamegeek.com/boardgame/12248
982,Amoeba Wars,1981,6.11,5.59,2.07,10022,528,No,https://boardgamegeek.com/boardgame/982
36596,Ancient Battles Deluxe: From Guts to Gunpowder,2008,7.05,5.59,1.91,10320,148,No,https://boardgamegeek.com/boardgame/36596
1782,Ancients,1986,6.79,5.59,2.0,9848,194,No,https://boardgamegeek.com/boardgame/1782
40483,Anima: Beyond Good and Evil,2008,6.23,5.59,2.31,9941,460,No,https://boardgamegeek.com/boardgame/40483
5801,Apples to Apples: Expansion Set #3,2001,6.66,5.59,1.06,,221,Yes,https://boardgamegeek.com/boardgame/5801
10964,"April's Harvest: The Battle of Shiloh, April 6 & 7, 1862",1995,7.1,5.59,3.29,9853,178,No,https://boardgamegeek.com/boardgame/10964
139747,Arena Rex,2013,8.25,5.59,2.4,10040,109,No,https://boardgamegeek.com/boardgame/139747
62214,Aspern-Essling 1809,2009,7.78,5.59,2.64,10148,126,No,https://boardgamegeek.com/boardgame/62214
129946,AttrAction,2012,6.23,5.59,1.17,10259,319,No,https://boardgamegeek.com/boardgame/129946
8722,BAOR,1981,6.92,5.59,2.93,9965,194,No,https://boardgamegeek.com/boardgame/8722
82424,Bangkok Klongs,2010,6.21,5.59,2.32,10107,357,No,https://boardgamegeek.com/boardgame/82424
14186,Bao,,6.71,5.59,3.44,10031,214,No,https://boardgamegeek.com/boardgame/14186
7662,Bar-Lev: The Yom-Kippur War of 1973,1974,7.4,5.59,3.05,10364,122,No,https://boardgamegeek.com/boardgame/7662
137141,Batman Miniature Game: Rulebook,2012,7.69,5.59,3.67,10250,131,No,https://boardgamegeek.com/boardgame/137141
18400,Battle Beyond Space,2012,6.26,5.59,1.71,10261,314,No,https://boardgamegeek.com/boardgame/18400
1844,Battle of Britain,1990,6.51,5.59,2.16,10357,264,No,https://boardgamegeek.com/boardgame/1844
125919,BattleCON: Strikers,2012,7.32,5.59,2.4,,135,Yes,https://boardgamegeek.com/boardgame/125919
31796,BattleTech: TechManual,2007,7.52,5.59,4.0,,115,Yes,https://boardgamegeek.com/boardgame/31796
17723,Battlestations: Pax Galacticum,2006,7.63,5.59,3.47,,106,Yes,https://boardgamegeek.com/boardgame/17723
72941,Beda Fomm,2010,7.35,5.59,2.54,9996,139,No,https://boardgamegeek.com/boardgame/72941
20228,Big Kini,2005,6.3,5.59,2.6,10117,307,No,https://boardgamegeek.com/boardgame/20228
18606,Birds of Prey: Air Combat in the Jet Age,2008,7.67,5.59,4.45,10078,146,No,https://boardgamegeek.com/boardgame/18606
20266,"Bitter End: Attack to Budapest, 1945",2005,7.36,5.59,3.0,9964,135,No,https://boardgamegeek.com/boardgame/20266
26054,Black Stories 3,2006,6.02,5.59,1.24,10245,586,No,https://boardgamegeek.com/boardgame/26054
4168,Blitzkrieg,1965,6.0,5.59,2.69,10180,799,No,https://boardgamegeek.com/boardgame/4168
76207,Blockade Runner,2010,6.62,5.59,2.44,10299,245,No,https://boardgamegeek.com/boardgame/76207
27490,Bloom,2008,6.41,5.59,2.16,10306,263,No,https://boardgamegeek.com/boardgame/27490
58782,Bluffer,1993,7.03,5.59,1.17,9917,170,No,https://boardgamegeek.com/boardgame/58782
453,Bohnanza: La Isla Bohnitâ,1998,5.88,5.59,2.0,,809,Yes,https://boardgamegeek.com/boardgame/453
4009,Breitenfeld,1976,6.54,5.59,2.11,10158,234,No,https://boardgamegeek.com/boardgame/4009
1508,Broadside,1962,6.22,5.59,1.78,9945,444,No,https://boardgamegeek.com/boardgame/1508
33155,Burrows,2010,6.16,5.59,1.5,10190,367,No,https://boardgamegeek.com/boardgame/33155
33734,Ca$h 'n Gun$: Uzi,2008,6.62,5.59,1.33,,190,Yes,https://boardgamegeek.com/boardgame/33734
5060,Caesar in Alexandria,2001,6.92,5.59,3.06,10376,157,No,https://boardgamegeek.com/boardgame/5060
301,Campanile,1996,6.14,5.59,1.68,10083,395,No,https://boardgamegeek.com/boardgame/301
8553,Cannon,2003,6.97,5.59,2.67,10215,159,No,https://boardgamegeek.com/boardgame/8553
134,Cape Horn,1999,6.0,5.59,2.02,9902,579,No,https://boardgamegeek.com/boardgame/134
131676,Carcassonne: Die Windrosen,2012,6.47,5.59,1.64,,264,Yes,https://boardgamegeek.com/boardgame/131676
40759,Cartagena: Die Meuterei,2009,6.43,5.59,2.11,10377,243,No,https://boardgamegeek.com/boardgame/40759
117878,Catacombs: Horde of Vermin,2012,7.32,5.59,2.0,,131,Yes,https://boardgamegeek.com/boardgame/117878
39292,Caylus Magna Carta: The Library,2007,6.81,5.59,2.25,,166,Yes,https://boardgamegeek.com/boardgame/39292
1827,Chainsaw Warrior,1987,5.95,5.59,1.92,10161,771,No,https://boardgamegeek.com/boardgame/1827
268,Cheops,1998,6.31,5.59,2.14,9938,325,No,https://boardgamegeek.com/boardgame/268
9962,Chez Goth,2004,5.95,5.59,1.42,10056,719,No,https://boardgamegeek.com/boardgame/9962
12764,City and Guilds,2004,6.61,5.59,2.68,10285,201,No,https://boardgamegeek.com/boardgame/12764
4980,Cityscape,2002,6.2,5.59,1.67,10290,332,No,https://boardgamegeek.com/boardgame/4980
2574,Classic Warlord,2012,7.17,5.59,2.26,9967,171,No,https://boardgamegeek.com/boardgame/2574
127432,Columba,2012,6.92,5.59,2.25,9996,167,No,https://boardgamegeek.com/boardgame/127432
22847,Connect6,2003,6.41,5.59,2.46,10370,294,No,https://boardgamegeek.com/boardgame/22847
86415,Cornerstone Essential,2010,6.58,5.59,1.67,9932,222,No,https://boardgamegeek.com/boardgame/86415
6551,Crimson Skies,2003,6.1,5.59,2.17,10223,460,No,https://boardgamegeek.com/boardgame/6551
36480,Crown of Roses,2012,6.47,5.59,4.0,9918,293,No,https://boardgamegeek.com/boardgame/36480
36521,Cuba: Spielecafé,2008,7.31,5.59,2.56,,137,Yes,https://boardgamegeek.com/boardgame/36521
40561,Curling Table Game,2008,6.57,5.59,1.09,10156,215,No,https://boardgamegeek.com/boardgame/40561
102263,D-Day Dice (Second Edition): War Stories,2018,7.64,5.59,,,114,Yes,https://boardgamegeek.com/boardgame/102263
102265,D-Day Dice (Second Edition): Way to Hell,2019,7.62,5.59,,,110,Yes,https://boardgamegeek.com/boardgame/102265
9346,Daimyo,2005,6.39,5.59,2.54,10401,253,No,https://boardgamegeek.com/boardgame/9346
128137,Damage Report,2014,6.36,5.59,2.6,10137,304,No,https://boardgamegeek.com/boardgame/128137
38364,Days of Steam,2009,5.92,5.59,2.0,9937,729,No,https://boardgamegeek.com/boardgame/38364
21097,De Kolonisten van Catan: De Koloniën,2005,7.16,5.59,2.29,,149,Yes,https://boardgamegeek.com/boardgame/21097
5482,Devil's Den,1980,6.79,5.59,3.21,10073,214,No,https://boardgamegeek.com/boardgame/5482
3339,Diceland: Deep White Sea,2002,6.4,5.59,1.92,10099,271,No,https://boardgamegeek.com/boardgame/3339
137933,Dicht dran,2013,6.38,5.59,1.45,9992,270,No,https://boardgamegeek.com/boardgame/137933
13503,Dicke Dämonen,2004,6.65,5.59,1.88,10334,184,No,https://boardgamegeek.com/boardgame/13503
131452,Die dunkle Prophezeiung,2012,7.09,5.59,2.6,,147,Yes,https://boardgamegeek.com/boardgame/131452
1814,Dilbert: Corporate Shuffle,1997,5.96,5.59,1.31,9896,647,No,https://boardgamegeek.com/boardgame/1814
41243,Down in Flames: WWII-Guns Blazing,2010,7.14,5.59,2.13,10124,155,No,https://boardgamegeek.com/boardgame/41243
26472,Dragon Parade,2007,5.9,5.59,1.22,9914,738,No,https://boardgamegeek.com/boardgame/26472
61269,Drakon (Second Edition),2002,6.14,5.59,1.82,9888,429,No,https://boardgamegeek.com/boardgame/61269
376,DruidenWalzer,1999,5.87,5.59,2.37,9954,810,No,https://boardgamegeek.com/boardgame/376
127286,Drum Roll: Mini Expansion,2012,7.37,5.59,2.4,,123,Yes,https://boardgamegeek.com/boardgame/127286
103125,Drum Roll: Ringmaster,2011,7.18,5.59,2.75,,131,Yes,https://boardgamegeek.com/boardgame/103125
3851,Dune CCG,1997,6.44,5.59,3.48,10314,271,No,https://boardgamegeek.com/boardgame/3851
26138,Dungeon Twister Collectors Box,2006,7.66,5.59,3.1,,109,No,https://boardgamegeek.com/boardgame/26138
65814,Dweebies,2010,5.91,5.59,1.07,9898,821,No,https://boardgamegeek.com/boardgame/65814
76247,Eaten by Zombies!,2011,5.82,5.59,2.08,10015,1159,No,https://boardgamegeek.com/boardgame/76247
56880,El Paso,2009,6.24,5.59,1.94,9972,332,No,https://boardgamegeek.com/boardgame/56880
18931,Emira,2006,5.88,5.59,2.82,10116,823,No,https://boardgamegeek.com/boardgame/18931
5034,Empire of the Rising Sun,1995,6.83,5.59,4.32,10204,232,No,https://boardgamegeek.com/boardgame/5034
12533,Entrapment,1999,7.91,5.59,3.11,9900,116,No,https://boardgamegeek.com/boardgame/12533
22544,Epic Dungeoneer: Call of the Lich Lord,2006,6.29,5.59,2.54,10145,347,No,https://boardgamegeek.com/boardgame/22544
79282,Era of Inventions,2010,5.98,5.59,2.93,10138,597,No,https://boardgamegeek.com/boardgame/79282
26884,Escalation!,2007,5.83,5.59,1.07,10352,996,No,https://boardgamegeek.com/boardgame/26884
6646,Excalibur,1989,6.27,5.59,3.03,10343,347,No,https://boardgamegeek.com/boardgame/6646
133689,"Fall Blau: Army Group South, June to December 1942",2016,7.96,5.59,2.92,9889,115,No,https://boardgamegeek.com/boardgame/133689
7976,Fantasy Pub,2003,6.17,5.59,1.61,10082,430,No,https://boardgamegeek.com/boardgame/7976
31542,Field of Glory: Ancient and Medieval Wargaming Rules,2008,6.73,5.59,3.62,9998,214,No,https://boardgamegeek.com/boardgame/31542
74596,Flash Point,2010,6.82,5.59,2.14,10373,167,No,https://boardgamegeek.com/boardgame/74596
10164,Fliegen klatschen,2004,6.0,5.59,1.05,10188,628,No,https://boardgamegeek.com/boardgame/10164
41837,Force on Force: Modern Wargaming Rules,2009,7.45,5.59,3.11,10205,138,No,https://boardgamegeek.com/boardgame/41837
5117,GIPF Project Set 2,2001,7.2,5.59,3.35,,134,Yes,https://boardgamegeek.com/boardgame/5117
485,Galloping Pigs,1992,5.79,5.59,1.14,10284,1128,No,https://boardgamegeek.com/boardgame/485
1471,Gangsters,1992,6.32,5.59,2.49,10371,308,No,https://boardgamegeek.com/boardgame/1471
128537,Gentlemen Thieves,2012,6.2,5.59,1.81,10272,372,No,https://boardgamegeek.com/boardgame/128537
110882,Ghost Stories: Steven Qi-Gal,2011,6.94,5.59,2.14,,183,Yes,https://boardgamegeek.com/boardgame/110882
132501,Ground Floor: Overfunding Achievements,2012,7.37,5.59,3.29,,124,Yes,https://boardgamegeek.com/boardgame/132501
35220,Help Arrives!,2021,7.84,5.59,3.3,10332,119,No,https://boardgamegeek.com/boardgame/35220
128218,Helvetia Cup,2012,6.6,5.59,2.69,10283,204,No,https://boardgamegeek.com/boardgame/128218
101639,Heroscape: Arrival of the Master,2007,7.44,5.59,2.33,,123,Yes,https://boardgamegeek.com/boardgame/101639
140314,High Heavens,2015,7.29,5.59,2.29,10228,157,No,https://boardgamegeek.com/boardgame/140314
607,Honor of the Samurai,1996,5.95,5.59,2.19,9952,847,No,https://boardgamegeek.com/boardgame/607
138105,Hordes: High Command,2013,6.29,5.59,2.6,10224,363,No,https://boardgamegeek.com/boardgame/138105
3572,Invasion: America – Death Throes of the Superpower,1976,6.67,5.59,3.18,10089,228,No,https://boardgamegeek.com/boardgame/3572
6495,Iron Tide: Panzers in the Ardennes,2003,7.89,5.59,3.03,9865,122,No,https://boardgamegeek.com/boardgame/6495
40370,Islas Canarias,2009,6.36,5.59,2.09,10265,273,No,https://boardgamegeek.com/boardgame/40370
2904,John Prados' Third Reich,2001,6.51,5.59,4.0,10232,298,No,https://boardgamegeek.com/boardgame/2904
129010,Jungle Ascent,2013,6.39,5.59,1.59,10072,285,No,https://boardgamegeek.com/boardgame/129010
136245,Ka-Boom,2013,6.12,5.59,1.06,10266,389,No,https://boardgamegeek.com/boardgame/136245
2610,Kardinal & König: Das Kartenspiel,2001,6.79,5.59,2.57,10127,191,No,https://boardgamegeek.com/boardgame/2610
39345,Karelia '44: The Last Campaign of the Continuation War,2011,7.18,5.59,2.53,9894,156,No,https://boardgamegeek.com/boardgame/39345
2608,King Oil,1974,6.1,5.59,1.66,10162,532,No,https://boardgamegeek.com/boardgame/2608
5157,King's Court,1986,6.66,5.59,1.67,10375,240,No,https://boardgamegeek.com/boardgame/5157
141419,Koi Pond: A Coy Card Game,2013,6.73,5.59,1.89,9858,210,No,https://boardgamegeek.com/boardgame/141419
13520,La Bataille d'Albuera: Espagnol,1987,7.43,5.59,3.81,10307,137,No,https://boardgamegeek.com/boardgame/13520
11436,La Bataille d'Orthez,2000,7.76,5.59,3.82,10163,124,No,https://boardgamegeek.com/boardgame/11436
113971,La Bataille de Dresde,2015,8.82,5.59,4.38,9946,100,No,https://boardgamegeek.com/boardgame/113971
132431,Lancaster: Reward Tiles,2012,7.32,5.59,3.0,,120,Yes,https://boardgamegeek.com/boardgame/132431
61538,Last Night on Earth 'Run For It!' Scenario,2009,7.57,5.59,2.2,,119,Yes,https://boardgamegeek.com/boardgame/61538
37885,Last Stand: The Battle for Moscow 1941-42,2008,7.89,5.59,2.8,9875,113,No,https://boardgamegeek.com/boardgame/37885
41763,Le Passe-Trappe Grande,2008,6.98,5.59,1.0,10018,153,No,https://boardgamegeek.com/boardgame/41763
5991,Lion of Ethiopia,1990,7.3,5.59,2.25,9951,143,No,https://boardgamegeek.com/boardgame/5991
35462,Lock 'n Load: Noville – Bastogne's Outpost,2009,8.02,5.59,3.0,,106,Yes,https://boardgamegeek.com/boardgame/35462
21854,Los Mampfos,2006,6.13,5.59,1.24,9884,435,No,https://boardgamegeek.com/boardgame/21854
3149,Lost Valley of the Dinosaurs,1985,6.25,5.59,1.21,9861,510,No,https://boardgamegeek.com/boardgame/3149
21703,Mana,1988,6.79,5.59,2.0,10400,185,No,https://boardgamegeek.com/boardgame/21703
99479,Mare Balticum,2011,6.34,5.59,1.73,10060,312,No,https://boardgamegeek.com/boardgame/99479
7239,Medieval,2003,6.26,5.59,2.41,9907,419,No,https://boardgamegeek.com/boardgame/7239
23827,Millionen von Schwalben,2006,7.2,5.59,2.35,9866,134,No,https://boardgamegeek.com/boardgame/23827
751,Minos,1991,6.38,5.59,2.62,9847,335,No,https://boardgamegeek.com/boardgame/751
33172,Monastery,2008,6.25,5.59,2.86,10009,372,No,https://boardgamegeek.com/boardgame/33172
60316,Moon Leap,1998,6.05,5.59,1.1,10175,471,No,https://boardgamegeek.com/boardgame/60316
867,Morisi,2000,6.48,5.59,2.08,10183,248,No,https://boardgamegeek.com/boardgame/867
100166,Mr. Jack Pocket: Goodies,2011,6.86,5.59,1.88,,165,Yes,https://boardgamegeek.com/boardgame/100166
78674,Munchkin Boxes of Holding,2010,6.37,5.59,2.27,,353,Yes,https://boardgamegeek.com/boardgame/78674
136239,Munchkin Easter Eggs,2013,6.83,5.59,1.75,,208,Yes,https://boardgamegeek.com/boardgame/136239
2179,Musketeers,1991,6.08,5.59,1.11,10292,430,No,https://boardgamegeek.com/boardgame/2179
12947,Napoleon at War: Four Battles,1975,6.82,5.59,1.91,,187,No,https://boardgamegeek.com/boardgame/12947
58980,Nefertiti: Expansion,2009,7.03,5.59,2.75,,162,Yes,https://boardgamegeek.com/boardgame/58980
129225,Nehemiah,2014,6.78,5.59,2.57,10219,186,No,https://boardgamegeek.com/boardgame/129225
98690,"Nightfall: ""Shadow Seven"" Promo",2011,7.14,5.59,2.71,,139,Yes,https://boardgamegeek.com/boardgame/98690
100221,Nightfall: Lisaveta Florescu Promo,2011,7.09,5.59,3.0,,141,Yes,https://boardgamegeek.com/boardgame/100221
68250,"Objective: Kiev  (The Advance of Army Group South: June-August, 1941)",2010,6.74,5.59,1.91,10171,190,No,https://boardgamegeek.com/boardgame/68250
5965,"October War: Doctrine and Tactics in the Yom Kippur Conflict, 1973",1977,6.92,5.59,2.88,9873,196,No,https://boardgamegeek.com/boardgame/5965
67693,Offerings,2010,6.37,5.59,2.79,9912,279,No,https://boardgamegeek.com/boardgame/67693
2135,On the Edge,1994,6.3,5.59,2.39,9973,350,No,https://boardgamegeek.com/boardgame/2135
4287,Onslaught,1987,6.6,5.59,2.5,10109,243,No,https://boardgamegeek.com/boardgame/4287
41006,Ordo,2009,7.35,5.59,2.88,10033,122,No,https://boardgamegeek.com/boardgame/41006
128938,Pack of Heroes,2014,6.24,5.59,2.0,9885,358,No,https://boardgamegeek.com/boardgame/128938
55679,Panzer General: Allied Assault,2010,6.41,5.59,2.45,10344,362,No,https://boardgamegeek.com/boardgame/55679
8250,Patton's 3rd Army: The Lorraine Campaign,1980,6.57,5.59,2.66,10096,239,No,https://boardgamegeek.com/boardgame/8250
140172,Pelican Bay,2013,6.28,5.59,2.18,10398,368,No,https://boardgamegeek.com/boardgame/140172
59418,PitchCar Mini: Extension 5 – The Cross,2009,7.15,5.59,1.0,,130,Yes,https://boardgamegeek.com/boardgame/59418
7724,Planes in Flames,1992,7.57,5.59,4.27,,104,Yes,https://boardgamegeek.com/boardgame/7724
2543,Pompeji,2001,6.23,5.59,1.56,10236,346,No,https://boardgamegeek.com/boardgame/2543
39635,Prolix,2010,6.34,5.59,1.74,9919,294,No,https://boardgamegeek.com/boardgame/39635
2211,Proteus,2001,6.61,5.59,3.21,9908,219,No,https://boardgamegeek.com/boardgame/2211
17395,"Prussia's Glory II: Four Battles of the Seven Years War, 1757-1759",2005,7.08,5.59,2.78,9958,164,No,https://boardgamegeek.com/boardgame/17395
3316,Prussia's Glory: The Battles of Frederick the Great,2002,6.79,5.59,2.82,10100,196,No,https://boardgamegeek.com/boardgame/3316
7498,Pyrrhic Victory: King Pyrrhus in Italy 280-279 B.C. – SPQR Battle Module IV,1993,7.62,5.59,3.12,,101,Yes,https://boardgamegeek.com/boardgame/7498
126004,Quarriors! Quarmageddon: Multiplying Mischievous Imp Promo Card,2012,6.96,5.59,1.91,,166,Yes,https://boardgamegeek.com/boardgame/126004
2133,Rage,1995,6.12,5.59,2.39,9885,618,No,https://boardgamegeek.com/boardgame/2133
82272,Railroad Barons,2010,6.21,5.59,3.03,10325,323,No,https://boardgamegeek.com/boardgame/82272
67361,Rails of New England,2011,6.41,5.59,3.32,10342,265,No,https://boardgamegeek.com/boardgame/67361
3679,Ramparts,1993,6.26,5.59,2.34,9906,357,No,https://boardgamegeek.com/boardgame/3679
75774,Rattus: Judge Promo Card,2010,7.08,5.59,2.12,,137,Yes,https://boardgamegeek.com/boardgame/75774
66665,Recicle: Tempos de Crise,2010,7.32,5.59,2.96,10258,137,No,https://boardgamegeek.com/boardgame/66665
3707,Red Storm Rising,1989,6.31,5.59,2.62,10062,361,No,https://boardgamegeek.com/boardgame/3707
37362,Robot Master,2008,6.35,5.59,1.33,10208,274,No,https://boardgamegeek.com/boardgame/37362
70916,Rockband Manager,2010,5.99,5.59,1.87,9925,582,No,https://boardgamegeek.com/boardgame/70916
25196,Rummikub Six Player,1992,6.73,5.59,1.0,9843,225,No,https://boardgamegeek.com/boardgame/25196
21503,S.P.Q.RisiKo!,2005,6.45,5.59,2.05,9984,302,No,https://boardgamegeek.com/boardgame/21503
101796,SUTAKKU,2011,6.22,5.59,1.04,10388,354,No,https://boardgamegeek.com/boardgame/101796
25409,Salamanca,2006,6.17,5.59,2.42,10361,344,No,https://boardgamegeek.com/boardgame/25409
5235,Samurai Blades: The Game of Man-to-Man Combat in Feudal Japan,1984,6.81,5.59,2.33,10201,182,No,https://boardgamegeek.com/boardgame/5235
80933,Sandwich,2010,6.31,5.59,1.0,10255,334,No,https://boardgamegeek.com/boardgame/80933
17397,Savannah,2005,6.97,5.59,2.85,10160,158,No,https://boardgamegeek.com/boardgame/17397
127333,Schnipp & Weg,2012,7.74,5.59,1.0,10066,100,No,https://boardgamegeek.com/boardgame/127333
6627,Scream Machine,2003,5.98,5.59,1.54,10203,537,No,https://boardgamegeek.com/boardgame/6627
20590,Second World War at Sea: Bismarck,2005,7.38,5.59,2.88,10131,144,No,https://boardgamegeek.com/boardgame/20590
2123,Shadowrun: The Trading Card Game,1997,6.47,5.59,2.73,10327,306,No,https://boardgamegeek.com/boardgame/2123
24511,Simply Catan,2006,6.81,5.59,2.38,10328,184,No,https://boardgamegeek.com/boardgame/24511
1566,Simply Cosmic,1995,6.49,5.59,2.76,10025,233,No,https://boardgamegeek.com/boardgame/1566
103235,Singapore,2011,6.11,5.59,2.58,10214,408,No,https://boardgamegeek.com/boardgame/103235
5559,Sky Galleons of Mars,1988,6.86,5.59,2.29,10032,190,No,https://boardgamegeek.com/boardgame/5559
9556,Snatch,2001,6.39,5.59,1.71,10036,310,No,https://boardgamegeek.com/boardgame/9556
130102,Spartacus: Acerbitas Promo Card,2012,7.55,5.59,2.17,,114,Yes,https://boardgamegeek.com/boardgame/130102
1257,Starbase Jeff,1998,6.17,5.59,1.54,9959,400,No,https://boardgamegeek.com/boardgame/1257
88140,Stomple,2010,6.41,5.59,1.44,10249,271,No,https://boardgamegeek.com/boardgame/88140
58625,Storm Over Normandy,2015,7.29,5.59,2.19,9903,134,No,https://boardgamegeek.com/boardgame/58625
3385,Stratego: Star Wars,2002,6.12,5.59,1.69,10097,507,No,https://boardgamegeek.com/boardgame/3385
138769,Super Dungeon Explore: Succubus Vandella,2012,7.43,5.59,2.71,,126,Yes,https://boardgamegeek.com/boardgame/138769
139443,Superfight,2013,5.81,5.59,1.18,10041,3092,No,https://boardgamegeek.com/boardgame/139443
3712,Tac Air,1987,6.33,5.59,3.25,10023,365,No,https://boardgamegeek.com/boardgame/3712
14042,Team Work Original,2004,6.14,5.59,1.27,10303,384,No,https://boardgamegeek.com/boardgame/14042
137744,Tessen,2013,6.49,5.59,1.19,10255,252,No,https://boardgamegeek.com/boardgame/137744
128478,The Boss: 5-6 Player Expansion,2012,7.31,5.59,2.11,,120,Yes,https://boardgamegeek.com/boardgame/128478
140524,The Daedalus Sentence,2016,6.6,5.59,2.0,10105,237,No,https://boardgamegeek.com/boardgame/140524
4270,The Far Seas,1987,7.17,5.59,2.43,10372,151,No,https://boardgamegeek.com/boardgame/4270
11202,The First World War,2004,6.09,5.59,2.32,10270,483,No,https://boardgamegeek.com/boardgame/11202
22604,The Halls of Montezuma,2009,6.52,5.59,3.14,10076,246,No,https://boardgamegeek.com/boardgame/22604
2798,The Ironclads: Expansion Kit,1980,7.63,5.59,3.1,,115,Yes,https://boardgamegeek.com/boardgame/2798
20044,The Lord of the Rings: The Mines of Moria,2005,6.96,5.59,2.89,10300,165,No,https://boardgamegeek.com/boardgame/20044
109361,The New Era: Spiel 2011 Promo Pack,2011,7.34,5.59,3.4,,117,Yes,https://boardgamegeek.com/boardgame/109361
75782,The Phantom League,2010,6.36,5.59,3.22,10067,293,No,https://boardgamegeek.com/boardgame/75782
1806,The Piggyback Brigade,2001,6.17,5.59,1.05,9927,473,No,https://boardgamegeek.com/boardgame/1806
4292,The Sword and the Flame,1979,7.51,5.59,2.39,10402,129,No,https://boardgamegeek.com/boardgame/4292
723,The Uncanny X-Men Alert Adventure Game,1992,6.17,5.59,1.57,10262,487,No,https://boardgamegeek.com/boardgame/723
63743,The World Cup Card Game 2010,2010,6.35,5.59,1.6,10394,272,No,https://boardgamegeek.com/boardgame/63743
4113,Tigers in the Mist: Ardennes Offensive,1999,6.91,5.59,2.59,10380,175,No,https://boardgamegeek.com/boardgame/4113
60165,Time's Up! Game Geek Expansion,2009,7.31,5.59,1.38,,123,Yes,https://boardgamegeek.com/boardgame/60165
72285,Totemo,2010,6.61,5.59,1.58,10192,199,No,https://boardgamegeek.com/boardgame/72285
2607,Totopoly,1938,6.14,5.59,1.84,9940,509,No,https://boardgamegeek.com/boardgame/2607
72448,Trivial Pursuit: Bet You Know It,2010,5.92,5.59,1.47,10264,704,No,https://boardgamegeek.com/boardgame/72448
108705,Tuareg,2011,6.5,5.59,1.57,10089,245,No,https://boardgamegeek.com/boardgame/108705
127188,Tweeeet,2012,6.17,5.59,1.72,10284,356,No,https://boardgamegeek.com/boardgame/127188
66608,Two by Two,2010,5.96,5.59,1.5,10178,570,No,https://boardgamegeek.com/boardgame/66608
118553,Ubongo Trigo,2012,6.37,5.59,1.5,10352,251,No,https://boardgamegeek.com/boardgame/118553
497,Vampire,2000,5.94,5.59,1.34,10133,657,No,https://boardgamegeek.com/boardgame/497
1910,Venice Connection,1988,5.93,5.59,1.61,10365,610,No,https://boardgamegeek.com/boardgame/1910
10523,Victory & Honor,2004,6.39,5.59,2.03,10129,273,No,https://boardgamegeek.com/boardgame/10523
5826,"Victory in the West: Plan Yellow, The French Campaign 1940",1993,7.16,5.59,3.44,10151,153,No,https://boardgamegeek.com/boardgame/5826
87120,Vintage,2011,6.49,5.59,2.91,10014,252,No,https://boardgamegeek.com/boardgame/87120
536,Visionary,1997,6.42,5.59,1.27,10238,256,No,https://boardgamegeek.com/boardgame/536
7496,War Elephant: Battles of the Diadochi 217-190 B.C. – SPQR Battle Module,1992,7.57,5.59,3.27,,118,Yes,https://boardgamegeek.com/boardgame/7496
17971,War in the Desert,1997,7.59,5.59,4.0,10075,126,No,https://boardgamegeek.com/boardgame/17971
42131,War of the Ring,2009,7.37,5.59,3.08,10000,137,No,https://boardgamegeek.com/boardgame/42131
8003,Warhammer Ancient Battles,1998,6.74,5.59,3.33,10132,221,No,https://boardgamegeek.com/boardgame/8003
83194,Warhammer: Invasion – Bleeding Sun,2010,7.44,5.59,2.33,,129,Yes,https://boardgamegeek.com/boardgame/83194
85637,Warhammer: Invasion – Omens of Ruin,2011,7.48,5.59,2.17,,132,Yes,https://boardgamegeek.com/boardgame/85637
89184,Warhammer: Invasion – The Chaos Moon,2011,7.52,5.59,3.0,,121,Yes,https://boardgamegeek.com/boardgame/89184
17278,Warmachine: Escalation,2004,7.64,5.59,3.86,,133,Yes,https://boardgamegeek.com/boardgame/17278
55781,Warriors of Japan: A Country Aflame 1335-1339,2016,6.95,5.59,2.18,10287,162,No,https://boardgamegeek.com/boardgame/55781
9296,Warzone,1996,6.89,5.59,3.41,10233,179,No,https://boardgamegeek.com/boardgame/9296
42448,We Didn't Playtest This Either,2009,5.88,5.59,1.19,10106,937,No,https://boardgamegeek.com/boardgame/42448
123129,We Didn't Playtest This: Legacies,2012,6.07,5.59,1.0,10181,506,No,https://boardgamegeek.com/boardgame/123129
64638,Wealth of Nations Super Industry Tiles,2010,7.05,5.59,3.0,,151,Yes,https://boardgamegeek.com/boardgame/64638
109,Wettstreit der Baumeister,1994,6.12,5.59,1.93,10220,413,No,https://boardgamegeek.com/boardgame/109
131183,Wings of Glory: WW2 Rules and Accessories Pack,2013,7.72,5.59,2.4,9865,125,No,https://boardgamegeek.com/boardgame/131183
8976,World War II: Pacific Theater of Operations,1991,6.96,5.59,4.09,10242,197,No,https://boardgamegeek.com/boardgame/8976
79068,Wrong Chemistry,2012,6.08,5.59,1.62,10165,514,No,https://boardgamegeek.com/boardgame/79068
8232,Zauberschwert & Drachenei,2003,6.08,5.59,1.93,10126,453,No,https://boardgamegeek.com/boardgame/8232
140604,Zombicide: Special Guest Box – Kevin Walker,2014,7.41,5.59,2.75,,141,Yes,https://boardgamegeek.com/boardgame/140604
66942,Zombies!!! 9: Ashes to Ashes,2010,6.66,5.59,1.64,,247,Yes,https://boardgamegeek.com/boardgame/66942
80358,Zooloretto Boss,2010,7.15,5.59,2.4,,154,Yes,https://boardgamegeek.com/boardgame/80358
128568,(Your Name Here) and the Argonauts,2012,7.11,5.58,1.38,11092,137,No,https://boardgamegeek.com/boardgame/128568
4953,1313 Dead End Drive,2002,5.93,5.58,1.35,10736,989,No,https://boardgamegeek.com/boardgame/4953
4613,1854,2002,7.08,5.58,4.2,10733,123,No,https://boardgamegeek.com/boardgame/4613
17654,18GL,2005,7.24,5.58,4.21,10628,116,No,https://boardgamegeek.com/boardgame/17654
29278,18Rhl: Rhineland,2007,7.29,5.58,3.67,10429,115,No,https://boardgamegeek.com/boardgame/29278
114248,1st & Goal: Mideast Division,2011,7.28,5.58,1.57,,107,Yes,https://boardgamegeek.com/boardgame/114248
114250,1st & Goal: Midwest Division,2011,7.19,5.58,1.67,,116,Yes,https://boardgamegeek.com/boardgame/114250
83092,303,2010,6.39,5.58,1.48,10896,275,No,https://boardgamegeek.com/boardgame/83092
39179,A Castle for All Seasons: Winter Cards,2008,6.81,5.58,2.5,,176,Yes,https://boardgamegeek.com/boardgame/39179
5827,A Winter War,1992,7.29,5.58,3.5,10645,129,No,https://boardgamegeek.com/boardgame/5827
126426,A.D. 30,2012,6.7,5.58,2.22,10704,197,No,https://boardgamegeek.com/boardgame/126426
22020,APBA Major League Baseball Master Game,1975,7.5,5.58,3.3,,124,Yes,https://boardgamegeek.com/boardgame/22020
51195,Adaptoid,2009,6.9,5.58,2.12,11014,149,No,https://boardgamegeek.com/boardgame/51195
4091,Adeptus Titanicus,1988,6.54,5.58,2.67,10968,248,No,https://boardgamegeek.com/boardgame/4091
7494,Africanus: SPQR Battle Module V,1994,7.36,5.58,3.12,,108,Yes,https://boardgamegeek.com/boardgame/7494
14054,Akaba,2004,6.28,5.58,1.23,10613,278,No,https://boardgamegeek.com/boardgame/14054
53103,Aladdin's Dragons,2009,6.34,5.58,1.95,10885,233,No,https://boardgamegeek.com/boardgame/53103
72204,Alien Uprising,2014,6.2,5.58,3.21,10940,320,No,https://boardgamegeek.com/boardgame/72204
32405,Alles Tomate!,2007,6.02,5.58,1.06,10762,535,No,https://boardgamegeek.com/boardgame/32405
66896,American Carrom,1892,6.61,5.58,1.22,10950,185,No,https://boardgamegeek.com/boardgame/66896
106560,American Mah Jongg,1937,7.25,5.58,2.4,10767,112,No,https://boardgamegeek.com/boardgame/106560
125841,Among the Stars: Indiegogo Promos,2012,7.1,5.58,2.0,,118,Yes,https://boardgamegeek.com/boardgame/125841
993,An den Ufern des Nils,1994,6.37,5.58,2.34,11043,226,No,https://boardgamegeek.com/boardgame/993
24935,Anima: Shadow of Omega,2006,5.83,5.58,2.17,10984,1326,No,https://boardgamegeek.com/boardgame/24935
63385,Anima: Twilight of the Gods,2009,6.57,5.58,2.0,10660,254,No,https://boardgamegeek.com/boardgame/63385
10810,Anno 1503: Aristokraten und Piraten,2004,6.57,5.58,2.52,,192,Yes,https://boardgamegeek.com/boardgame/10810
17924,Anno Domini: Frauen,1999,6.82,5.58,1.46,10945,150,No,https://boardgamegeek.com/boardgame/17924
18085,Anno Domini: Kirche & Staat,1998,6.85,5.58,1.64,10656,158,No,https://boardgamegeek.com/boardgame/18085
27645,Apples to Apples: Party Box Expansion ONE,2004,6.18,5.58,1.27,,394,Yes,https://boardgamegeek.com/boardgame/27645
42713,Arcane Legions,2009,6.33,5.58,2.34,11081,302,No,https://boardgamegeek.com/boardgame/42713
42950,Arctic Scavengers: HQ,2011,7.05,5.58,2.6,,130,Yes,https://boardgamegeek.com/boardgame/42950
4291,"Armor: A Tactical Game of Armored Combat in Western Europe, 1944-1945",1980,7.45,5.58,4.0,10879,117,No,https://boardgamegeek.com/boardgame/4291
67285,Armorica,2010,6.47,5.58,2.19,10616,227,No,https://boardgamegeek.com/boardgame/67285
6251,Arnhem: Defiant Stand,2003,7.65,5.58,3.84,11061,110,No,https://boardgamegeek.com/boardgame/6251
86078,Asara: Das Haus des Flaschengeistes,2010,7.12,5.58,2.2,,119,Yes,https://boardgamegeek.com/boardgame/86078
103260,Ascension: Chronicle of the Godslayer – Journeyman Sage Promo,2011,7.0,5.58,2.0,,141,Yes,https://boardgamegeek.com/boardgame/103260
103574,Ascension: Chronicle of the Godslayer – Nethersnare Promo,2011,7.03,5.58,2.0,,145,Yes,https://boardgamegeek.com/boardgame/103574
104410,Ascension: Chronicle of the Godslayer – Void Mesmer Promo,2011,6.89,5.58,2.17,,162,Yes,https://boardgamegeek.com/boardgame/104410
216,Atlanteon,1992,5.87,5.58,2.03,10626,774,No,https://boardgamegeek.com/boardgame/216
5485,Atlantic Wall: The Invasion of Europe June 1944,1978,6.86,5.58,4.0,10669,179,No,https://boardgamegeek.com/boardgame/5485
3765,Babylon 5 Wars,1997,6.6,5.58,3.61,10717,198,No,https://boardgamegeek.com/boardgame/3765
2641,"Barbarian, Kingdom & Empire",1983,7.13,5.58,2.76,10849,130,No,https://boardgamegeek.com/boardgame/2641
3706,Batik,1997,5.93,5.58,1.11,10637,630,No,https://boardgamegeek.com/boardgame/3706
3662,BattleFleet Mars: Space Combat in the 21st Century,1977,6.63,5.58,3.13,10791,199,No,https://boardgamegeek.com/boardgame/3662
29922,Battlefleet Gothic Armada,2005,7.47,5.58,2.5,,108,Yes,https://boardgamegeek.com/boardgame/29922
4934,Battling Tops,1968,6.12,5.58,1.21,10671,400,No,https://boardgamegeek.com/boardgame/4934
27823,Battue: Storm of the Horse Lords,2007,5.93,5.58,2.05,10700,620,No,https://boardgamegeek.com/boardgame/27823
131332,Berserk: War of the Realms,2013,6.24,5.58,2.72,11096,366,No,https://boardgamegeek.com/boardgame/131332
89403,Big Five,2010,6.25,5.58,1.35,10991,271,No,https://boardgamegeek.com/boardgame/89403
96345,Black Stories: Funny Death Edition,2011,5.98,5.58,1.0,10625,607,No,https://boardgamegeek.com/boardgame/96345
15827,"Blitzkrieg Commander: Fast-Play Tabletop Wargame Rules for Combined-Arms Operations, 1936-45",2004,7.44,5.58,2.65,11073,118,No,https://boardgamegeek.com/boardgame/15827
8285,Boots & Saddles: Air Cavalry in the 80's,1984,6.84,5.58,3.52,10642,182,No,https://boardgamegeek.com/boardgame/8285
10986,"Borodino: Battle of the Moskova, 1812",2004,6.66,5.58,2.95,11099,170,No,https://boardgamegeek.com/boardgame/10986
24225,Boxcars,1974,6.47,5.58,2.53,10889,261,No,https://boardgamegeek.com/boardgame/24225
130393,Broadhorns: Early Trade on the Mississippi,2018,6.75,5.58,2.86,10652,171,No,https://boardgamegeek.com/boardgame/130393
32,Buffalo Chess,1975,6.08,5.58,1.53,10568,451,No,https://boardgamegeek.com/boardgame/32
24207,Burger Quiz,2002,6.51,5.58,1.71,10750,227,No,https://boardgamegeek.com/boardgame/24207
1722,Caesar's Legions,1975,6.28,5.58,2.68,11044,301,No,https://boardgamegeek.com/boardgame/1722
83266,Call of Cthulhu: The Card Game – The Order of the Silver Twilight,2010,7.32,5.58,3.0,,127,Yes,https://boardgamegeek.com/boardgame/83266
59008,Canadian Crucible: Brigade Fortress at Norrey,2013,7.81,5.58,3.9,10517,101,No,https://boardgamegeek.com/boardgame/59008
130998,Carcassonne: Little Buildings,2012,6.38,5.58,1.83,,286,Yes,https://boardgamegeek.com/boardgame/130998
93822,Catacombs:  Dark Passageways,2011,6.84,5.58,1.79,,164,Yes,https://boardgamegeek.com/boardgame/93822
4362,"Champion Hill: May 16th, 1863 – The Road to Vicksburg",1996,7.2,5.58,3.38,10878,130,No,https://boardgamegeek.com/boardgame/4362
5400,Changgi,,7.17,5.58,3.32,10529,148,No,https://boardgamegeek.com/boardgame/5400
134637,Channel A,2012,6.65,5.58,1.4,10566,227,No,https://boardgamegeek.com/boardgame/134637
1188,Chaos Marauders,1987,6.01,5.58,1.38,10796,539,No,https://boardgamegeek.com/boardgame/1188
553,Chez Geek,1999,5.7,5.58,1.42,10858,4595,No,https://boardgamegeek.com/boardgame/553
843,Circus Minimus,2000,6.4,5.58,2.14,10873,229,No,https://boardgamegeek.com/boardgame/843
40004,Contract Rummy,1930,6.36,5.58,1.71,10644,273,No,https://boardgamegeek.com/boardgame/40004
56241,Coral Sea: Campaign Commander Series,2010,7.18,5.58,2.62,10954,125,No,https://boardgamegeek.com/boardgame/56241
24933,Cranium Pop 5,2006,6.24,5.58,1.16,10648,325,No,https://boardgamegeek.com/boardgame/24933
12875,Cranium Turbo Edition,2004,6.09,5.58,1.73,10590,470,No,https://boardgamegeek.com/boardgame/12875
6569,Cronberg,2003,5.98,5.58,1.91,11025,471,No,https://boardgamegeek.com/boardgame/6569
1784,Dark Cults,1983,6.91,5.58,1.45,11054,147,No,https://boardgamegeek.com/boardgame/1784
1489,Deadwood Studios USA,1999,5.89,5.58,1.51,10467,880,No,https://boardgamegeek.com/boardgame/1489
305,Der Fliegende Holländer,1992,6.1,5.58,2.48,10559,371,No,https://boardgamegeek.com/boardgame/305
59223,Diego Drachenzahn,2009,6.09,5.58,1.14,10436,401,No,https://boardgamegeek.com/boardgame/59223
119407,Dixit Jinx,2012,5.74,5.58,1.19,10775,1231,No,https://boardgamegeek.com/boardgame/119407
3163,Doom of the Eldar,1993,6.45,5.58,2.42,10902,216,No,https://boardgamegeek.com/boardgame/3163
108783,Dr. Shark,2011,6.13,5.58,1.57,11057,335,No,https://boardgamegeek.com/boardgame/108783
1860,Dragon Dice,1995,5.94,5.58,2.38,10967,1137,No,https://boardgamegeek.com/boardgame/1860
87200,Dragon Valley,2012,6.53,5.58,3.09,10442,232,No,https://boardgamegeek.com/boardgame/87200
127287,Drum Roll: Dragon Dancers,2012,7.1,5.58,2.25,,126,Yes,https://boardgamegeek.com/boardgame/127287
102721,Drum Roll: Performer Promo Cards,2011,7.1,5.58,2.83,,133,Yes,https://boardgamegeek.com/boardgame/102721
125493,DrunkQuest,2013,6.21,5.58,1.89,10982,415,No,https://boardgamegeek.com/boardgame/125493
10445,Duel Masters Trading Card Game,2004,6.42,5.58,2.09,10631,297,No,https://boardgamegeek.com/boardgame/10445
18229,Duel of Ages: Scrye Add-On Pack,2003,7.24,5.58,2.93,,114,Yes,https://boardgamegeek.com/boardgame/18229
139042,Días de Radio,2014,6.99,5.58,1.38,11021,150,No,https://boardgamegeek.com/boardgame/139042
10672,"Easy Come, Easy Go",2004,5.98,5.58,1.02,10513,544,No,https://boardgamegeek.com/boardgame/10672
83157,"Engine, Engine No. 9",2010,6.38,5.58,1.16,10719,257,No,https://boardgamegeek.com/boardgame/83157
43490,Euphrat & Tigris: Die Zikkurat,2009,7.38,5.58,3.0,,113,Yes,https://boardgamegeek.com/boardgame/43490
130196,Evolution: Continents,2012,6.59,5.58,2.3,,229,Yes,https://boardgamegeek.com/boardgame/130196
1518,Executive Decision,1971,6.07,5.58,2.3,10475,446,No,https://boardgamegeek.com/boardgame/1518
140101,Fantasy Frontier,2014,6.34,5.58,2.5,11044,266,No,https://boardgamegeek.com/boardgame/140101
111734,Fasolki: Rozszerzenie,2010,6.59,5.58,1.67,,240,Yes,https://boardgamegeek.com/boardgame/111734
6540,Fear God & Dread Nought,2001,7.48,5.58,4.29,10883,113,No,https://boardgamegeek.com/boardgame/6540
1014,Fief 2,1989,6.82,5.58,2.91,10995,159,No,https://boardgamegeek.com/boardgame/1014
3600,Fifth Frontier War,1981,6.76,5.58,3.03,10413,207,No,https://boardgamegeek.com/boardgame/3600
121863,Fleet: Inuit Fisherman,2012,7.19,5.58,2.17,,113,Yes,https://boardgamegeek.com/boardgame/121863
121669,Fleet: Salty Captains,2012,7.18,5.58,2.17,,113,Yes,https://boardgamegeek.com/boardgame/121669
12105,Full Thrust Fleet Book: Volume 1 (Warships of the Major Powers – 2183),1998,7.65,5.58,2.82,,105,Yes,https://boardgamegeek.com/boardgame/12105
134115,Garden Dice: The Card Expansion,2013,7.05,5.58,2.0,,145,Yes,https://boardgamegeek.com/boardgame/134115
126026,Gato Leader,2016,7.22,5.58,2.67,10845,138,No,https://boardgamegeek.com/boardgame/126026
13272,Geistertreppe: Flaschengeist,2004,6.48,5.58,1.09,,212,Yes,https://boardgamegeek.com/boardgame/13272
25462,German Whist,1894,6.46,5.58,1.86,10439,228,No,https://boardgamegeek.com/boardgame/25462
110906,Ghost Stories: The Infernal Die,2011,7.42,5.58,2.33,,106,Yes,https://boardgamegeek.com/boardgame/110906
35179,Globalissimo,2008,6.58,5.58,1.44,10716,188,No,https://boardgamegeek.com/boardgame/35179
5228,"Glory: The Battles of First & Second Manassas and Chickamauga, 1861-63",1995,6.62,5.58,2.52,10647,197,No,https://boardgamegeek.com/boardgame/5228
9629,Gnostica,2001,7.08,5.58,3.3,10909,129,No,https://boardgamegeek.com/boardgame/9629
137500,Gothic Invasion,2014,7.01,5.58,2.3,10689,146,No,https://boardgamegeek.com/boardgame/137500
34284,Graffiti,2007,6.39,5.58,1.14,10800,233,No,https://boardgamegeek.com/boardgame/34284
2132,Guardians,1995,6.44,5.58,2.67,10622,299,No,https://boardgamegeek.com/boardgame/2132
2994,Guderian's Blitzkrieg: The Drive on Moscow,1992,7.09,5.58,3.94,10751,156,No,https://boardgamegeek.com/boardgame/2994
119899,Gunrunners,2013,6.37,5.58,1.18,10917,269,No,https://boardgamegeek.com/boardgame/119899
10707,Hacker: Deluxe Edition,2001,6.32,5.58,2.73,10677,334,No,https://boardgamegeek.com/boardgame/10707
81848,Hamburgum: Antverpia,2010,7.42,5.58,3.0,,101,Yes,https://boardgamegeek.com/boardgame/81848
121996,Hanabi: Avalanche de couleurs,2012,7.07,5.58,1.4,,135,Yes,https://boardgamegeek.com/boardgame/121996
67436,Harry Potter Hogwarts,2010,5.99,5.58,1.48,10526,641,No,https://boardgamegeek.com/boardgame/67436
39045,Heroes of the World,2008,6.32,5.58,2.15,10799,253,No,https://boardgamegeek.com/boardgame/39045
94733,Heroica: Waldurk,2011,5.97,5.58,1.31,10548,577,No,https://boardgamegeek.com/boardgame/94733
67309,Hey Waiter!,2010,6.21,5.58,1.39,10720,309,No,https://boardgamegeek.com/boardgame/67309
18793,High Bohn: Bohnenduell um 12 Uhr mittags,2001,6.7,5.58,2.4,,169,Yes,https://boardgamegeek.com/boardgame/18793
2494,Hispania,1994,6.78,5.58,3.05,10761,166,No,https://boardgamegeek.com/boardgame/2494
136890,Hold the Line:  Frederick's War,2013,7.57,5.58,1.88,10662,109,No,https://boardgamegeek.com/boardgame/136890
29638,Hop Hop Hooray!,2007,6.52,5.58,1.08,10926,197,No,https://boardgamegeek.com/boardgame/29638
18781,Hornet Leader II,2005,7.33,5.58,2.06,10734,117,No,https://boardgamegeek.com/boardgame/18781
3170,Horus Heresy (1993),1993,6.53,5.58,2.47,11093,227,No,https://boardgamegeek.com/boardgame/3170
18975,Hunting Party,2005,6.16,5.58,2.44,10922,355,No,https://boardgamegeek.com/boardgame/18975
5041,IDF (Israeli Defense Force),1993,6.99,5.58,3.72,11022,154,No,https://boardgamegeek.com/boardgame/5041
13512,Imagem & Ação 2,2002,6.69,5.58,1.28,11098,202,No,https://boardgamegeek.com/boardgame/13512
132416,Imperios Milenarios,2012,7.78,5.58,3.47,10630,103,No,https://boardgamegeek.com/boardgame/132416
31435,Infernal Contraption 2: Sabotage!,2007,6.28,5.58,2.0,,335,Yes,https://boardgamegeek.com/boardgame/31435
271,It's Mine!,1998,5.97,5.58,1.07,10908,482,No,https://boardgamegeek.com/boardgame/271
2452,Jenga,1983,5.66,5.58,1.1,10538,17662,No,https://boardgamegeek.com/boardgame/2452
17534,Just4Fun,2005,5.87,5.58,1.25,10561,737,No,https://boardgamegeek.com/boardgame/17534
111069,Karnag,2012,6.54,5.58,3.39,10955,197,No,https://boardgamegeek.com/boardgame/111069
14285,Keythedral: Expansion,2004,6.97,5.58,2.45,,133,Yes,https://boardgamegeek.com/boardgame/14285
90198,Killer Bunnies and the Quest for the Magic Carrot: Chocolate Booster,2010,6.84,5.58,2.0,,178,Yes,https://boardgamegeek.com/boardgame/90198
303,Koalition,1992,6.42,5.58,2.29,10738,237,No,https://boardgamegeek.com/boardgame/303
16177,König Salomons Schatzkammer,2005,6.56,5.58,2.11,10770,193,No,https://boardgamegeek.com/boardgame/16177
9476,L'Armeé du Nord: the Belgian Campaign 1815,1993,6.94,5.58,2.82,10987,157,No,https://boardgamegeek.com/boardgame/9476
141418,LEADERS: The Combined Strategy Game,2013,6.68,5.58,2.67,10990,307,No,https://boardgamegeek.com/boardgame/141418
13995,La Bataille d'Espagnol-Talavera,1979,7.26,5.58,3.92,10465,145,No,https://boardgamegeek.com/boardgame/13995
11438,La Bataille de Corunna-Espagnol,1995,7.52,5.58,3.72,10583,127,No,https://boardgamegeek.com/boardgame/11438
88040,Last Night on Earth 'Advanced Abilities' Supplement,2010,7.18,5.58,2.0,,126,Yes,https://boardgamegeek.com/boardgame/88040
86455,Le Havre: Le Grand Hameau – Rattletrap car,2010,7.31,5.58,3.67,,109,Yes,https://boardgamegeek.com/boardgame/86455
86456,Le Havre: Le Grand Hameau – Wholesale Bakery,2010,7.47,5.58,3.67,,107,Yes,https://boardgamegeek.com/boardgame/86456
132441,Legends of Andor: Call of the Skrals,2012,7.15,5.58,2.0,,146,Yes,https://boardgamegeek.com/boardgame/132441
15235,Legends of the Old West,2004,7.14,5.58,2.62,10501,137,No,https://boardgamegeek.com/boardgame/15235
94331,Legions of Darkness,2011,6.72,5.58,2.11,10786,173,No,https://boardgamegeek.com/boardgame/94331
2091,Legions of Steel,1992,7.25,5.58,2.94,11011,158,No,https://boardgamegeek.com/boardgame/2091
36599,Level Up,2008,5.87,5.58,1.2,10850,777,No,https://boardgamegeek.com/boardgame/36599
105046,Lifeboat Expansion #3: Weather Deck,2011,6.38,5.58,1.86,,257,Yes,https://boardgamegeek.com/boardgame/105046
1694,Little Round Top: The South's Best Chance at Gettysburg,1979,6.48,5.58,2.63,10965,230,No,https://boardgamegeek.com/boardgame/1694
37615,Looting London,2008,5.89,5.58,1.4,10553,663,No,https://boardgamegeek.com/boardgame/37615
6608,Lord of the Rings Trivia Game,2003,6.11,5.58,2.09,10778,435,No,https://boardgamegeek.com/boardgame/6608
5351,"Lost Victory: Manstein At Kharkov, Winter 1943",1994,7.06,5.58,3.48,10446,165,No,https://boardgamegeek.com/boardgame/5351
35801,Lungarno,2008,6.15,5.58,2.17,10579,428,No,https://boardgamegeek.com/boardgame/35801
131232,Mafia City,2012,6.71,5.58,2.5,10446,194,No,https://boardgamegeek.com/boardgame/131232
127839,"Mage Tower, A Tower Defense Card Game",2013,6.65,5.58,2.83,10469,194,No,https://boardgamegeek.com/boardgame/127839
37794,Magnifico,2008,6.28,5.58,2.63,10731,303,No,https://boardgamegeek.com/boardgame/37794
263,Manitou,1997,6.08,5.58,1.97,10453,408,No,https://boardgamegeek.com/boardgame/263
37738,Master Builder,2008,6.07,5.58,2.03,10629,471,No,https://boardgamegeek.com/boardgame/37738
75441,Master of Economy,2010,6.78,5.58,4.06,10528,171,No,https://boardgamegeek.com/boardgame/75441
1416,Meridian,2001,6.02,5.58,2.52,10747,462,No,https://boardgamegeek.com/boardgame/1416
28828,Modern Naval Battles: Global Warfare,2008,6.69,5.58,1.85,10825,181,No,https://boardgamegeek.com/boardgame/28828
98122,Monster Trap,2011,6.1,5.58,1.14,10597,378,No,https://boardgamegeek.com/boardgame/98122
25087,More Kung Fu Fighting,2008,6.72,5.58,1.29,,168,Yes,https://boardgamegeek.com/boardgame/25087
138960,Munchkin Game Changers,2013,6.6,5.58,1.89,,236,Yes,https://boardgamegeek.com/boardgame/138960
133572,Munchkin Holiday Surprise,2012,6.75,5.58,2.0,,226,Yes,https://boardgamegeek.com/boardgame/133572
128034,Munchkin Naughty & Nice,2012,6.85,5.58,2.22,,191,Yes,https://boardgamegeek.com/boardgame/128034
41034,Munchkin Promo Cards,,6.77,5.58,1.71,,231,Yes,https://boardgamegeek.com/boardgame/41034
103291,Munchkin Reindeer Games,2011,6.71,5.58,2.0,,219,Yes,https://boardgamegeek.com/boardgame/103291
128475,Murder of Crows,2012,6.03,5.58,1.29,10953,576,No,https://boardgamegeek.com/boardgame/128475
111379,My Very First Games: Animal upon Animal,2011,6.49,5.58,1.0,10956,205,No,https://boardgamegeek.com/boardgame/111379
3050,"Napoleon at Bay: Defend the Gates of Paris, 1814",1997,7.66,5.58,3.45,10498,111,No,https://boardgamegeek.com/boardgame/3050
93093,Neuroshima Hex! 3.0: Mercenaries from Alabama,2007,6.78,5.58,2.22,,159,Yes,https://boardgamegeek.com/boardgame/93093
32456,Neuroshima Hex! Doomsday Machine 1.0,2006,7.19,5.58,2.62,,127,Yes,https://boardgamegeek.com/boardgame/32456
114530,Newtown,2013,7.35,5.58,2.5,10950,110,No,https://boardgamegeek.com/boardgame/114530
40213,Nile,2009,6.0,5.58,1.53,11076,468,No,https://boardgamegeek.com/boardgame/40213
1831,North American Rails,1992,6.75,5.58,2.59,10727,178,No,https://boardgamegeek.com/boardgame/1831
89951,Offboard,2011,6.54,5.58,2.25,10901,205,No,https://boardgamegeek.com/boardgame/89951
7531,Ogre Reinforcement Pack,1987,7.38,5.58,2.33,,104,Yes,https://boardgamegeek.com/boardgame/7531
41982,Okko: Era of the Karasu,2009,7.29,5.58,2.0,,141,Yes,https://boardgamegeek.com/boardgame/41982
63928,"Operation Jubilee: Dieppe, August 1942",2010,7.34,5.58,2.93,10603,117,No,https://boardgamegeek.com/boardgame/63928
27380,Origo,2007,6.04,5.58,2.61,10817,430,No,https://boardgamegeek.com/boardgame/27380
10668,Panzer Grenadier: Desert Rats,2004,6.98,5.58,2.77,10952,146,No,https://boardgamegeek.com/boardgame/10668
141428,Pass the Pandas,2014,6.24,5.58,1.0,10741,360,No,https://boardgamegeek.com/boardgame/141428
2884,Pathfinder,1974,6.24,5.58,1.16,10706,307,No,https://boardgamegeek.com/boardgame/2884
141735,Patronize,2013,6.08,5.58,2.14,10406,407,No,https://boardgamegeek.com/boardgame/141735
38870,Pensacola,2010,7.43,5.58,3.3,10484,119,No,https://boardgamegeek.com/boardgame/38870
7505,Phalanx: Great Battles of Alexander Module,1998,7.43,5.58,3.31,,101,Yes,https://boardgamegeek.com/boardgame/7505
83196,Pig 10,2010,6.32,5.58,1.3,10447,296,No,https://boardgamegeek.com/boardgame/83196
104498,Pirates of Nassau,2012,6.9,5.58,2.88,10741,158,No,https://boardgamegeek.com/boardgame/104498
28705,Pizza Box Baseball,2008,6.22,5.58,1.86,10942,275,No,https://boardgamegeek.com/boardgame/28705
73650,Porto Carthago,2010,6.31,5.58,3.13,10755,259,No,https://boardgamegeek.com/boardgame/73650
7008,Preference,1802,7.61,5.58,3.39,10894,110,No,https://boardgamegeek.com/boardgame/7008
134205,Puzzle Strike: Promo Chips,2012,7.15,5.58,2.2,,117,Yes,https://boardgamegeek.com/boardgame/134205
29952,Quinamid,2007,6.86,5.58,2.2,11057,142,No,https://boardgamegeek.com/boardgame/29952
134824,Qwirkle Trio,2012,7.1,5.58,1.25,,131,No,https://boardgamegeek.com/boardgame/134824
103853,Rattus: Jester Promo Card,2011,6.69,5.58,1.73,,181,Yes,https://boardgamegeek.com/boardgame/103853
31554,Red Dragon Rising: The Coming War With China,2008,7.15,5.58,2.85,10434,137,No,https://boardgamegeek.com/boardgame/31554
25242,Relikt,2006,6.03,5.58,1.42,10509,471,No,https://boardgamegeek.com/boardgame/25242
15081,Retro: Tactical WWII Wargame Variant Rules,2001,8.07,5.58,2.5,11078,102,No,https://boardgamegeek.com/boardgame/15081
125065,Revolver Expansion 1.2: Hunt the Man Down,2012,7.39,5.58,2.43,,114,Yes,https://boardgamegeek.com/boardgame/125065
2157,Riddle of the Ring,1982,6.93,5.58,2.06,10992,173,No,https://boardgamegeek.com/boardgame/2157
126025,Rise of the Zombies!,2013,6.47,5.58,2.0,11006,207,No,https://boardgamegeek.com/boardgame/126025
7831,Risorgimento 1859: the Second Italian War of Independence,2000,7.03,5.58,3.26,10649,151,No,https://boardgamegeek.com/boardgame/7831
2192,Rivets,1977,6.42,5.58,2.0,11062,232,No,https://boardgamegeek.com/boardgame/2192
3567,Roller Coaster Tycoon,2002,6.07,5.58,1.58,10722,493,No,https://boardgamegeek.com/boardgame/3567
21402,Runebound: Battlemage Character Deck,2006,6.67,5.58,2.18,,197,Yes,https://boardgamegeek.com/boardgame/21402
21406,Runebound: Blade Dancer Character Deck,2006,6.64,5.58,2.23,,192,Yes,https://boardgamegeek.com/boardgame/21406
12108,Runebound: Shadows of Margath,2004,6.52,5.58,2.29,,228,Yes,https://boardgamegeek.com/boardgame/12108
100104,Rush Hour Scramble,2011,6.48,5.58,1.44,10432,234,No,https://boardgamegeek.com/boardgame/100104
9202,Saga,2004,5.78,5.58,2.01,10445,1282,No,https://boardgamegeek.com/boardgame/9202
35395,Salem,2016,6.35,5.58,2.8,11010,265,No,https://boardgamegeek.com/boardgame/35395
736,San Francisco,2000,6.17,5.58,2.56,10547,333,No,https://boardgamegeek.com/boardgame/736
3766,Second Front,1994,7.4,5.58,4.33,10845,128,No,https://boardgamegeek.com/boardgame/3766
13254,Second World War at Sea: Midway,2002,7.27,5.58,3.14,10560,143,No,https://boardgamegeek.com/boardgame/13254
6381,Sequence for Kids,2001,5.87,5.58,1.12,10627,805,No,https://boardgamegeek.com/boardgame/6381
121615,Shadows Over the Empire,2013,5.9,5.58,2.85,10946,602,No,https://boardgamegeek.com/boardgame/121615
796,Shanghai Trader,1986,6.53,5.58,2.58,11105,228,No,https://boardgamegeek.com/boardgame/796
84614,Silent War: IJN – Imperial Japanese Navy,2010,7.62,5.58,2.67,,102,Yes,https://boardgamegeek.com/boardgame/84614
25603,Simple GBoH Battle Manual,2006,7.39,5.58,2.78,,107,Yes,https://boardgamegeek.com/boardgame/25603
66116,Snapshot,2010,6.21,5.58,1.25,10985,292,No,https://boardgamegeek.com/boardgame/66116
1836,Solarquest,1985,5.92,5.58,1.76,10977,905,No,https://boardgamegeek.com/boardgame/1836
2997,Soldier Kings: The Seven Years War Worldwide,2002,6.38,5.58,2.47,10938,288,No,https://boardgamegeek.com/boardgame/2997
4241,Soldiers: Tactical Combat in 1914-15,1972,7.36,5.58,2.08,10494,128,No,https://boardgamegeek.com/boardgame/4241
105199,Space Mission,2011,5.97,5.58,1.84,11029,491,No,https://boardgamegeek.com/boardgame/105199
22377,Spartacus: Crisis in the Roman Republic  80-71 B.C.,2008,6.77,5.58,3.25,10794,191,No,https://boardgamegeek.com/boardgame/22377
132553,Spartacus: Hadrianus Promo Card,2012,7.52,5.58,1.33,,105,Yes,https://boardgamegeek.com/boardgame/132553
21469,Spectral Rails,2011,6.3,5.58,2.5,10687,272,No,https://boardgamegeek.com/boardgame/21469
6976,St-Lô: Normandy 1944 – The Breakout Begins,1986,7.23,5.58,2.94,10684,127,No,https://boardgamegeek.com/boardgame/6976
1901,Star Fleet Battle Force,2001,6.55,5.58,2.03,10804,241,No,https://boardgamegeek.com/boardgame/1901
127438,Star Wars: Angriff der Klonkrieger,2012,6.33,5.58,2.0,10617,261,No,https://boardgamegeek.com/boardgame/127438
2524,StarForce 'Alpha Centauri': Interstellar Conflict in the 25th Century,1974,6.42,5.58,3.44,10427,309,No,https://boardgamegeek.com/boardgame/2524
104575,Steam Torpedo: First Contact,2011,6.12,5.58,2.43,10422,470,No,https://boardgamegeek.com/boardgame/104575
5939,Stonewall: The Battle of Kernstown,1978,6.72,5.58,3.0,10808,203,No,https://boardgamegeek.com/boardgame/5939
38858,Strada Romana,2009,6.14,5.58,2.11,10557,387,No,https://boardgamegeek.com/boardgame/38858
124566,Super Dungeon Explore: Herald of Vulcanis,2013,7.25,5.58,2.5,,124,Yes,https://boardgamegeek.com/boardgame/124566
99655,Swinging Jivecat Voodoo Lounge,2016,6.39,5.58,2.59,10572,242,No,https://boardgamegeek.com/boardgame/99655
6121,Tablut,1700,6.38,5.58,2.53,10887,280,No,https://boardgamegeek.com/boardgame/6121
39406,Talat,2008,6.26,5.58,2.0,10935,267,No,https://boardgamegeek.com/boardgame/39406
19665,Tara: Ireland's Royal Board Game,2004,6.19,5.58,2.07,10997,332,No,https://boardgamegeek.com/boardgame/19665
40182,Telepathy,2008,6.59,5.58,2.0,11035,198,No,https://boardgamegeek.com/boardgame/40182
93185,Tetris Link,2011,5.99,5.58,1.28,10840,582,No,https://boardgamegeek.com/boardgame/93185
19903,The Battle of Monmouth,2008,7.91,5.58,3.87,10978,104,No,https://boardgamegeek.com/boardgame/19903
48863,The BattleTech Compendium,1990,7.57,5.58,3.75,10851,100,No,https://boardgamegeek.com/boardgame/48863
8954,The Battles of Waterloo,1994,6.57,5.58,3.39,11066,222,No,https://boardgamegeek.com/boardgame/8954
1370,The Classic Dungeon,1992,6.12,5.58,1.43,10939,440,No,https://boardgamegeek.com/boardgame/1370
5242,The Game of Y,1953,7.18,5.58,3.03,10558,136,No,https://boardgamegeek.com/boardgame/5242
2728,The Generals,1980,6.82,5.58,1.84,10944,235,No,https://boardgamegeek.com/boardgame/2728
10149,The Great War in Europe,1995,6.75,5.58,3.64,11104,159,No,https://boardgamegeek.com/boardgame/10149
31443,"The Habit of Victory: From Warsaw to Eylau to Friedland, 1806-7",2007,7.61,5.58,3.2,10615,109,No,https://boardgamegeek.com/boardgame/31443
799,The Hills Rise Wild!,2000,6.43,5.58,2.45,10835,274,No,https://boardgamegeek.com/boardgame/799
7748,The Italian Front: 1915-1918,2003,7.73,5.58,2.92,11089,100,No,https://boardgamegeek.com/boardgame/7748
66080,"The Lost Cause: The American Civil War, 1861-1865",2010,7.31,5.58,2.57,10459,136,No,https://boardgamegeek.com/boardgame/66080
2256,The Magnificent Race,1975,6.33,5.58,1.16,10481,314,No,https://boardgamegeek.com/boardgame/2256
317,The Mob,1993,6.46,5.58,1.85,10757,232,No,https://boardgamegeek.com/boardgame/317
5021,The Struggle of Nations,1982,6.33,5.58,4.3,11033,295,No,https://boardgamegeek.com/boardgame/5021
3966,The Succession Wars,1987,6.43,5.58,2.97,10824,280,No,https://boardgamegeek.com/boardgame/3966
140638,The Walking Dead Board Game: The Best Defense,2013,6.01,5.58,2.02,10550,644,No,https://boardgamegeek.com/boardgame/140638
10579,The War for the Union,1992,7.09,5.58,3.74,11050,150,No,https://boardgamegeek.com/boardgame/10579
2376,The Wreck of the B.S.M. Pandora,1980,6.57,5.58,2.26,10588,228,No,https://boardgamegeek.com/boardgame/2376
7576,Thingamajig,2003,6.39,5.58,1.53,10871,218,No,https://boardgamegeek.com/boardgame/7576
2844,Throneworld,1997,6.65,5.58,3.45,10875,178,No,https://boardgamegeek.com/boardgame/2844
39210,Tier auf Tier: Das Duell,2008,6.33,5.58,1.0,11036,239,No,https://boardgamegeek.com/boardgame/39210
27938,Tortuga,2007,6.18,5.58,1.88,10911,338,No,https://boardgamegeek.com/boardgame/27938
32146,Trailer Park Wars,2007,6.08,5.58,1.61,10707,614,No,https://boardgamegeek.com/boardgame/32146
35865,"Treasure, Ready, Go!",2008,6.84,5.58,1.0,10998,146,No,https://boardgamegeek.com/boardgame/35865
35472,Triovision,2008,6.34,5.58,1.32,10836,284,No,https://boardgamegeek.com/boardgame/35472
1709,Trireme: Tactical Game of Ancient Naval Warfare 494 BC-370 AD,1971,6.5,5.58,2.53,10497,258,No,https://boardgamegeek.com/boardgame/1709
7975,Triumph & Glory: Battles of the Napoleonic Wars 1796-1809,2000,6.78,5.58,2.72,10525,175,No,https://boardgamegeek.com/boardgame/7975
25537,Trötofant,2005,6.82,5.58,1.0,10782,153,No,https://boardgamegeek.com/boardgame/25537
16693,UNO H2O,2004,6.01,5.58,1.13,11034,662,No,https://boardgamegeek.com/boardgame/16693
6926,Viking Raiders,1987,7.2,5.58,2.41,10574,135,No,https://boardgamegeek.com/boardgame/6926
18824,WWE Raw Deal,2000,6.82,5.58,2.58,10425,194,No,https://boardgamegeek.com/boardgame/18824
5171,War Without Mercy,1998,6.96,5.58,3.44,10440,166,No,https://boardgamegeek.com/boardgame/5171
93819,War of Honor,2011,6.63,5.58,3.35,10665,198,No,https://boardgamegeek.com/boardgame/93819
39169,"Warhammer 40,000: Codex",1994,7.08,5.58,3.4,10814,134,No,https://boardgamegeek.com/boardgame/39169
28691,Warhammer Armies: Army Books,,6.8,5.58,2.86,,189,Yes,https://boardgamegeek.com/boardgame/28691
43984,Warhammer Quest: Witch Hunter,1996,7.51,5.58,2.5,,111,Yes,https://boardgamegeek.com/boardgame/43984
90489,Warhammer: Invasion – The Twin Tailed Comet,2011,7.51,5.58,2.5,,112,Yes,https://boardgamegeek.com/boardgame/90489
17277,Warmachine: Apotheosis,2005,7.65,5.58,3.7,,117,Yes,https://boardgamegeek.com/boardgame/17277
3466,WarpWar,1977,6.37,5.58,2.04,10797,299,No,https://boardgamegeek.com/boardgame/3466
59576,Weiß Schwarz,2007,7.01,5.58,2.62,10546,174,No,https://boardgamegeek.com/boardgame/59576
74678,West Riding Revisited,2010,7.05,5.58,3.38,10884,128,No,https://boardgamegeek.com/boardgame/74678
7753,When Eagles Fight,1993,6.63,5.58,2.73,10679,191,No,https://boardgamegeek.com/boardgame/7753
10559,Why Did the Chicken...?,2004,6.11,5.58,1.22,10473,398,No,https://boardgamegeek.com/boardgame/10559
7365,"Wilson's Creek: The West's First Fight, August 10, 1861",1980,6.62,5.58,3.32,10512,216,No,https://boardgamegeek.com/boardgame/7365
38904,Wind River,2008,6.47,5.58,2.16,10577,248,No,https://boardgamegeek.com/boardgame/38904
2742,Wings: World War One Plane to Plane Combat 1916-1918,1981,7.16,5.58,3.29,10489,143,No,https://boardgamegeek.com/boardgame/2742
35599,Witchcraft,2008,6.31,5.58,2.81,10598,270,No,https://boardgamegeek.com/boardgame/35599
32149,Word Blur,2007,6.88,5.58,1.24,10982,158,No,https://boardgamegeek.com/boardgame/32149
110897,Yggdrasil: Vidar Promo,2011,6.93,5.58,2.38,,135,Yes,https://boardgamegeek.com/boardgame/110897
47218,Yikerz!,2009,6.15,5.58,1.24,10552,409,No,https://boardgamegeek.com/boardgame/47218
1997,Zargo's Lords: Magic Duels for World Power,1979,6.75,5.58,2.85,10760,214,No,https://boardgamegeek.com/boardgame/1997
9149,Zitternix,2000,5.97,5.58,1.02,11075,476,No,https://boardgamegeek.com/boardgame/9149
136521,Zombicide Survivor: Kyoko,2013,7.17,5.58,2.67,,149,Yes,https://boardgamegeek.com/boardgame/136521
32311,Zooloretto: Building Sites,2007,6.2,5.58,1.5,,326,Yes,https://boardgamegeek.com/boardgame/32311
34853,Zooloretto: Job Boards,2008,6.91,5.58,2.0,,150,Yes,https://boardgamegeek.com/boardgame/34853
39106,Zooloretto: The Gorilla,2008,6.6,5.58,1.71,,204,Yes,https://boardgamegeek.com/boardgame/39106
11093,Zorndorf,1996,7.52,5.58,4.12,10431,124,No,https://boardgamegeek.com/boardgame/11093
93194,011,2011,6.05,5.57,2.8,11314,457,No,https://boardgamegeek.com/boardgame/93194
8702,1807: The Eagles Turn East,1994,7.09,5.57,3.41,11213,140,No,https://boardgamegeek.com/boardgame/8702
3724,1809: Napoleon's Danube Campaign,1984,6.54,5.57,3.38,11473,197,No,https://boardgamegeek.com/boardgame/3724
13924,1829 Mainline,2005,6.69,5.57,3.95,11215,156,No,https://boardgamegeek.com/boardgame/13924
41849,1866: The Struggle for Supremacy in Germany,2016,6.93,5.57,3.31,11618,139,No,https://boardgamegeek.com/boardgame/41849
6916,1941: Operation Barbarossa,1981,6.8,5.57,2.05,11867,146,No,https://boardgamegeek.com/boardgame/6916
83068,1955: The War of Espionage,2010,6.05,5.57,2.14,11534,398,No,https://boardgamegeek.com/boardgame/83068
114249,1st & Goal: Northeast Division,2011,7.14,5.57,1.75,,110,Yes,https://boardgamegeek.com/boardgame/114249
99132,2019: The ARCTIC,2011,6.8,5.57,3.96,11400,163,No,https://boardgamegeek.com/boardgame/99132
25182,24/7: The Game,2006,6.12,5.57,1.89,11134,346,No,https://boardgamegeek.com/boardgame/25182
56774,A Touch of Evil: Delion Dryad,,7.37,5.57,2.14,,106,Yes,https://boardgamegeek.com/boardgame/56774
21324,Abande,2005,7.04,5.57,2.93,11810,116,No,https://boardgamegeek.com/boardgame/21324
6504,Ace of Aces: Wingleader,1988,6.6,5.57,1.78,11565,189,No,https://boardgamegeek.com/boardgame/6504
549,Aerodrome,1994,7.56,5.57,2.23,11274,100,No,https://boardgamegeek.com/boardgame/549
3237,Against the Reich,1986,6.91,5.57,3.12,11160,149,No,https://boardgamegeek.com/boardgame/3237
109012,Agricola: De Lage Landen,2012,6.9,5.57,3.71,,136,Yes,https://boardgamegeek.com/boardgame/109012
127721,Airborne In Your Pocket,2019,6.72,5.57,1.45,11605,157,No,https://boardgamegeek.com/boardgame/127721
55911,Albion,2009,6.01,5.57,2.48,11303,395,No,https://boardgamegeek.com/boardgame/55911
3246,Albion: Land of Faerie,1981,6.68,5.57,2.81,11654,151,No,https://boardgamegeek.com/boardgame/3246
20623,Alien City,2002,7.12,5.57,3.18,11124,118,No,https://boardgamegeek.com/boardgame/20623
128152,Among the Stars: Ambassadorial Shuttle,2012,6.86,5.57,1.86,,133,Yes,https://boardgamegeek.com/boardgame/128152
55756,Anno Domini: Europa,2009,6.66,5.57,1.22,11248,162,No,https://boardgamegeek.com/boardgame/55756
17925,Anno Domini: Im Namen des Gesetzes,2003,6.73,5.57,1.43,11711,138,No,https://boardgamegeek.com/boardgame/17925
18058,Anno Domini: Spiel des Jahres,2004,6.31,5.57,1.57,11214,228,No,https://boardgamegeek.com/boardgame/18058
4991,Apples to Apples Kids,2001,6.0,5.57,1.07,11553,406,No,https://boardgamegeek.com/boardgame/4991
7970,Arctic Storm: The Russo-Finnish Winter War 1939-40,1992,6.72,5.57,3.15,11211,160,No,https://boardgamegeek.com/boardgame/7970
109064,Ascension: Chronicle of the Godslayer – Control Room Promo,2011,6.96,5.57,2.0,,127,Yes,https://boardgamegeek.com/boardgame/109064
114448,Ascension: Storm of Souls – Soul Collector Promo,2011,7.06,5.57,1.89,,124,Yes,https://boardgamegeek.com/boardgame/114448
135160,Ascension: Theme Pack – Samael Claus,2012,6.88,5.57,2.2,,133,Yes,https://boardgamegeek.com/boardgame/135160
1772,Asteroid,1980,6.64,5.57,2.25,11775,168,No,https://boardgamegeek.com/boardgame/1772
29656,Athens & Sparta,2007,6.53,5.57,2.76,11324,210,No,https://boardgamegeek.com/boardgame/29656
35276,Attack! Deluxe Expansion,2009,6.93,5.57,3.07,,144,Yes,https://boardgamegeek.com/boardgame/35276
9833,Au fil de l'épée,2002,7.46,5.57,2.68,11196,114,No,https://boardgamegeek.com/boardgame/9833
91668,Avanti,2011,6.33,5.57,1.67,11650,228,No,https://boardgamegeek.com/boardgame/91668
71676,Back to the Future: The Card Game,2010,5.78,5.57,1.74,11503,1189,No,https://boardgamegeek.com/boardgame/71676
2553,Bali,1954,6.47,5.57,1.75,11631,198,No,https://boardgamegeek.com/boardgame/2553
6974,Barbu,1930,6.6,5.57,2.12,11626,157,No,https://boardgamegeek.com/boardgame/6974
12266,Barren Victory,1991,7.44,5.57,3.27,11609,105,No,https://boardgamegeek.com/boardgame/12266
4278,Battle Over Britain,1983,6.6,5.57,3.94,11203,203,No,https://boardgamegeek.com/boardgame/4278
72799,Battle for Stalingrad,2014,6.72,5.57,1.94,11363,168,No,https://boardgamegeek.com/boardgame/72799
5607,Battle of the Bulge,1991,6.3,5.57,2.21,11413,264,No,https://boardgamegeek.com/boardgame/5607
1588,Bauernschlau,1991,6.21,5.57,1.6,11817,253,No,https://boardgamegeek.com/boardgame/1588
4395,Bean Trader,2002,5.81,5.57,2.19,11507,770,No,https://boardgamegeek.com/boardgame/4395
6264,Bohnaparte,2004,5.83,5.57,2.14,,680,Yes,https://boardgamegeek.com/boardgame/6264
31419,Bohnröschen,2007,6.57,5.57,2.0,,165,Yes,https://boardgamegeek.com/boardgame/31419
3053,Bonaparte in Italy,1979,7.19,5.57,3.08,11123,126,No,https://boardgamegeek.com/boardgame/3053
1160,Boom Town,1990,6.54,5.57,1.84,11529,170,No,https://boardgamegeek.com/boardgame/1160
671,Bull Run: The First Major Battle of the American Civil War,1983,6.42,5.57,2.84,11834,241,No,https://boardgamegeek.com/boardgame/671
88559,Bullfrog Goldfield,2011,6.66,5.57,3.56,11715,152,No,https://boardgamegeek.com/boardgame/88559
34001,Burgen Land,2008,6.11,5.57,1.42,11870,310,No,https://boardgamegeek.com/boardgame/34001
2885,C.V.: A Game of the Battle of Midway,1979,7.34,5.57,3.82,11741,111,No,https://boardgamegeek.com/boardgame/2885
35662,Caesar XL: The Roman Civil War 50 - 44 BC,2008,7.03,5.57,2.05,11510,115,No,https://boardgamegeek.com/boardgame/35662
1324,Café International: Das Kartenspiel,2001,5.75,5.57,1.32,11429,1048,No,https://boardgamegeek.com/boardgame/1324
3133,Captain Park's Imaginary Polar Expedition,2002,6.07,5.57,1.55,11355,377,No,https://boardgamegeek.com/boardgame/3133
129710,Card City,2012,5.95,5.57,2.0,11539,440,No,https://boardgamegeek.com/boardgame/129710
23311,Carrousel,2006,6.28,5.57,1.28,11450,235,No,https://boardgamegeek.com/boardgame/23311
13920,"Chickamauga: The Last Victory, 20 September 1863",1975,7.06,5.57,2.06,11335,122,No,https://boardgamegeek.com/boardgame/13920
724,Chill: Black Morn Manor,1985,6.0,5.57,2.06,11521,438,No,https://boardgamegeek.com/boardgame/724
62143,Circus Train,2010,6.93,5.57,2.79,11777,115,No,https://boardgamegeek.com/boardgame/62143
132427,City of Horror: Lawn Mower,2012,6.85,5.57,2.71,,140,Yes,https://boardgamegeek.com/boardgame/132427
3015,Claim,1983,6.38,5.57,2.29,11865,205,No,https://boardgamegeek.com/boardgame/3015
128098,Clash of Wills: Shiloh 1862,2012,6.6,5.57,2.32,11712,157,No,https://boardgamegeek.com/boardgame/128098
1294,Clue,1949,5.69,5.57,1.64,11163,22786,No,https://boardgamegeek.com/boardgame/1294
88922,Clue: Card Game,2010,5.85,5.57,1.26,11726,846,No,https://boardgamegeek.com/boardgame/88922
109296,Clue: World of Harry Potter,2011,6.22,5.57,1.78,11901,337,No,https://boardgamegeek.com/boardgame/109296
31553,Cobra: The Normandy Campaign,2008,7.01,5.57,3.09,11646,126,No,https://boardgamegeek.com/boardgame/31553
109922,Combat Infantry: WestFront 1944-45,2017,7.25,5.57,2.67,11689,119,No,https://boardgamegeek.com/boardgame/109922
17204,Control Nut!,2005,6.31,5.57,1.93,11461,229,No,https://boardgamegeek.com/boardgame/17204
2541,Cosmic Cows,2001,5.9,5.57,1.06,11126,686,No,https://boardgamegeek.com/boardgame/2541
4720,Cosmic Encounter: Expansion Set #6,1981,6.92,5.57,2.83,,115,Yes,https://boardgamegeek.com/boardgame/4720
19646,Cowabunga,2005,5.87,5.57,1.27,11311,604,No,https://boardgamegeek.com/boardgame/19646
891,Cranium,1998,5.69,5.57,1.42,11238,10097,No,https://boardgamegeek.com/boardgame/891
5718,Cranium Cariboo,1998,6.09,5.57,1.05,11742,366,No,https://boardgamegeek.com/boardgame/5718
111172,Crooks,2012,6.13,5.57,1.44,11758,351,No,https://boardgamegeek.com/boardgame/111172
111827,D-Day Dice: Badges,2012,6.83,5.57,1.6,,135,Yes,https://boardgamegeek.com/boardgame/111827
133835,Dark Empire: Revolution,2013,6.49,5.57,2.56,11352,194,No,https://boardgamegeek.com/boardgame/133835
97094,Dark Minions,2011,6.06,5.57,2.15,11202,424,No,https://boardgamegeek.com/boardgame/97094
2388,Dark Nebula,1980,6.47,5.57,2.29,11859,204,No,https://boardgamegeek.com/boardgame/2388
355,Das letzte Paradies,1993,6.14,5.57,1.81,11665,285,No,https://boardgamegeek.com/boardgame/355
6641,Desert Steel,1989,7.09,5.57,3.05,11535,127,No,https://boardgamegeek.com/boardgame/6641
130908,Desperados,2012,6.43,5.57,2.27,11728,176,No,https://boardgamegeek.com/boardgame/130908
130999,Diavolo,2012,5.95,5.57,1.12,11476,489,No,https://boardgamegeek.com/boardgame/130999
10973,Dice Games Properly Explained,1999,6.73,5.57,1.8,,149,No,https://boardgamegeek.com/boardgame/10973
55090,Dice Town: The Indians,2009,6.65,5.57,1.71,,152,Yes,https://boardgamegeek.com/boardgame/55090
15173,Die Insel,2005,6.77,5.57,1.91,11387,148,No,https://boardgamegeek.com/boardgame/15173
389,Die Mauer,1997,6.1,5.57,1.29,11366,311,No,https://boardgamegeek.com/boardgame/389
21046,Die Siedler von Catan: Atlantis – Szenarien & Varianten,2005,6.76,5.57,2.22,,171,Yes,https://boardgamegeek.com/boardgame/21046
397,Diskwars,1999,5.96,5.57,2.37,11340,544,No,https://boardgamegeek.com/boardgame/397
23828,Dixie: Gettysburg,1994,6.55,5.57,2.13,11279,197,No,https://boardgamegeek.com/boardgame/23828
23829,Dixie: Shiloh,1994,6.56,5.57,2.35,11720,190,No,https://boardgamegeek.com/boardgame/23829
73510,Drakborgen II,1987,7.0,5.57,2.22,,145,Yes,https://boardgamegeek.com/boardgame/73510
3624,Drakon Expansion 1,2002,6.62,5.57,2.08,,174,Yes,https://boardgamegeek.com/boardgame/3624
139140,Drum Roll: Kickstarter Promo Cards,2013,7.28,5.57,2.44,,110,Yes,https://boardgamegeek.com/boardgame/139140
18228,Duel of Ages: Prestige Pack,2003,7.19,5.57,3.0,,114,Yes,https://boardgamegeek.com/boardgame/18228
70324,Duel of the Giants: Eastern Front,2010,6.43,5.57,2.55,11313,237,No,https://boardgamegeek.com/boardgame/70324
18212,Dungeons & Dragons Adventure Game,1999,6.5,5.57,2.44,11895,188,No,https://boardgamegeek.com/boardgame/18212
4746,Dungeons & Dragons Computer Labyrinth Game,1980,6.12,5.57,1.7,11825,383,No,https://boardgamegeek.com/boardgame/4746
38703,EVE: Conquests,2009,6.28,5.57,3.43,11287,298,No,https://boardgamegeek.com/boardgame/38703
24085,EVE: The Second Genesis,2006,6.58,5.57,2.76,11417,205,No,https://boardgamegeek.com/boardgame/24085
32171,El Club de los Martes,2007,7.06,5.57,2.04,11118,148,No,https://boardgamegeek.com/boardgame/32171
47125,El Erudito,2008,6.7,5.57,1.56,11552,189,No,https://boardgamegeek.com/boardgame/47125
44805,Epic Munchkin,2003,6.6,5.57,2.5,,193,Yes,https://boardgamegeek.com/boardgame/44805
54372,Erosion,2009,6.22,5.57,2.04,11477,256,No,https://boardgamegeek.com/boardgame/54372
22947,Exxit,2006,6.9,5.57,2.5,11293,148,No,https://boardgamegeek.com/boardgame/22947
127275,Fairy Land,2012,6.48,5.57,2.06,11402,193,No,https://boardgamegeek.com/boardgame/127275
120305,Farmerama,2012,6.14,5.57,2.09,11292,329,No,https://boardgamegeek.com/boardgame/120305
84088,Fauna Junior,2010,6.81,5.57,1.43,11415,144,No,https://boardgamegeek.com/boardgame/84088
593,Favoriten,1989,6.41,5.57,1.33,11802,188,No,https://boardgamegeek.com/boardgame/593
13976,Feudo,2004,6.12,5.57,2.94,11599,331,No,https://boardgamegeek.com/boardgame/13976
5142,Fighting Sail: Sea Combat in the Age of Canvas and Shot 1775-1815,1981,6.75,5.57,2.85,11228,175,No,https://boardgamegeek.com/boardgame/5142
193,Fill or Bust,1981,5.85,5.57,1.15,11560,837,No,https://boardgamegeek.com/boardgame/193
2699,Fire Team,1987,6.97,5.57,3.0,11779,137,No,https://boardgamegeek.com/boardgame/2699
93540,Five Points: Gangs of New York,2013,6.19,5.57,2.58,11894,261,No,https://boardgamegeek.com/boardgame/93540
13729,Flandern 1302,2004,5.92,5.57,2.33,11109,541,No,https://boardgamegeek.com/boardgame/13729
121670,Fleet: Salvage Yard Licenses,2012,7.19,5.57,2.12,,102,Yes,https://boardgamegeek.com/boardgame/121670
17895,For Whom the Bell Tolls,1995,7.05,5.57,3.86,11410,124,No,https://boardgamegeek.com/boardgame/17895
57803,Forlorn: Hope,2010,6.76,5.57,2.1,11567,141,No,https://boardgamegeek.com/boardgame/57803
2475,Frag: Death Match,2001,6.39,5.57,1.93,,210,Yes,https://boardgamegeek.com/boardgame/2475
76728,Freeze,2010,7.07,5.57,1.11,11718,106,No,https://boardgamegeek.com/boardgame/76728
29078,Frontiers: Liberty or Death!,2007,6.21,5.57,2.28,11898,267,No,https://boardgamegeek.com/boardgame/29078
5294,Fury in the West,1977,6.66,5.57,2.67,11591,175,No,https://boardgamegeek.com/boardgame/5294
5202,GIPF Project Set 1,1999,6.95,5.57,3.19,,120,Yes,https://boardgamegeek.com/boardgame/5202
4364,"Gaines Mill: The Battles of the Seven Days, June 1862, Volume 1",1997,7.28,5.57,3.43,11856,105,No,https://boardgamegeek.com/boardgame/4364
135530,Gettysburg 150,2013,7.17,5.57,2.15,11823,101,No,https://boardgamegeek.com/boardgame/135530
93537,Giza: The Great Pyramid,2012,6.36,5.57,2.94,11283,229,No,https://boardgamegeek.com/boardgame/93537
6584,Grave Robbers II: Skippy's Revenge,2003,6.19,5.57,1.32,11295,326,No,https://boardgamegeek.com/boardgame/6584
4916,"Great War at Sea: 1904-1905, The Russo-Japanese War",1999,6.66,5.57,2.46,11854,168,No,https://boardgamegeek.com/boardgame/4916
23761,Guadalajara,2006,6.59,5.57,2.93,11351,198,No,https://boardgamegeek.com/boardgame/23761
97377,Hail Caesar: Battles with Model Soldiers in the Ancient Era,2011,7.2,5.57,3.0,11440,120,No,https://boardgamegeek.com/boardgame/97377
5014,Hands Up,2002,5.98,5.57,1.08,11158,496,No,https://boardgamegeek.com/boardgame/5014
116877,Heroica: Ilrion,2012,6.32,5.57,1.47,11426,245,No,https://boardgamegeek.com/boardgame/116877
94734,Heroica: Nathuz,2011,5.95,5.57,1.48,11635,536,No,https://boardgamegeek.com/boardgame/94734
10659,Hex Hex,2003,5.83,5.57,1.29,11634,867,No,https://boardgamegeek.com/boardgame/10659
1356,Hexen Rennen,2001,6.27,5.57,1.4,11724,258,No,https://boardgamegeek.com/boardgame/1356
46362,High Noon Saloon,2011,6.18,5.57,1.62,11191,366,No,https://boardgamegeek.com/boardgame/46362
17382,History of the Roman Empire,2008,6.41,5.57,2.63,11483,233,No,https://boardgamegeek.com/boardgame/17382
129979,Hornet Leader: Cthulhu Conflict,2013,7.44,5.57,2.6,,100,Yes,https://boardgamegeek.com/boardgame/129979
12622,Hour of Glory: Stronghold Kit,2004,7.24,5.57,2.63,11682,119,No,https://boardgamegeek.com/boardgame/12622
24270,Hoyuk,2006,6.15,5.57,2.56,11348,420,No,https://boardgamegeek.com/boardgame/24270
93001,IceDice,2011,6.23,5.57,1.14,11886,263,No,https://boardgamegeek.com/boardgame/93001
71099,Ingenious Challenges,2010,5.88,5.57,1.38,,497,No,https://boardgamegeek.com/boardgame/71099
30179,Inside,2007,6.47,5.57,2.0,11179,212,No,https://boardgamegeek.com/boardgame/30179
5333,Invasion: Norway,1995,7.02,5.57,3.6,11706,115,No,https://boardgamegeek.com/boardgame/5333
36241,Israeli Independence: The First Arab-Israeli War,2008,6.34,5.57,1.22,11885,258,No,https://boardgamegeek.com/boardgame/36241
37875,Iwo Jima: Rage Against the Marines,2008,6.95,5.57,2.23,11863,113,No,https://boardgamegeek.com/boardgame/37875
3369,John Carter: Warlord of Mars,1979,6.68,5.57,3.1,11705,182,No,https://boardgamegeek.com/boardgame/3369
964,Kapitän Wackelpudding,1994,6.29,5.57,1.14,11678,214,No,https://boardgamegeek.com/boardgame/964
29138,Katamino Duo,2006,6.61,5.57,1.33,11378,181,No,https://boardgamegeek.com/boardgame/29138
1780,Knights of Camelot,1980,6.6,5.57,2.33,11852,184,No,https://boardgamegeek.com/boardgame/1780
4377,Ladybohn,2002,6.55,5.57,2.0,,165,Yes,https://boardgamegeek.com/boardgame/4377
378,Lancashire Railways,1998,6.89,5.57,3.14,11701,120,No,https://boardgamegeek.com/boardgame/378
76810,Last Call: The Bartender Game,2010,6.12,5.57,1.46,11457,319,No,https://boardgamegeek.com/boardgame/76810
6554,Lawless,2003,6.03,5.57,1.82,11288,419,No,https://boardgamegeek.com/boardgame/6554
7502,Leros,1996,7.03,5.57,3.82,11165,142,No,https://boardgamegeek.com/boardgame/7502
6352,Lord of the Rings,2003,5.91,5.57,1.25,11622,570,No,https://boardgamegeek.com/boardgame/6352
102275,Lord of the Rings: The Adventure Deck Game,2011,6.9,5.57,1.62,11447,152,No,https://boardgamegeek.com/boardgame/102275
19878,Lucca Città,2005,5.94,5.57,1.73,11443,474,No,https://boardgamegeek.com/boardgame/19878
55158,Luna Llena: Full Moon,2009,6.35,5.57,2.75,11875,221,No,https://boardgamegeek.com/boardgame/55158
1205,Luxor,2001,6.18,5.57,1.43,11281,330,No,https://boardgamegeek.com/boardgame/1205
97939,Lyssan,2012,6.76,5.57,3.68,11579,165,No,https://boardgamegeek.com/boardgame/97939
85245,Magician's Kitchen,2010,6.18,5.57,1.11,11222,288,No,https://boardgamegeek.com/boardgame/85245
28574,Magiczny Miecz,1993,6.31,5.57,1.97,11723,280,No,https://boardgamegeek.com/boardgame/28574
14452,Marengo,1995,6.89,5.57,3.53,11171,146,No,https://boardgamegeek.com/boardgame/14452
9108,Masquerade,2003,6.02,5.57,2.29,11816,408,No,https://boardgamegeek.com/boardgame/9108
107638,Master Merchant,2011,6.06,5.57,2.1,11687,347,No,https://boardgamegeek.com/boardgame/107638
1501,Masterpiece,1970,5.78,5.57,1.44,11318,1950,No,https://boardgamegeek.com/boardgame/1501
34060,Memoir '44: Winter 2007 Scenario,2007,7.39,5.57,1.56,,112,Yes,https://boardgamegeek.com/boardgame/34060
26961,Moai,2007,6.28,5.57,2.72,11220,255,No,https://boardgamegeek.com/boardgame/26961
1670,Modern Naval Battles II: The Campaign Game,1990,6.81,5.57,2.25,,155,Yes,https://boardgamegeek.com/boardgame/1670
1671,Modern Naval Battles III,1990,6.83,5.57,2.14,,139,Yes,https://boardgamegeek.com/boardgame/1671
2443,MotorChamp,2000,6.61,5.57,1.95,11373,175,No,https://boardgamegeek.com/boardgame/2443
60245,Mummy's Treasure,2009,6.51,5.57,1.12,11205,183,No,https://boardgamegeek.com/boardgame/60245
129358,Munchkin Apocalypse: Mars Attacks!,2014,7.07,5.57,2.0,,124,Yes,https://boardgamegeek.com/boardgame/129358
11058,Munchkin Blender,2004,5.87,5.57,1.83,,878,Yes,https://boardgamegeek.com/boardgame/11058
54434,Munchkin Kill-O-Meter,2009,6.43,5.57,1.77,,260,Yes,https://boardgamegeek.com/boardgame/54434
2342,Mystery Mansion,1984,6.19,5.57,1.83,11173,390,No,https://boardgamegeek.com/boardgame/2342
139629,Mythe,2012,5.88,5.57,1.33,11289,621,No,https://boardgamegeek.com/boardgame/139629
71886,Na Grunwald: Rycerze króla Jagiełły,2010,6.59,5.57,2.29,11255,186,No,https://boardgamegeek.com/boardgame/71886
109285,Nations in Arms: Valmy to Waterloo,2012,7.29,5.57,3.89,11813,115,No,https://boardgamegeek.com/boardgame/109285
836,New England Railways,2000,6.58,5.57,2.59,11540,167,No,https://boardgamegeek.com/boardgame/836
1251,New World,1990,6.04,5.57,2.55,11536,366,No,https://boardgamegeek.com/boardgame/1251
20235,Niagara: Diamond Joe,2005,6.27,5.57,1.77,,242,Yes,https://boardgamegeek.com/boardgame/20235
5641,Nightmare,1991,5.96,5.57,1.78,11197,1134,No,https://boardgamegeek.com/boardgame/5641
19918,No Stress Chess,2004,6.25,5.57,2.29,11414,277,No,https://boardgamegeek.com/boardgame/19918
91430,None of a Kind,2011,6.1,5.57,1.25,11122,353,No,https://boardgamegeek.com/boardgame/91430
85592,Norenberc: Bonus Townsmen,2010,6.94,5.57,3.71,,122,Yes,https://boardgamegeek.com/boardgame/85592
1312,Nur Peanuts!,2001,6.21,5.57,1.7,11249,282,No,https://boardgamegeek.com/boardgame/1312
14017,Oceania,2004,5.78,5.57,1.45,11323,979,No,https://boardgamegeek.com/boardgame/14017
89767,Off the Dead: Chapitre 1 – Morts à Venice Beach,2011,6.69,5.57,1.91,11794,167,No,https://boardgamegeek.com/boardgame/89767
5992,Operation Grenade: The Battle for the Rhineland 23 Feb. - 5 Mar. '45,1981,6.51,5.57,2.67,11729,190,No,https://boardgamegeek.com/boardgame/5992
5751,"Operation Mercury: The German Airborne Assault on Crete, 1941",1992,7.24,5.57,3.5,11193,125,No,https://boardgamegeek.com/boardgame/5751
9803,Operation Michael,2002,6.92,5.57,2.67,11679,137,No,https://boardgamegeek.com/boardgame/9803
111193,Ora et Labora: Loamy Landscape,2011,7.13,5.57,2.75,,109,Yes,https://boardgamegeek.com/boardgame/111193
2975,Origins of World War II,1971,6.03,5.57,2.03,11453,473,No,https://boardgamegeek.com/boardgame/2975
3663,"Outreach: The Conquest of the Galaxy, 3000AD",1976,6.59,5.57,3.34,11142,199,No,https://boardgamegeek.com/boardgame/3663
5573,Outremer,1987,7.07,5.57,2.56,11739,112,No,https://boardgamegeek.com/boardgame/5573
107799,Panic Station: Survival Kit Mini Expansion,2011,6.35,5.57,2.25,,231,Yes,https://boardgamegeek.com/boardgame/107799
14503,Panzer Leader 1940,1978,7.06,5.57,2.88,,130,Yes,https://boardgamegeek.com/boardgame/14503
26745,"PanzerBlitz: Hill of Death – The Battle for Hill 112, Normandy 1944",2009,6.79,5.57,2.88,11243,181,No,https://boardgamegeek.com/boardgame/26745
93400,Paperclip Railways,2011,6.48,5.57,2.5,11799,177,No,https://boardgamegeek.com/boardgame/93400
18961,Paranoia Mandatory Bonus Fun! Card Game,2005,5.98,5.57,1.75,11663,468,No,https://boardgamegeek.com/boardgame/18961
126278,Peloponnes: Goat Expansion,2012,7.08,5.57,2.4,,100,Yes,https://boardgamegeek.com/boardgame/126278
9237,Perryville,1992,7.21,5.57,3.36,11748,112,No,https://boardgamegeek.com/boardgame/9237
4881,Personal Preference,1987,6.62,5.57,1.0,11312,216,No,https://boardgamegeek.com/boardgame/4881
26118,Pirates on the High Seas,2006,6.66,5.57,1.27,11327,162,No,https://boardgamegeek.com/boardgame/26118
34171,Potion-Making: Guild Of Alchemists,2006,6.46,5.57,2.4,,200,Yes,https://boardgamegeek.com/boardgame/34171
56944,Powerboats: Expansion 1,2009,7.07,5.57,1.57,,106,Yes,https://boardgamegeek.com/boardgame/56944
38062,Privacy 2,2008,6.31,5.57,1.23,11316,243,No,https://boardgamegeek.com/boardgame/38062
2060,Probe,1964,5.85,5.57,1.54,11578,879,No,https://boardgamegeek.com/boardgame/2060
22472,Prussia's Defiant Stand,2007,6.7,5.57,2.64,11127,157,No,https://boardgamegeek.com/boardgame/22472
107935,Puzzle Strike Upgrade Pack,2011,7.11,5.57,2.0,,115,Yes,https://boardgamegeek.com/boardgame/107935
4331,Quads,1996,6.19,5.57,1.87,11294,297,No,https://boardgamegeek.com/boardgame/4331
2478,Quirks,1980,6.12,5.57,1.97,11161,322,No,https://boardgamegeek.com/boardgame/2478
66088,Q•bitz,2009,6.1,5.57,1.38,11478,406,No,https://boardgamegeek.com/boardgame/66088
22684,Race the Wind,2007,6.4,5.57,2.52,11736,217,No,https://boardgamegeek.com/boardgame/22684
20074,Railroad Dice 2,2005,6.3,5.57,2.39,11700,202,No,https://boardgamegeek.com/boardgame/20074
2629,Ramses II,1997,5.8,5.57,1.31,11436,944,No,https://boardgamegeek.com/boardgame/2629
22378,Red Storm over the Reich: The Last Days of the Third Reich,2007,7.05,5.57,3.54,11704,118,No,https://boardgamegeek.com/boardgame/22378
88464,Repello,2010,6.49,5.57,2.0,11135,235,No,https://boardgamegeek.com/boardgame/88464
2213,Revolt on Antares,1981,6.41,5.57,1.97,11574,217,No,https://boardgamegeek.com/boardgame/2213
124356,Richelieu,2012,6.68,5.57,2.82,11652,156,No,https://boardgamegeek.com/boardgame/124356
40667,Ring-O Flamingo,2009,6.18,5.57,1.05,11744,261,No,https://boardgamegeek.com/boardgame/40667
126789,Risk: Halo Legendary Edition,2012,6.38,5.57,2.42,11861,264,No,https://boardgamegeek.com/boardgame/126789
4121,Road to the Rhine,1979,7.03,5.57,3.16,11253,130,No,https://boardgamegeek.com/boardgame/4121
1558,Rogue Trooper,1987,6.11,5.57,2.22,11564,381,No,https://boardgamegeek.com/boardgame/1558
21401,Runebound: Runemaster Character Deck,2006,6.56,5.57,2.31,,186,Yes,https://boardgamegeek.com/boardgame/21401
21422,Runebound: Spiritbound Character Deck,2006,6.65,5.57,2.2,,172,Yes,https://boardgamegeek.com/boardgame/21422
21421,Runebound: Wildlander Character Deck,2006,6.61,5.57,2.38,,177,Yes,https://boardgamegeek.com/boardgame/21421
5082,Rush Hour,1981,6.24,5.57,1.33,11190,299,No,https://boardgamegeek.com/boardgame/5082
7114,SOPAC: Naval Action in the South Pacific 1942–1943,1999,7.11,5.57,3.09,11398,138,No,https://boardgamegeek.com/boardgame/7114
10323,Saga,2003,6.57,5.57,1.7,11876,155,No,https://boardgamegeek.com/boardgame/10323
825,Screaming Eagles,1987,6.12,5.57,1.34,11113,399,No,https://boardgamegeek.com/boardgame/825
4342,"Screaming Eagles in Holland: The 101st Airborne Division's Defense of Hell's Highway, 22-23 September, 1944",2002,7.36,5.57,3.79,11336,113,No,https://boardgamegeek.com/boardgame/4342
2399,Senet,-3500,5.83,5.57,1.44,11753,954,No,https://boardgamegeek.com/boardgame/2399
100172,Seven Sisters,2012,6.67,5.57,2.41,11667,161,No,https://boardgamegeek.com/boardgame/100172
3223,Sherlock Holmes Consulting Detective: Adventures by Gaslight,1986,7.39,5.57,2.89,,104,Yes,https://boardgamegeek.com/boardgame/3223
38764,Shuuro,2008,7.49,5.57,3.26,11860,131,No,https://boardgamegeek.com/boardgame/38764
540,Sisimizi,1996,6.26,5.57,1.96,11174,262,No,https://boardgamegeek.com/boardgame/540
1572,Situation 4,1968,6.59,5.57,1.64,11479,173,No,https://boardgamegeek.com/boardgame/1572
19464,Soccer Tactics World,2006,6.08,5.57,1.84,11790,357,No,https://boardgamegeek.com/boardgame/19464
765,Space Walk,1999,5.99,5.57,1.52,11369,421,No,https://boardgamegeek.com/boardgame/765
5332,Split (Revised Edition),2001,6.2,5.57,1.59,11544,298,No,https://boardgamegeek.com/boardgame/5332
26147,Split Personality,2006,6.23,5.57,1.07,11695,234,No,https://boardgamegeek.com/boardgame/26147
4651,Stalingrad,1963,6.15,5.57,2.22,11879,522,No,https://boardgamegeek.com/boardgame/4651
23611,Star Fleet Battles: Commander's Rulebook,1983,7.38,5.57,4.18,,100,Yes,https://boardgamegeek.com/boardgame/23611
673,Star Traders,1987,6.34,5.57,2.3,11596,221,No,https://boardgamegeek.com/boardgame/673
23878,Star Wars: Stolen Plans Card Game,2006,6.47,5.57,1.08,11625,197,No,https://boardgamegeek.com/boardgame/23878
37429,StarCraft: Typhon Promotion,2008,7.15,5.57,2.31,,133,Yes,https://boardgamegeek.com/boardgame/37429
24996,Start Player: A Kinda Collectible Card Game,2006,6.54,5.57,1.0,11223,192,No,https://boardgamegeek.com/boardgame/24996
3887,Stock Market Game,1963,6.27,5.57,1.95,11523,370,No,https://boardgamegeek.com/boardgame/3887
100473,String Railway: Transport,2011,6.77,5.57,1.83,11284,141,No,https://boardgamegeek.com/boardgame/100473
3977,Strong Stuff!,2002,6.41,5.57,1.0,11668,190,No,https://boardgamegeek.com/boardgame/3977
7537,Subulata,2003,6.5,5.57,2.19,11893,167,No,https://boardgamegeek.com/boardgame/7537
31612,Sultan,2007,5.99,5.57,1.24,11730,413,No,https://boardgamegeek.com/boardgame/31612
19537,Sun of York: The War of the Roses 1453-1485,2005,6.45,5.57,2.33,11582,207,No,https://boardgamegeek.com/boardgame/19537
24491,Supernova,2008,6.04,5.57,2.98,11749,396,No,https://boardgamegeek.com/boardgame/24491
60126,Take it Higher!,2009,6.71,5.57,2.15,11221,152,No,https://boardgamegeek.com/boardgame/60126
8071,Tannenberg and the Opening Battles in the East 1914,1978,6.42,5.57,3.04,11833,193,No,https://boardgamegeek.com/boardgame/8071
30966,Tempête sur l'Échiquier,1989,6.79,5.57,1.62,,141,No,https://boardgamegeek.com/boardgame/30966
252,The Battle of Borodino: Napoleon in Russia 1812,1972,6.76,5.57,2.07,11120,180,No,https://boardgamegeek.com/boardgame/252
16538,The Battle of Five Armies,2005,7.19,5.57,3.22,11237,127,No,https://boardgamegeek.com/boardgame/16538
4449,The Battle of Monmouth,1982,6.78,5.57,2.64,11391,148,No,https://boardgamegeek.com/boardgame/4449
33030,The Drive on Metz (Second Edition),2008,6.29,5.57,1.49,11140,261,No,https://boardgamegeek.com/boardgame/33030
134275,The Duke: Robert E. Howard Expansion,2013,7.32,5.57,3.0,,101,Yes,https://boardgamegeek.com/boardgame/134275
7637,The Fall of France,1981,6.95,5.57,4.1,11892,135,No,https://boardgamegeek.com/boardgame/7637
5195,The Farming Game,1979,5.97,5.57,1.67,11781,1050,No,https://boardgamegeek.com/boardgame/5195
1187,The Fellowship of the Ring,1983,6.22,5.57,3.57,11513,314,No,https://boardgamegeek.com/boardgame/1187
746,"The Game of France, 1940: German Blitzkrieg in the West",1971,5.98,5.57,2.68,11271,591,No,https://boardgamegeek.com/boardgame/746
38923,"The God Kings: Warfare at the Dawn of Civilization, 1500 – 1260BC",2012,6.84,5.57,2.89,11514,139,No,https://boardgamegeek.com/boardgame/38923
103847,"The Good, the Bad, and the Munchkin 2: Beating a Dead Horse",2012,6.82,5.57,1.6,,169,Yes,https://boardgamegeek.com/boardgame/103847
449,The Great Balloon Race,1991,6.19,5.57,1.35,11251,293,No,https://boardgamegeek.com/boardgame/449
94375,The Great Game: Rival Empires in Central Asia 1837-1886,2018,7.01,5.57,2.13,11430,134,No,https://boardgamegeek.com/boardgame/94375
8070,The Great War in the East: Four World War 1 Battles,1978,7.18,5.57,3.18,,106,No,https://boardgamegeek.com/boardgame/8070
1189,The King's War: The First English Civil War 1642-1646,1989,7.1,5.57,3.4,11821,109,No,https://boardgamegeek.com/boardgame/1189
7718,The Penguin Ultimatum,2003,6.2,5.57,1.84,11698,269,No,https://boardgamegeek.com/boardgame/7718
38837,The Pocket at Falaise,2009,7.04,5.57,2.78,11469,112,No,https://boardgamegeek.com/boardgame/38837
3531,The Return of the Stainless Steel Rat,1981,6.68,5.57,2.56,11874,148,No,https://boardgamegeek.com/boardgame/3531
6558,The Secret Door,1991,6.11,5.57,1.06,11703,329,No,https://boardgamegeek.com/boardgame/6558
39066,"The Supreme Commander: World War II in Europe, 1939-1945",2013,6.56,5.57,3.26,11246,206,No,https://boardgamegeek.com/boardgame/39066
10272,Thirty Years War Quad (Second Edition),1995,6.91,5.57,2.36,11526,127,No,https://boardgamegeek.com/boardgame/10272
18103,Tien Len,,6.83,5.57,1.91,11518,157,No,https://boardgamegeek.com/boardgame/18103
211,Times to Remember,1992,6.29,5.57,1.24,11499,249,No,https://boardgamegeek.com/boardgame/211
6516,Titan Legions,1994,6.92,5.57,2.58,11608,134,No,https://boardgamegeek.com/boardgame/6516
3517,Tornado Rex,1991,6.95,5.57,1.13,11601,176,No,https://boardgamegeek.com/boardgame/3517
138317,Trains and Stations,2013,5.77,5.57,1.83,11154,921,No,https://boardgamegeek.com/boardgame/138317
741,Trajan,1991,6.91,5.57,3.19,11354,130,No,https://boardgamegeek.com/boardgame/741
21955,Treehouse,2006,5.82,5.57,1.31,11630,867,No,https://boardgamegeek.com/boardgame/21955
81850,Trigger!,2010,6.18,5.57,1.0,11423,296,No,https://boardgamegeek.com/boardgame/81850
8381,"Truck Stop, A Car Wars Supplement",1983,6.6,5.57,3.08,,172,Yes,https://boardgamegeek.com/boardgame/8381
26736,Ukraine '44,2006,7.41,5.57,2.42,11349,104,No,https://boardgamegeek.com/boardgame/26736
67161,Ultimate Werewolf: Classic Movie Monsters,2010,7.11,5.57,1.2,,115,Yes,https://boardgamegeek.com/boardgame/67161
139032,Upon a Fable,2013,6.23,5.57,2.43,11497,288,No,https://boardgamegeek.com/boardgame/139032
5548,VII Legio,1982,7.23,5.57,3.2,11880,108,No,https://boardgamegeek.com/boardgame/5548
31658,Verflixxt hoch 2,2007,6.74,5.57,1.73,,141,Yes,https://boardgamegeek.com/boardgame/31658
332,Vernissage,1993,6.3,5.57,2.75,11640,224,No,https://boardgamegeek.com/boardgame/332
38944,Via Romana,2008,6.34,5.57,2.26,11629,208,No,https://boardgamegeek.com/boardgame/38944
31198,War at Sea (Third Edition),2007,7.05,5.57,1.88,11433,117,No,https://boardgamegeek.com/boardgame/31198
43977,Warhammer Quest: Chaos Warrior,1995,7.38,5.57,3.33,,100,Yes,https://boardgamegeek.com/boardgame/43977
18615,Warmaster Ancients,2005,7.37,5.57,2.6,11176,121,No,https://boardgamegeek.com/boardgame/18615
94255,Warparty,2013,7.34,5.57,2.77,11367,159,No,https://boardgamegeek.com/boardgame/94255
4425,Waterloo: Napoleon's Last Battle,2002,6.0,5.57,2.77,11291,440,No,https://boardgamegeek.com/boardgame/4425
861,Weapons & Warriors:  Castle Combat Set,1993,6.07,5.57,1.25,11306,568,No,https://boardgamegeek.com/boardgame/861
12367,Weapons of Mass Destruction,2004,6.51,5.57,1.48,11504,215,No,https://boardgamegeek.com/boardgame/12367
9288,Who? What? Where?,2003,6.86,5.57,1.45,11434,146,No,https://boardgamegeek.com/boardgame/9288
13077,Wizard's Garden,2004,6.92,5.57,1.67,11330,143,No,https://boardgamegeek.com/boardgame/13077
22606,"Won by the Sword: Great Campaigns of the Thirty Years War, Vol. 1",2014,6.61,5.57,2.65,11187,208,No,https://boardgamegeek.com/boardgame/22606
1912,World Cup Tournament Football,1993,6.38,5.57,1.64,11395,218,No,https://boardgamegeek.com/boardgame/1912
1757,Yacht Race,1960,7.1,5.57,2.0,11181,131,No,https://boardgamegeek.com/boardgame/1757
139384,Zombicide Survivor: Dakota,2013,7.49,5.57,2.5,,100,Yes,https://boardgamegeek.com/boardgame/139384
40825,Zooloretto: Rio Grande Games Expansion Pack #2,2009,6.93,5.57,1.93,,124,Yes,https://boardgamegeek.com/boardgame/40825
2212,eBay Electronic Talking Auction Game,2001,5.95,5.57,1.26,11791,410,No,https://boardgamegeek.com/boardgame/2212
114252,1st & Goal: Northwest Division,2011,7.18,5.56,1.6,,102,Yes,https://boardgamegeek.com/boardgame/114252
114253,1st & Goal: Southwest Division,2011,7.15,5.56,1.6,,101,Yes,https://boardgamegeek.com/boardgame/114253
2173,4 Player Chess,1881,5.97,5.56,2.89,12385,508,No,https://boardgamegeek.com/boardgame/2173
73312,4 Seasons,2010,6.14,5.56,1.82,12476,261,No,https://boardgamegeek.com/boardgame/73312
6814,"8th Army: Operation Crusader – The Winter Battles for Tobruk, 1941",1984,6.81,5.56,2.86,12003,136,No,https://boardgamegeek.com/boardgame/6814
13455,A Call to Arms: Babylon 5 Space Combat,2004,6.7,5.56,2.78,12162,145,No,https://boardgamegeek.com/boardgame/13455
86445,"A Victory Complete: The Battle of Tannenberg, 1914",2011,7.02,5.56,2.25,12040,102,No,https://boardgamegeek.com/boardgame/86445
416,A to Z,1992,6.08,5.56,1.48,12455,285,No,https://boardgamegeek.com/boardgame/416
8815,Academia,1989,6.84,5.56,1.36,12699,134,No,https://boardgamegeek.com/boardgame/8815
9577,"Across Suez: The Battle of the Chinese Farm October 15, 1973",1980,6.33,5.56,2.07,12278,199,No,https://boardgamegeek.com/boardgame/9577
4421,Ad Acta,2002,6.13,5.56,2.73,12566,233,No,https://boardgamegeek.com/boardgame/4421
53840,Adventure of D,2010,6.65,5.56,2.08,12749,126,No,https://boardgamegeek.com/boardgame/53840
2078,"Aegean Strike: Land, Air, and Sea Combat in the Eastern Mediterranean",1986,6.48,5.56,4.23,12407,208,No,https://boardgamegeek.com/boardgame/2078
7089,Afrika Korps: The Desert War – Platoon Level Combat in World War II: A Panzer Grenadier Game,2002,6.41,5.56,2.62,12096,194,No,https://boardgamegeek.com/boardgame/7089
107820,Airlines Europe: Flight Ban,2011,6.59,5.56,2.38,,151,Yes,https://boardgamegeek.com/boardgame/107820
124787,Alcatraz: The Scapegoat – Maximum Security,2012,6.75,5.56,2.56,,125,Yes,https://boardgamegeek.com/boardgame/124787
45319,Alcazar,2009,6.05,5.56,2.77,12160,308,No,https://boardgamegeek.com/boardgame/45319
85964,Alien Frontiers: Matter Extractor,2010,6.87,5.56,2.17,,124,Yes,https://boardgamegeek.com/boardgame/85964
17995,Anno Domini: Sport,2000,6.54,5.56,1.36,12256,149,No,https://boardgamegeek.com/boardgame/17995
36788,Anno Domini: Wort Schrift Buch,2007,6.76,5.56,1.5,12714,114,No,https://boardgamegeek.com/boardgame/36788
5802,Apples to Apples: Expansion Set #4,2002,6.42,5.56,1.24,,196,Yes,https://boardgamegeek.com/boardgame/5802
4146,"Arcola: The Battle for Italy, 1796",1979,6.29,5.56,2.47,12006,228,No,https://boardgamegeek.com/boardgame/4146
9177,Armchair Cricket,1981,6.49,5.56,1.91,12692,181,No,https://boardgamegeek.com/boardgame/9177
414,Around the World in 80 Days,1986,6.0,5.56,1.65,12568,354,No,https://boardgamegeek.com/boardgame/414
70097,Arriala: Canal de Garonne,2010,6.34,5.56,2.33,12583,198,No,https://boardgamegeek.com/boardgame/70097
117836,Ascension: Storm of Souls – Askara of Fortune Promo,2012,6.87,5.56,2.0,,116,Yes,https://boardgamegeek.com/boardgame/117836
1881,Atmosfear: The Harbingers,1995,6.07,5.56,1.95,12023,576,No,https://boardgamegeek.com/boardgame/1881
17274,Attacktix Battle Figure Game: Star Wars,2005,6.2,5.56,1.26,11957,299,No,https://boardgamegeek.com/boardgame/17274
772,Ausbrecher AG,1985,6.09,5.56,1.33,12080,314,No,https://boardgamegeek.com/boardgame/772
5183,Austerlitz,1993,6.55,5.56,3.2,12776,146,No,https://boardgamegeek.com/boardgame/5183
1237,Autoscooter,1999,6.2,5.56,2.14,12461,220,No,https://boardgamegeek.com/boardgame/1237
35198,Axis & Allies: War at Sea – Task Force Booster Pack,2008,7.26,5.56,2.12,,100,Yes,https://boardgamegeek.com/boardgame/35198
6282,Azhanti High Lightning,1980,6.44,5.56,2.29,12363,179,No,https://boardgamegeek.com/boardgame/6282
86128,Barons,2011,5.87,5.56,2.33,12136,488,No,https://boardgamegeek.com/boardgame/86128
44558,Beer & Pretzels,2009,6.08,5.56,1.0,12564,276,No,https://boardgamegeek.com/boardgame/44558
19544,Berserk: Trading Card Game,2003,7.2,5.56,3.1,12806,240,No,https://boardgamegeek.com/boardgame/19544
13314,"Beyond Normandy: The British Advance, 1944 – A Panzer Grenadier Game",2004,6.84,5.56,2.75,12274,126,No,https://boardgamegeek.com/boardgame/13314
5278,Bloody Kasserine,1992,6.46,5.56,2.33,12433,155,No,https://boardgamegeek.com/boardgame/5278
4848,Blue & Gray II: Four Civil War Battles,1975,6.65,5.56,2.08,,145,No,https://boardgamegeek.com/boardgame/4848
34450,Bluff,1973,6.49,5.56,1.0,12159,169,No,https://boardgamegeek.com/boardgame/34450
68876,Boots on the Ground,2010,6.4,5.56,1.9,12140,196,No,https://boardgamegeek.com/boardgame/68876
98975,Boudicca: The Warrior Queen,2012,7.06,5.56,2.5,12017,103,No,https://boardgamegeek.com/boardgame/98975
5831,Britain Stands Alone,1994,6.65,5.56,3.2,11934,153,No,https://boardgamegeek.com/boardgame/5831
3084,Buccaneer,1938,6.05,5.56,1.35,12369,386,No,https://boardgamegeek.com/boardgame/3084
5940,Bug Hunter Sniper!,1988,7.0,5.56,3.0,11922,106,No,https://boardgamegeek.com/boardgame/5940
8280,Bundeswehr:  Nato's Front Line,1986,7.22,5.56,3.0,,102,Yes,https://boardgamegeek.com/boardgame/8280
20122,Bunte Runde,2005,6.15,5.56,1.17,12371,271,No,https://boardgamegeek.com/boardgame/20122
32312,Burg Appenzell Erweiterung: Völlig mausgeflippt,2007,6.86,5.56,1.62,,106,Yes,https://boardgamegeek.com/boardgame/32312
30057,Burger Joint,2009,5.83,5.56,1.84,12413,623,No,https://boardgamegeek.com/boardgame/30057
43245,Caesar's Gallic War,2009,7.0,5.56,2.41,12166,123,No,https://boardgamegeek.com/boardgame/43245
41392,Call of Cthulhu: The Card Game – The Mountains of Madness Asylum Pack,2008,6.97,5.56,2.67,,102,Yes,https://boardgamegeek.com/boardgame/41392
96765,CardFight!! Vanguard,2011,6.71,5.56,2.67,12789,207,No,https://boardgamegeek.com/boardgame/96765
35706,Carpe Astra,2008,5.91,5.56,2.61,12516,447,No,https://boardgamegeek.com/boardgame/35706
2444,Carrier Strike!,1977,6.16,5.56,1.44,12406,301,No,https://boardgamegeek.com/boardgame/2444
1738,Castle of Magic,1991,6.19,5.56,2.5,12241,245,No,https://boardgamegeek.com/boardgame/1738
19505,Catchphrase,1974,6.17,5.56,1.0,12303,258,No,https://boardgamegeek.com/boardgame/19505
4604,Chez Greek,2002,5.93,5.56,1.46,12533,486,No,https://boardgamegeek.com/boardgame/4604
29030,Chicago Poker,2007,5.84,5.56,1.75,12000,602,No,https://boardgamegeek.com/boardgame/29030
7204,China Moon,1996,5.85,5.56,1.59,12432,503,No,https://boardgamegeek.com/boardgame/7204
4436,Cityfight: Modern Combat in the Urban Environment,1979,6.81,5.56,4.27,12582,131,No,https://boardgamegeek.com/boardgame/4436
9300,Clay-O-Rama,1987,6.66,5.56,1.25,12155,141,No,https://boardgamegeek.com/boardgame/9300
3269,Clue: The Card Game,2002,5.83,5.56,1.55,12265,755,No,https://boardgamegeek.com/boardgame/3269
22652,Coloretto for Two Players,2006,6.67,5.56,1.2,,129,Yes,https://boardgamegeek.com/boardgame/22652
30991,Confrontation: The Age of the Rag'Narok,2007,6.52,5.56,3.4,12078,187,No,https://boardgamegeek.com/boardgame/30991
15271,Contrario,2001,6.03,5.56,1.11,12105,345,No,https://boardgamegeek.com/boardgame/15271
6854,Cranium Booster Box 1,1999,6.22,5.56,1.73,,237,Yes,https://boardgamegeek.com/boardgame/6854
801,Crimean War Battles,1978,6.88,5.56,2.69,12593,105,No,https://boardgamegeek.com/boardgame/801
4959,"Crusader: The 8th Army's Winter Victory, Nov-Dec 1941",1997,6.6,5.56,2.5,12320,158,No,https://boardgamegeek.com/boardgame/4959
1919,D-Day (3rd Edition),1977,6.06,5.56,2.49,12325,420,No,https://boardgamegeek.com/boardgame/1919
102198,D-Day Dice: Distinguished Service Pack,2012,6.86,5.56,1.6,,102,Yes,https://boardgamegeek.com/boardgame/102198
101949,D-Day Dice: Flare Pouch,2012,6.82,5.56,1.82,,118,Yes,https://boardgamegeek.com/boardgame/101949
113108,D-Day Dice: MGF Dice,2012,6.71,5.56,1.78,,116,Yes,https://boardgamegeek.com/boardgame/113108
27736,Dead of Night,2007,7.02,5.56,2.22,12175,126,No,https://boardgamegeek.com/boardgame/27736
17729,Death Test,1978,6.82,5.56,1.93,,143,Yes,https://boardgamegeek.com/boardgame/17729
33018,Deathride: Mars-la-Tour 1870,2008,7.1,5.56,2.48,12124,101,No,https://boardgamegeek.com/boardgame/33018
3523,Decision At Kasserine: Rommel's Last Chance,1983,7.11,5.56,2.89,12064,108,No,https://boardgamegeek.com/boardgame/3523
558,Der weiße Lotus,2000,6.18,5.56,2.86,12352,246,No,https://boardgamegeek.com/boardgame/558
20253,Diaballik,2004,6.49,5.56,2.08,12788,146,No,https://boardgamegeek.com/boardgame/20253
2936,Dice Run,2002,5.91,5.56,1.41,12344,436,No,https://boardgamegeek.com/boardgame/2936
6555,Diceland: Space,2003,6.48,5.56,1.54,12154,169,No,https://boardgamegeek.com/boardgame/6555
3231,Die Sieben Weisen,2002,6.02,5.56,2.4,11931,320,No,https://boardgamegeek.com/boardgame/3231
75313,"Dixit 2: ""The American"" Promo Card",2010,7.04,5.56,1.14,,114,Yes,https://boardgamegeek.com/boardgame/75313
138728,Domus Domini,2015,6.54,5.56,2.5,12212,154,No,https://boardgamegeek.com/boardgame/138728
23055,Dragons of Kir,2005,6.62,5.56,1.91,12357,153,No,https://boardgamegeek.com/boardgame/23055
12135,Drive on Stalingrad (Second Edition),2002,6.94,5.56,2.33,12809,117,No,https://boardgamegeek.com/boardgame/12135
5480,Drive on Stalingrad: Battle for Southern Russia Game,1977,6.55,5.56,3.35,12056,193,No,https://boardgamegeek.com/boardgame/5480
14781,Drôles de Zèbres,2004,6.16,5.56,1.5,12765,225,No,https://boardgamegeek.com/boardgame/14781
1555,Dungeon Dice,1977,5.94,5.56,1.17,12165,459,No,https://boardgamegeek.com/boardgame/1555
7828,Eagles of the Empire: Preussisch-Eylau,1999,6.7,5.56,2.65,12228,135,No,https://boardgamegeek.com/boardgame/7828
15069,Ekonos,2004,6.68,5.56,2.44,12463,146,No,https://boardgamegeek.com/boardgame/15069
835,Election,1972,6.85,5.56,2.62,12729,103,No,https://boardgamegeek.com/boardgame/835
2343,Electronic Talking Mystery Mansion,1995,6.48,5.56,1.4,12349,208,No,https://boardgamegeek.com/boardgame/2343
135019,Elephant Rally,2014,6.29,5.56,1.5,12023,232,No,https://boardgamegeek.com/boardgame/135019
7771,En Garde!,1975,6.81,5.56,2.23,12294,129,No,https://boardgamegeek.com/boardgame/7771
104736,Et Toque!,2011,6.91,5.56,1.5,12147,112,No,https://boardgamegeek.com/boardgame/104736
15386,Eye to Eye,2004,6.42,5.56,1.05,12185,167,No,https://boardgamegeek.com/boardgame/15386
3181,Farkle,1930,5.69,5.56,1.11,12246,3758,No,https://boardgamegeek.com/boardgame/3181
74233,Fictionaire,2010,6.15,5.56,1.1,12195,251,No,https://boardgamegeek.com/boardgame/74233
23658,Fiery Dragons,2006,6.1,5.56,1.2,12510,281,No,https://boardgamegeek.com/boardgame/23658
39862,Flapjacks & Sasquatches,2008,6.05,5.56,1.5,12708,413,No,https://boardgamegeek.com/boardgame/39862
258,Fluxx,1997,5.68,5.56,1.39,12370,18942,No,https://boardgamegeek.com/boardgame/258
114934,Food Fight: Snack Attack,2012,6.93,5.56,1.5,,103,Yes,https://boardgamegeek.com/boardgame/114934
12459,Fortress Berlin,2004,6.46,5.56,3.65,12684,162,No,https://boardgamegeek.com/boardgame/12459
22509,Four Battles of Army Group South,1979,7.04,5.56,2.88,,116,No,https://boardgamegeek.com/boardgame/22509
79531,Frag Gold Edition: FTW,2010,6.35,5.56,2.33,,202,Yes,https://boardgamegeek.com/boardgame/79531
461,Freibeuter,1998,6.31,5.56,1.86,11919,209,No,https://boardgamegeek.com/boardgame/461
103647,Friesematenten: Die Schattenmänner,2011,6.65,5.56,2.29,,154,Yes,https://boardgamegeek.com/boardgame/103647
4235,Fulda Gap: The First Battle of the Next War,1977,6.42,5.56,3.17,12764,181,No,https://boardgamegeek.com/boardgame/4235
4202,GD '41,1996,7.06,5.56,3.38,12137,122,No,https://boardgamegeek.com/boardgame/4202
23931,Gene Pool,2006,6.38,5.56,1.57,11999,198,No,https://boardgamegeek.com/boardgame/23931
140772,Gloom: TableTop Promo Expansion,2013,7.09,5.56,2.0,,115,Yes,https://boardgamegeek.com/boardgame/140772
6559,Glory II: Across the Rappahannock,2002,6.6,5.56,2.79,12323,164,No,https://boardgamegeek.com/boardgame/6559
15180,Go West!,2005,5.75,5.56,2.25,12570,774,No,https://boardgamegeek.com/boardgame/15180
37982,God Dice,2008,6.35,5.56,1.47,12718,235,No,https://boardgamegeek.com/boardgame/37982
401,Gold Connection,1992,6.4,5.56,1.83,12384,167,No,https://boardgamegeek.com/boardgame/401
290,Gold Digger,1990,5.78,5.56,1.18,12354,772,No,https://boardgamegeek.com/boardgame/290
2778,Gondor: The Siege of Minas Tirith,1977,6.24,5.56,2.61,12183,288,No,https://boardgamegeek.com/boardgame/2778
2472,Grave Robbers from Outer Space,2001,5.78,5.56,1.49,12182,996,No,https://boardgamegeek.com/boardgame/2472
3694,Great Medieval Battles: Four Battles from the Middle Ages,1979,6.93,5.56,2.31,,113,No,https://boardgamegeek.com/boardgame/3694
34152,Grind,2009,6.34,5.56,2.68,12449,237,No,https://boardgamegeek.com/boardgame/34152
1375,Guadalcanal,1992,6.56,5.56,2.6,12297,178,No,https://boardgamegeek.com/boardgame/1375
7177,Guadalcanal: Semper Fi Series,2003,6.66,5.56,2.52,12678,122,No,https://boardgamegeek.com/boardgame/7177
140779,Guardians' Chronicles,2014,6.39,5.56,2.77,11945,230,No,https://boardgamegeek.com/boardgame/140779
1250,Hacker,1992,5.93,5.56,2.23,12738,448,No,https://boardgamegeek.com/boardgame/1250
136146,Hell's Gate,2013,6.78,5.56,2.05,12065,126,No,https://boardgamegeek.com/boardgame/136146
2339,HellRail: Third Perdition,2001,5.84,5.56,2.19,12557,550,No,https://boardgamegeek.com/boardgame/2339
17859,Hex Hex Next,2005,6.29,5.56,1.5,12099,217,No,https://boardgamegeek.com/boardgame/17859
42688,Hibernia,2009,6.17,5.56,1.73,12594,245,No,https://boardgamegeek.com/boardgame/42688
314,Highlanders,1993,6.18,5.56,2.0,12614,231,No,https://boardgamegeek.com/boardgame/314
8721,Hof Gap: The Nurnberg Pincer,1980,7.03,5.56,3.6,11936,125,No,https://boardgamegeek.com/boardgame/8721
128114,Hooyah: Navy Seals Card Game,2012,6.22,5.56,2.04,12491,223,No,https://boardgamegeek.com/boardgame/128114
9616,Horus,2008,5.87,5.56,2.19,12586,491,No,https://boardgamegeek.com/boardgame/9616
7501,Hunters from the Sky,1994,6.73,5.56,3.29,12261,133,No,https://boardgamegeek.com/boardgame/7501
60056,Igel Ärgern + Tante Tarantel,2009,6.86,5.56,1.33,,117,No,https://boardgamegeek.com/boardgame/60056
13933,Im Auftrag des Königs,2004,6.08,5.56,2.09,12326,291,No,https://boardgamegeek.com/boardgame/13933
31410,Im Reich der Jadegöttin,2007,6.27,5.56,2.06,12648,189,No,https://boardgamegeek.com/boardgame/31410
124000,Inception,2011,6.63,5.56,2.19,12785,165,No,https://boardgamegeek.com/boardgame/124000
17623,Inferno,2005,6.05,5.56,1.25,12669,302,No,https://boardgamegeek.com/boardgame/17623
64805,Infinite City: Guild Hall and Salvage Yard,2009,6.87,5.56,2.0,,103,Yes,https://boardgamegeek.com/boardgame/64805
7849,Introduction to Advanced Dungeons & Dragons,1995,7.12,5.56,2.8,12827,103,No,https://boardgamegeek.com/boardgame/7849
27574,Island Fortress,2013,6.3,5.56,2.89,12430,247,No,https://boardgamegeek.com/boardgame/27574
19212,Island Of D 2: The Shadow of Dawn,2005,6.6,5.56,1.71,12119,159,No,https://boardgamegeek.com/boardgame/19212
10186,JENA!,1996,7.03,5.56,2.86,12244,125,No,https://boardgamegeek.com/boardgame/10186
21463,John Silver,2006,6.05,5.56,1.71,12335,297,No,https://boardgamegeek.com/boardgame/21463
4510,Johnny Reb III: Regimental Grand Tactical American Civil War Miniatures Rules,1996,7.3,5.56,3.5,12629,100,No,https://boardgamegeek.com/boardgame/4510
14036,Jok-R-ummy,1986,6.1,5.56,1.43,11986,325,No,https://boardgamegeek.com/boardgame/14036
8843,June 6,1999,6.7,5.56,3.2,12249,126,No,https://boardgamegeek.com/boardgame/8843
2857,Jungle Jam,2000,6.21,5.56,1.26,11975,257,No,https://boardgamegeek.com/boardgame/2857
18946,Just Desserts,2015,5.73,5.56,1.32,12084,1679,No,https://boardgamegeek.com/boardgame/18946
4330,Kanaloa,2002,6.14,5.56,2.22,12172,308,No,https://boardgamegeek.com/boardgame/4330
585,Kardinal,2000,6.53,5.56,2.17,12419,142,No,https://boardgamegeek.com/boardgame/585
2204,Kill Doctor Lucky: Craigdarroch,1998,6.38,5.56,1.55,,173,Yes,https://boardgamegeek.com/boardgame/2204
20772,King of Chicago,2005,6.58,5.56,2.55,12483,188,No,https://boardgamegeek.com/boardgame/20772
771,Kings and Castles,2000,6.61,5.56,2.62,11913,149,No,https://boardgamegeek.com/boardgame/771
135812,Knot Dice,2016,6.57,5.56,1.25,12849,139,No,https://boardgamegeek.com/boardgame/135812
82948,Konexi,2010,6.22,5.56,1.25,12484,236,No,https://boardgamegeek.com/boardgame/82948
49261,Kraby,2009,6.17,5.56,2.08,12569,241,No,https://boardgamegeek.com/boardgame/49261
26859,Kragmortha,2007,5.74,5.56,1.39,12200,1389,No,https://boardgamegeek.com/boardgame/26859
910,Kunst Stücke,1995,6.39,5.56,2.38,11995,180,No,https://boardgamegeek.com/boardgame/910
9077,La Grande Armée: The Campaigns of Napoleon in Central Europe,1972,6.8,5.56,2.68,12790,123,No,https://boardgamegeek.com/boardgame/9077
129858,La Venise du Nord,2012,6.41,5.56,2.71,12416,167,No,https://boardgamegeek.com/boardgame/129858
28004,Legendary Dungeoneer: Wrath of the Serpent Goddess,2007,6.67,5.56,2.62,11943,151,No,https://boardgamegeek.com/boardgame/28004
24078,Lightning: North Africa on to Tobruk!,2006,6.57,5.56,2.05,12588,147,No,https://boardgamegeek.com/boardgame/24078
3581,"Lion of the North: The Dawn of Modern Warfare, 1631-1632",1993,6.48,5.56,3.64,12642,168,No,https://boardgamegeek.com/boardgame/3581
25768,Long Live the King,2006,6.65,5.56,3.0,12847,142,No,https://boardgamegeek.com/boardgame/25768
4668,Lost Treasure,1982,6.22,5.56,1.5,12245,237,No,https://boardgamegeek.com/boardgame/4668
22863,Luck of the Draw,2006,6.55,5.56,1.13,12503,169,No,https://boardgamegeek.com/boardgame/22863
618,MLB Showdown,2000,6.3,5.56,1.94,12697,289,No,https://boardgamegeek.com/boardgame/618
1319,Magic Hill,2001,5.98,5.56,1.58,12743,365,No,https://boardgamegeek.com/boardgame/1319
944,Mag·Blast,1998,5.96,5.56,1.58,12760,390,No,https://boardgamegeek.com/boardgame/944
29386,"Maori Wars: The New Zealand Land Wars, 1845-1872",2018,7.19,5.56,2.57,12047,105,No,https://boardgamegeek.com/boardgame/29386
91425,Map It! World Edition,2011,6.18,5.56,1.1,12504,218,No,https://boardgamegeek.com/boardgame/91425
5178,Marrakesh,2002,6.34,5.56,1.26,12361,196,No,https://boardgamegeek.com/boardgame/5178
31822,Master of Rules,2007,5.91,5.56,1.51,12074,492,No,https://boardgamegeek.com/boardgame/31822
5768,"Matanikau: Battles on the Matanikau River, Guadalcanal, 1942",1993,6.72,5.56,3.38,12673,121,No,https://boardgamegeek.com/boardgame/5768
104340,Meltdown 2020,2011,6.2,5.56,1.85,12532,216,No,https://boardgamegeek.com/boardgame/104340
33159,Middle Kingdom,2008,5.95,5.56,2.0,12226,396,No,https://boardgamegeek.com/boardgame/33159
1373,Midway,1991,6.46,5.56,2.33,12079,189,No,https://boardgamegeek.com/boardgame/1373
42112,Mob Ties: The Board Game,2011,6.71,5.56,2.88,12350,173,No,https://boardgamegeek.com/boardgame/42112
16185,Modern Battles: Four Contemporary Conflicts,1975,6.77,5.56,2.2,,114,No,https://boardgamegeek.com/boardgame/16185
129395,Monopoly Millionaire Deal Card Game,2012,5.92,5.56,1.3,12046,564,No,https://boardgamegeek.com/boardgame/129395
24764,Monopoly: The Mega Edition,2006,6.05,5.56,2.06,12315,680,No,https://boardgamegeek.com/boardgame/24764
112598,Monster Factory,2012,5.78,5.56,1.14,12206,846,No,https://boardgamegeek.com/boardgame/112598
704,Montgolfière,1992,5.84,5.56,1.23,12317,617,No,https://boardgamegeek.com/boardgame/704
30941,Mr. Jack: The Carriage,2006,6.45,5.56,1.78,,146,Yes,https://boardgamegeek.com/boardgame/30941
14337,Munchkin 2/3: L'Ascia o Raddoppia,2004,6.45,5.56,1.36,,177,Yes,https://boardgamegeek.com/boardgame/14337
94915,Munchkin Axe Cop,2011,6.08,5.56,1.74,12343,402,No,https://boardgamegeek.com/boardgame/94915
110583,Munchkin: Skullkickers,2012,6.8,5.56,2.67,,146,Yes,https://boardgamegeek.com/boardgame/110583
22826,Mutant Chronicles Collectible Miniatures Game,2008,6.09,5.56,2.44,12206,346,No,https://boardgamegeek.com/boardgame/22826
2262,Mythology: A Game of Adventure in the Age of Heros,1980,6.7,5.56,3.43,12677,134,No,https://boardgamegeek.com/boardgame/2262
23757,NHL Ice Breaker: The Card Hockey Board Game,2006,6.15,5.56,1.5,11949,314,No,https://boardgamegeek.com/boardgame/23757
8350,Napoleon at Eylau,1977,6.6,5.56,2.19,12271,152,No,https://boardgamegeek.com/boardgame/8350
131616,Nautilus,2012,6.08,5.56,1.53,11961,303,No,https://boardgamegeek.com/boardgame/131616
33514,Neuroshima Hex! Mad Bomber,2007,6.68,5.56,2.5,,153,Yes,https://boardgamegeek.com/boardgame/33514
120316,Nine Worlds,2016,6.4,5.56,2.38,12210,226,No,https://boardgamegeek.com/boardgame/120316
15063,Ninja Burger 2: Sumo-Size Me!,2005,6.26,5.56,1.68,,249,Yes,https://boardgamegeek.com/boardgame/15063
8757,Nordkapp,1983,6.95,5.56,3.23,12176,109,No,https://boardgamegeek.com/boardgame/8757
103666,O Vale dos Monstros,2011,6.7,5.56,1.91,12217,165,No,https://boardgamegeek.com/boardgame/103666
38282,Okko: Yakuza Hazu Akai,2008,7.23,5.56,2.0,,103,Yes,https://boardgamegeek.com/boardgame/38282
261,Olympia 2000 (v. Chr.),1994,6.06,5.56,1.37,12368,287,No,https://boardgamegeek.com/boardgame/261
9112,Omaha: The Bloody Beach,1991,7.19,5.56,4.15,12279,110,No,https://boardgamegeek.com/boardgame/9112
24157,Order of the Stick Adventure Game: The Dungeon of Dorukan,2006,5.73,5.56,2.77,12152,1298,No,https://boardgamegeek.com/boardgame/24157
9792,Oriente,2004,5.81,5.56,2.16,11993,693,No,https://boardgamegeek.com/boardgame/9792
5277,Overlord,1973,7.07,5.56,2.43,12567,105,No,https://boardgamegeek.com/boardgame/5277
20528,Palace,,5.91,5.56,1.11,12656,437,No,https://boardgamegeek.com/boardgame/20528
140163,Pandánte,2014,6.16,5.56,1.95,11949,301,No,https://boardgamegeek.com/boardgame/140163
2881,Panzer Grenadier,1998,6.28,5.56,2.97,12113,255,No,https://boardgamegeek.com/boardgame/2881
63052,Pass the Bomb: Party Edition,2007,5.98,5.56,1.08,12063,392,No,https://boardgamegeek.com/boardgame/63052
77361,Photo Party,2010,6.7,5.56,1.0,11992,141,No,https://boardgamegeek.com/boardgame/77361
4975,Pick Two!,1991,6.32,5.56,1.48,11930,207,No,https://boardgamegeek.com/boardgame/4975
20269,Pikemen,1997,6.99,5.56,2.83,12637,100,No,https://boardgamegeek.com/boardgame/20269
20872,Pizza Box Football Expansion,2005,6.82,5.56,2.05,,108,Yes,https://boardgamegeek.com/boardgame/20872
34170,Potion-Making: University Course,2006,6.29,5.56,2.29,,207,Yes,https://boardgamegeek.com/boardgame/34170
83492,Privacy: Scharf wie Chili,2010,6.43,5.56,1.2,12012,178,No,https://boardgamegeek.com/boardgame/83492
81542,Quest: A Time of Heroes,2010,6.05,5.56,1.87,12590,305,No,https://boardgamegeek.com/boardgame/81542
2366,Quinto,1964,6.15,5.56,1.83,12485,258,No,https://boardgamegeek.com/boardgame/2366
102107,Race to Adventure: The Spirit of the Century Exploration Game,2013,6.02,5.56,1.5,12716,313,No,https://boardgamegeek.com/boardgame/102107
18481,Racetrack,1973,6.34,5.56,1.47,12215,186,No,https://boardgamegeek.com/boardgame/18481
130729,Rancho,2012,6.05,5.56,1.56,12083,360,No,https://boardgamegeek.com/boardgame/130729
6617,Rapidough,1994,6.2,5.56,1.14,12316,282,No,https://boardgamegeek.com/boardgame/6617
10467,Renegade Legion: Leviathan,1989,6.57,5.56,2.92,12394,175,No,https://boardgamegeek.com/boardgame/10467
114784,Rhein: River Trade,2016,6.36,5.56,3.6,12825,170,No,https://boardgamegeek.com/boardgame/114784
113853,"Richard Scarry's Busytown: Busy, Busy Airport Game",2011,6.26,5.56,1.11,12035,237,No,https://boardgamegeek.com/boardgame/113853
50719,RisiKo! Prestige,1998,6.37,5.56,2.08,11968,253,No,https://boardgamegeek.com/boardgame/50719
40638,Risk: Halo Wars Collector's Edition,2009,6.26,5.56,2.22,12630,281,No,https://boardgamegeek.com/boardgame/40638
470,Road to the White House,1992,6.18,5.56,3.55,12560,270,No,https://boardgamegeek.com/boardgame/470
29382,Rock of the Marne,2008,6.59,5.56,2.48,12286,177,No,https://boardgamegeek.com/boardgame/29382
21405,Runebound: Shadow Walker Character Deck,2006,6.53,5.56,2.15,,171,Yes,https://boardgamegeek.com/boardgame/21405
64583,SWAT!,2010,6.15,5.56,1.12,12189,254,No,https://boardgamegeek.com/boardgame/64583
140065,San Guo Sha: Complete Edition,2010,7.35,5.56,2.2,,103,No,https://boardgamegeek.com/boardgame/140065
15911,San Ta Si,2005,6.23,5.56,1.78,12548,214,No,https://boardgamegeek.com/boardgame/15911
29599,Scandaroon,2007,6.59,5.56,2.12,12214,180,No,https://boardgamegeek.com/boardgame/29599
83919,Scattergories Categories,2010,6.11,5.56,1.38,12168,352,No,https://boardgamegeek.com/boardgame/83919
46410,Schinderhannes,2009,6.34,5.56,2.67,11935,192,No,https://boardgamegeek.com/boardgame/46410
94837,Scotland Yard: The Hunt for Mister X,2011,5.94,5.56,1.45,12075,580,No,https://boardgamegeek.com/boardgame/94837
36623,Second World War at Sea: Coral Sea,2010,7.37,5.56,3.07,12580,104,No,https://boardgamegeek.com/boardgame/36623
5702,Second World War at Sea: Eastern Fleet,2001,7.28,5.56,2.73,12254,109,No,https://boardgamegeek.com/boardgame/5702
7064,Senjutsu: Dynamic Samurai Combat,2003,6.61,5.56,2.1,12427,158,No,https://boardgamegeek.com/boardgame/7064
129904,Shadows over Camelot: The Card Game,2012,5.7,5.56,1.94,11927,1295,No,https://boardgamegeek.com/boardgame/129904
38402,Sidibaba,2008,5.86,5.56,2.12,12681,511,No,https://boardgamegeek.com/boardgame/38402
18296,Silk Road,2006,5.86,5.56,2.24,12661,487,No,https://boardgamegeek.com/boardgame/18296
7994,"Silver Bayonet: The First Team in Vietnam, 1965",1990,6.69,5.56,3.0,11983,157,No,https://boardgamegeek.com/boardgame/7994
5241,"Sinai: The Arab-Israeli Wars – '56, '67 and '73",1973,6.22,5.56,2.59,12173,256,No,https://boardgamegeek.com/boardgame/5241
59161,Sitting Ducks Deluxe,2009,6.08,5.56,1.33,12799,256,No,https://boardgamegeek.com/boardgame/59161
19081,Skyline of the World,2005,6.4,5.56,2.47,12529,204,No,https://boardgamegeek.com/boardgame/19081
129280,Skyway Robbery,2015,6.55,5.56,2.57,12104,161,No,https://boardgamegeek.com/boardgame/129280
2995,Sniper!,1973,6.28,5.56,3.29,11955,275,No,https://boardgamegeek.com/boardgame/2995
132425,Snowdonia: Essen 2012 Promo Cards,2012,6.99,5.56,3.17,,103,Yes,https://boardgamegeek.com/boardgame/132425
23915,Solitaire Caesar,2006,6.61,5.56,2.1,12177,163,No,https://boardgamegeek.com/boardgame/23915
130242,Spice Merchant,2012,6.37,5.56,1.17,12461,179,No,https://boardgamegeek.com/boardgame/130242
2229,Spiel,1980,6.16,5.56,1.62,12792,238,No,https://boardgamegeek.com/boardgame/2229
7989,Spooks,2003,6.04,5.56,1.52,11981,383,No,https://boardgamegeek.com/boardgame/7989
86406,Star Borders: Humanity,2010,7.04,5.56,2.0,11965,106,No,https://boardgamegeek.com/boardgame/86406
116981,Star Wars: Battle of Hoth,2012,6.05,5.56,1.14,12556,314,No,https://boardgamegeek.com/boardgame/116981
3152,Star Wars: Starfighter Battle Book,1989,6.62,5.56,1.65,12672,139,No,https://boardgamegeek.com/boardgame/3152
4052,Star Wars: Trading Card Game,2002,5.98,5.56,2.0,12525,519,No,https://boardgamegeek.com/boardgame/4052
2888,Starfire II,1980,6.71,5.56,2.69,12424,145,No,https://boardgamegeek.com/boardgame/2888
15435,Starship Troopers Miniatures Game,2005,6.93,5.56,2.68,12492,150,No,https://boardgamegeek.com/boardgame/15435
109801,Sticky Stickz,2011,6.2,5.56,1.0,12399,238,No,https://boardgamegeek.com/boardgame/109801
130499,Stones of Fate,2015,6.49,5.56,1.63,12714,215,No,https://boardgamegeek.com/boardgame/130499
2978,Stratego 4,1995,6.0,5.56,1.88,11979,447,No,https://boardgamegeek.com/boardgame/2978
85945,Stronghold: Heroes,2010,6.8,5.56,3.25,,115,Yes,https://boardgamegeek.com/boardgame/85945
132799,Student Bodies,2014,6.36,5.56,2.62,12218,251,No,https://boardgamegeek.com/boardgame/132799
4961,Sunda to Sahul,2002,5.98,5.56,2.15,12511,311,No,https://boardgamegeek.com/boardgame/4961
117753,Super Dungeon Explore: Candy and Cola,2011,7.19,5.56,2.0,,111,Yes,https://boardgamegeek.com/boardgame/117753
124558,Super Dungeon Explore: Fireflow Denizens,2012,6.98,5.56,2.0,,102,Yes,https://boardgamegeek.com/boardgame/124558
124556,Super Dungeon Explore: Rock Top Gang,2012,7.16,5.56,2.8,,110,Yes,https://boardgamegeek.com/boardgame/124556
2851,Supremacy: Mega Map,1991,6.85,5.56,2.5,,124,Yes,https://boardgamegeek.com/boardgame/2851
125936,Swing States 2012,2012,6.97,5.56,2.27,12589,108,No,https://boardgamegeek.com/boardgame/125936
5516,Symbioz,1995,6.91,5.56,2.62,11987,115,No,https://boardgamegeek.com/boardgame/5516
73543,Tadaaam!,2010,6.43,5.56,1.23,12837,152,No,https://boardgamegeek.com/boardgame/73543
87893,Take It or Leave It,2010,6.12,5.56,1.37,12114,268,No,https://boardgamegeek.com/boardgame/87893
20847,Take Stock,2006,5.84,5.56,1.79,12469,546,No,https://boardgamegeek.com/boardgame/20847
21769,Talavera & Vimeiro,2007,7.11,5.56,3.69,12755,101,No,https://boardgamegeek.com/boardgame/21769
7922,The 6 Days of Glory,1997,6.69,5.56,2.82,12225,152,No,https://boardgamegeek.com/boardgame/7922
2775,The Battle of Five Armies,1984,6.64,5.56,2.77,12766,125,No,https://boardgamegeek.com/boardgame/2775
5811,The Best of Dragon Magazine Games,1990,6.28,5.56,2.18,,213,No,https://boardgamegeek.com/boardgame/5811
506,The Big Cheese,1998,5.9,5.56,1.35,12213,516,No,https://boardgamegeek.com/boardgame/506
94724,The Big Idea,2011,6.01,5.56,1.0,11985,338,No,https://boardgamegeek.com/boardgame/94724
15270,The Big Idea: More Cards!,2004,6.83,5.56,1.27,,123,Yes,https://boardgamegeek.com/boardgame/15270
104555,The Blue Lion,2011,5.93,5.56,1.28,12537,359,No,https://boardgamegeek.com/boardgame/104555
132444,The Cave: Additional Cave Tiles,2012,7.02,5.56,2.5,,105,Yes,https://boardgamegeek.com/boardgame/132444
13224,The Conquerors: Alexander the Great,2006,6.22,5.56,2.82,12666,209,No,https://boardgamegeek.com/boardgame/13224
122313,The Doge Ship,2012,6.11,5.56,2.65,12319,284,No,https://boardgamegeek.com/boardgame/122313
4358,The Guns of August,1981,5.97,5.56,3.4,12058,672,No,https://boardgamegeek.com/boardgame/4358
15269,The Headlines Game,1989,7.01,5.56,1.0,12224,112,No,https://boardgamegeek.com/boardgame/15269
2903,The Hunt for Red October,1988,6.03,5.56,2.47,12037,444,No,https://boardgamegeek.com/boardgame/2903
86049,The Phantom League: Mostly Harmless,2011,6.93,5.56,3.0,,103,Yes,https://boardgamegeek.com/boardgame/86049
3262,The Powerpuff Girls: Villains at Large Game,2000,6.45,5.56,1.29,12202,170,No,https://boardgamegeek.com/boardgame/3262
14701,The Price of Freedom: The American Civil War 1861-1865,2008,6.4,5.56,2.85,12366,204,No,https://boardgamegeek.com/boardgame/14701
2249,The Sinking of the Titanic,1975,6.25,5.56,1.33,12633,304,No,https://boardgamegeek.com/boardgame/2249
54201,The d6 Shooters,2009,6.52,5.56,1.88,12383,183,No,https://boardgamegeek.com/boardgame/54201
3562,Theophrastus,2001,5.92,5.56,2.12,12197,435,No,https://boardgamegeek.com/boardgame/3562
8383,Thirty Years War,1976,6.95,5.56,2.06,,112,No,https://boardgamegeek.com/boardgame/8383
5503,TimeTripper,1980,6.27,5.56,2.1,12849,220,No,https://boardgamegeek.com/boardgame/5503
2344,Titicaca,2001,6.28,5.56,2.92,11945,222,No,https://boardgamegeek.com/boardgame/2344
112356,Toc Toc Woodman: Golden Core and Bark Promo,2011,6.76,5.56,1.0,,120,Yes,https://boardgamegeek.com/boardgame/112356
2457,Torpedo Run!,1986,6.15,5.56,1.3,12769,262,No,https://boardgamegeek.com/boardgame/2457
72269,Toscana,2010,6.29,5.56,2.87,12649,207,No,https://boardgamegeek.com/boardgame/72269
56835,Train of Thought,2011,5.96,5.56,1.29,12101,436,No,https://boardgamegeek.com/boardgame/56835
102881,Trench,2013,7.16,5.56,3.45,12375,205,No,https://boardgamegeek.com/boardgame/102881
343,Twins,1996,6.12,5.56,1.25,12498,260,No,https://boardgamegeek.com/boardgame/343
10520,Tyrus,2004,5.94,5.56,1.85,12547,400,No,https://boardgamegeek.com/boardgame/10520
920,Ultimate Outburst,1999,6.11,5.56,1.36,12356,296,No,https://boardgamegeek.com/boardgame/920
2265,Ultimate Stratego,1997,5.97,5.56,2.1,12418,406,No,https://boardgamegeek.com/boardgame/2265
154,Union vs. Central,1999,6.82,5.56,3.75,12494,115,No,https://boardgamegeek.com/boardgame/154
8595,Urland expansion,2003,6.77,5.56,2.5,,109,Yes,https://boardgamegeek.com/boardgame/8595
4323,VOC! Founding the Dutch East Indies Company,2002,6.01,5.56,2.61,12768,305,No,https://boardgamegeek.com/boardgame/4323
91050,Venture Forth,2012,6.14,5.56,2.33,12306,274,No,https://boardgamegeek.com/boardgame/91050
2538,Viceroys,1986,6.46,5.56,3.21,12236,185,No,https://boardgamegeek.com/boardgame/2538
25972,Victory at Sea: World War II Naval Combat Game,2006,6.87,5.56,2.46,12402,127,No,https://boardgamegeek.com/boardgame/25972
239,"Wagram: The Peace of Vienna, 5-6 July 1809",1975,6.82,5.56,2.12,12748,116,No,https://boardgamegeek.com/boardgame/239
118025,Waka Waka,2012,5.99,5.56,1.86,12568,351,No,https://boardgamegeek.com/boardgame/118025
22843,War in the Pacific (Second Edition),2006,7.67,5.56,4.42,12472,102,No,https://boardgamegeek.com/boardgame/22843
7164,"Warhammer 40,000 Collectible Card Game",2001,6.14,5.56,2.5,12794,298,No,https://boardgamegeek.com/boardgame/7164
18398,"Warhammer 40,000: Dark Millennium",1994,6.79,5.56,3.64,,127,Yes,https://boardgamegeek.com/boardgame/18398
43983,Warhammer Quest: Warrior Priest,1995,7.14,5.56,2.0,,104,Yes,https://boardgamegeek.com/boardgame/43983
3057,Warp 6,2002,6.56,5.56,1.79,12712,143,No,https://boardgamegeek.com/boardgame/3057
107861,Warriors & Traders,2011,6.11,5.56,2.97,11954,346,No,https://boardgamegeek.com/boardgame/107861
4978,Warzone (Second Edition),1998,6.69,5.56,2.93,12255,159,No,https://boardgamegeek.com/boardgame/4978
2670,Web of Power: The Vatican,2001,6.62,5.56,2.55,,163,Yes,https://boardgamegeek.com/boardgame/2670
9151,Westwall: Four Battles to Germany,1976,6.75,5.56,2.53,,140,No,https://boardgamegeek.com/boardgame/9151
44614,Who Would Win,2009,6.1,5.56,1.22,12157,318,No,https://boardgamegeek.com/boardgame/44614
33185,Wings of War: Eagles of the Reich Squadron Pack,2008,7.03,5.56,2.0,,104,Yes,https://boardgamegeek.com/boardgame/33185
28114,Wings of War: Flying Legend Squadron Pack,2008,7.07,5.56,1.86,,103,Yes,https://boardgamegeek.com/boardgame/28114
6946,"Wolfpack: Submarine Warfare in the North Atlantic, 1942-44",1974,6.38,5.56,2.4,12674,215,No,https://boardgamegeek.com/boardgame/6946
1579,Wrasslin',1990,5.93,5.56,1.59,12454,398,No,https://boardgamegeek.com/boardgame/1579
20178,Zauberschwert & Drachenei: Helden & Zaubersprüche,2005,6.61,5.56,2.43,,129,Yes,https://boardgamegeek.com/boardgame/20178
37177,Zombie Fluxx: Flame-Thrower Expansion Pack,2008,6.43,5.56,1.67,,168,Yes,https://boardgamegeek.com/boardgame/37177
125394,Zombies!!! 11: Death Inc.,2012,6.56,5.56,1.67,,161,Yes,https://boardgamegeek.com/boardgame/125394
99407,Zombies!!! X: Feeding the Addiction,2011,6.56,5.56,2.33,,153,Yes,https://boardgamegeek.com/boardgame/99407
113656,111: Alarm dla Warszawy,2013,6.34,5.55,1.69,14022,150,No,https://boardgamegeek.com/boardgame/113656
3000,1806: Rossbach Avenged,1998,7.02,5.55,3.17,12906,102,No,https://boardgamegeek.com/boardgame/3000
1208,1851: Kentucky & Tennessee,1998,6.75,5.55,3.27,13183,102,No,https://boardgamegeek.com/boardgame/1208
6918,1940,1980,6.57,5.55,2.18,13249,140,No,https://boardgamegeek.com/boardgame/6918
3377,20 Questions,1988,5.8,5.55,1.3,13636,895,No,https://boardgamegeek.com/boardgame/3377
1961,5 Alive,1990,5.77,5.55,1.23,14092,833,No,https://boardgamegeek.com/boardgame/1961
133671,A Fool's Fortune,2012,6.05,5.55,2.5,13642,263,No,https://boardgamegeek.com/boardgame/133671
65516,Ablaze!,2010,5.97,5.55,2.0,13732,292,No,https://boardgamegeek.com/boardgame/65516
5736,Ace of Aces: Balloon Buster,1985,6.31,5.55,2.08,13135,191,No,https://boardgamegeek.com/boardgame/5736
140865,Agent Hunter,2013,5.69,5.55,1.11,14153,903,No,https://boardgamegeek.com/boardgame/140865
23657,Ahoy Treasures!,2006,6.63,5.55,1.1,12932,122,No,https://boardgamegeek.com/boardgame/23657
5700,"Air Bridge to Victory: Operation Market-Garden, 1944",1990,6.33,5.55,3.23,13579,163,No,https://boardgamegeek.com/boardgame/5700
108737,Air Show,2011,6.54,5.55,2.55,13465,118,No,https://boardgamegeek.com/boardgame/108737
1387,Alaska,1979,5.9,5.55,1.45,13390,443,No,https://boardgamegeek.com/boardgame/1387
6399,Ancients I,1992,6.46,5.55,1.91,13628,126,No,https://boardgamegeek.com/boardgame/6399
18056,Anno Domini: Kunst,2001,6.6,5.55,1.5,14016,105,No,https://boardgamegeek.com/boardgame/18056
6039,Antietam: Burnished Rows of Steel,1993,6.75,5.55,2.32,13048,121,No,https://boardgamegeek.com/boardgame/6039
10681,Apples to Apples Junior,2002,5.72,5.55,1.13,13733,1278,No,https://boardgamegeek.com/boardgame/10681
30505,Apples to Apples: British Isles Edition,2007,6.53,5.55,1.0,13907,116,No,https://boardgamegeek.com/boardgame/30505
28060,Archaeology,2007,6.26,5.55,1.08,13947,178,No,https://boardgamegeek.com/boardgame/28060
126404,Area 1851,2015,6.43,5.55,2.29,13930,155,No,https://boardgamegeek.com/boardgame/126404
17450,Argo,2016,5.93,5.55,2.38,14080,358,No,https://boardgamegeek.com/boardgame/17450
17125,Ars Mysteriorum,2005,6.37,5.55,3.05,13379,151,No,https://boardgamegeek.com/boardgame/17125
4357,"Aspern-Essling: Napoleon on the Danube, 1809",1999,6.77,5.55,3.42,13095,117,No,https://boardgamegeek.com/boardgame/4357
34905,Backseat Drawing,2008,6.17,5.55,1.11,13499,227,No,https://boardgamegeek.com/boardgame/34905
1352,Bali,2001,6.06,5.55,2.78,13423,257,No,https://boardgamegeek.com/boardgame/1352
6112,Battle Dome,1994,6.46,5.55,1.0,13509,157,No,https://boardgamegeek.com/boardgame/6112
105265,Battle of LITS,2011,5.94,5.55,1.73,13146,358,No,https://boardgamegeek.com/boardgame/105265
99081,Bears!,2011,5.75,5.55,1.04,13590,959,No,https://boardgamegeek.com/boardgame/99081
6914,Beda Fomm,1979,6.92,5.55,2.2,13226,102,No,https://boardgamegeek.com/boardgame/6914
41311,Black Stories 4,2008,6.03,5.55,1.17,13363,294,No,https://boardgamegeek.com/boardgame/41311
2559,Blockade,1975,6.43,5.55,1.79,13173,162,No,https://boardgamegeek.com/boardgame/2559
10223,Blood Bowl: Death Zone,1987,6.56,5.55,2.75,,136,Yes,https://boardgamegeek.com/boardgame/10223
11139,"Bloody April: The Battle of Shiloh, 1862",1979,6.92,5.55,4.29,12856,108,No,https://boardgamegeek.com/boardgame/11139
32048,Bobbin' Bumblebee,2007,6.17,5.55,1.0,13684,183,No,https://boardgamegeek.com/boardgame/32048
133777,Boss Monster: Power-Up Pack,2013,6.67,5.55,2.25,,121,Yes,https://boardgamegeek.com/boardgame/133777
12604,Box of Golf: A Classic Golf Board Game,2003,6.29,5.55,1.32,13851,154,No,https://boardgamegeek.com/boardgame/12604
129029,Brawling Barons,2012,6.15,5.55,2.05,13954,225,No,https://boardgamegeek.com/boardgame/129029
335,Breakthru,1965,5.89,5.55,2.0,13754,398,No,https://boardgamegeek.com/boardgame/335
2758,Bridgette,1970,6.49,5.55,2.64,13491,136,No,https://boardgamegeek.com/boardgame/2758
2947,Broker,1961,5.83,5.55,2.04,13714,469,No,https://boardgamegeek.com/boardgame/2947
64431,Buraco,,6.3,5.55,2.11,13882,143,No,https://boardgamegeek.com/boardgame/64431
198,Buried Treasure,1992,6.01,5.55,1.57,13864,252,No,https://boardgamegeek.com/boardgame/198
38707,Bushido: Der Weg des Kriegers,2008,6.15,5.55,3.61,13348,281,No,https://boardgamegeek.com/boardgame/38707
8690,Buzzword,2003,5.77,5.55,1.17,12987,730,No,https://boardgamegeek.com/boardgame/8690
3507,By Golly!,2001,5.94,5.55,1.07,13217,325,No,https://boardgamegeek.com/boardgame/3507
98739,Byzantio,2013,6.27,5.55,2.21,12861,201,No,https://boardgamegeek.com/boardgame/98739
687,Cabale,1999,6.21,5.55,2.45,13937,165,No,https://boardgamegeek.com/boardgame/687
3138,Cairo,2002,5.94,5.55,1.26,13757,289,No,https://boardgamegeek.com/boardgame/3138
84913,Caminos,2010,6.54,5.55,1.5,13536,115,No,https://boardgamegeek.com/boardgame/84913
3183,Car Wars (Fifth Edition),2002,6.12,5.55,2.45,13833,227,No,https://boardgamegeek.com/boardgame/3183
22924,Card Football: Premiere Edition,2006,6.41,5.55,1.85,13057,169,No,https://boardgamegeek.com/boardgame/22924
7638,"Case White: The Invasion of Poland, 1939",1977,6.52,5.55,3.59,14003,137,No,https://boardgamegeek.com/boardgame/7638
106158,Castle Panic: Feather Promo,2011,6.47,5.55,2.0,,161,Yes,https://boardgamegeek.com/boardgame/106158
1321,Catch the Match,1995,6.1,5.55,1.0,13973,199,No,https://boardgamegeek.com/boardgame/1321
102159,Champions 2020,2011,6.83,5.55,2.13,13250,109,No,https://boardgamegeek.com/boardgame/102159
2194,Chitin: I,1977,6.11,5.55,1.78,14073,227,No,https://boardgamegeek.com/boardgame/2194
43856,Chronology,2008,6.41,5.55,1.38,13287,151,No,https://boardgamegeek.com/boardgame/43856
3022,Clue VCR Mystery Game,1985,6.01,5.55,1.81,13547,330,No,https://boardgamegeek.com/boardgame/3022
27613,Code Cracker,2007,6.1,5.55,1.23,13233,221,No,https://boardgamegeek.com/boardgame/27613
474,Cold War,1984,6.2,5.55,2.81,13328,234,No,https://boardgamegeek.com/boardgame/474
108012,Collapsible D: The Final Minutes of the Titanic,2012,6.68,5.55,2.08,13812,134,No,https://boardgamegeek.com/boardgame/108012
374,Colorado County,1998,6.15,5.55,2.44,13745,187,No,https://boardgamegeek.com/boardgame/374
15156,Coloretto Amazonas,2005,5.78,5.55,1.24,13768,564,No,https://boardgamegeek.com/boardgame/15156
42613,Coloretto: The Limit Cards,2009,6.5,5.55,1.44,,147,Yes,https://boardgamegeek.com/boardgame/42613
102219,Connect 4 Launchers,2010,6.27,5.55,1.0,13891,181,No,https://boardgamegeek.com/boardgame/102219
118177,Connections,2012,6.43,5.55,1.82,12892,142,No,https://boardgamegeek.com/boardgame/118177
140236,Convert,2014,6.68,5.55,2.14,13093,135,No,https://boardgamegeek.com/boardgame/140236
6037,Cortes: Conquest of the Aztec Empire,1993,6.45,5.55,2.26,13868,142,No,https://boardgamegeek.com/boardgame/6037
2088,Coup,1975,6.27,5.55,1.82,13749,162,No,https://boardgamegeek.com/boardgame/2088
2174,Coup d'État,1966,6.52,5.55,2.21,12855,145,No,https://boardgamegeek.com/boardgame/2174
39994,Cranium Party Playoff,2008,6.13,5.55,1.0,13073,256,No,https://boardgamegeek.com/boardgame/39994
8379,Crash City,1982,6.48,5.55,2.92,,138,Yes,https://boardgamegeek.com/boardgame/8379
134631,Crazy Lab,2013,6.05,5.55,2.18,14042,233,No,https://boardgamegeek.com/boardgame/134631
5146,CrossCribb,1996,6.44,5.55,2.0,13003,150,No,https://boardgamegeek.com/boardgame/5146
12627,Cthulhu 500,2004,5.83,5.55,1.71,13271,545,No,https://boardgamegeek.com/boardgame/12627
43393,Cubiko,2009,6.42,5.55,1.18,13630,130,No,https://boardgamegeek.com/boardgame/43393
115370,Cuttle,,7.05,5.55,2.33,13879,121,No,https://boardgamegeek.com/boardgame/115370
410,D'raf,1997,6.21,5.55,1.75,13999,162,No,https://boardgamegeek.com/boardgame/410
114185,D-Day Dice: K-Pack,2012,6.74,5.55,1.75,,105,Yes,https://boardgamegeek.com/boardgame/114185
59960,Dakota,2010,5.85,5.55,2.6,13641,430,No,https://boardgamegeek.com/boardgame/59960
1773,Dawn of the Dead,1981,6.11,5.55,2.1,13559,244,No,https://boardgamegeek.com/boardgame/1773
21101,De Kolonisten van Catan: De Diamanten,2005,6.71,5.55,2.14,,106,Yes,https://boardgamegeek.com/boardgame/21101
13542,De Ontembare Stad,2004,6.03,5.55,2.63,12919,327,No,https://boardgamegeek.com/boardgame/13542
3625,DeathMaze: Heroic Adventure in the Corridors of Doom,1979,6.14,5.55,1.71,13524,276,No,https://boardgamegeek.com/boardgame/3625
1620,Decline and Fall of the Roman Empire,1972,6.65,5.55,2.44,14096,123,No,https://boardgamegeek.com/boardgame/1620
11695,Defiant Russia,2004,6.18,5.55,2.08,13442,224,No,https://boardgamegeek.com/boardgame/11695
1635,Demonlord,1981,6.83,5.55,2.88,13936,112,No,https://boardgamegeek.com/boardgame/1635
2672,Der Herr der Ringe: Die Gefährten – Das Kartenspiel,2001,5.91,5.55,1.96,13492,403,No,https://boardgamegeek.com/boardgame/2672
16254,Desert Shield: A Gulf Strike Expansion Module,1990,6.91,5.55,3.71,,109,Yes,https://boardgamegeek.com/boardgame/16254
139604,Die Legenden von Andor: Das letzte Lagerfeuer,2013,6.78,5.55,1.4,,110,Yes,https://boardgamegeek.com/boardgame/139604
1081,Die Schlacht der Dinosaurier,1993,6.36,5.55,1.33,13075,190,No,https://boardgamegeek.com/boardgame/1081
141825,Dirigible Disaster,2013,7.04,5.55,1.83,13524,108,No,https://boardgamegeek.com/boardgame/141825
81826,Disaster on Everest,2010,6.69,5.55,1.79,14078,100,No,https://boardgamegeek.com/boardgame/81826
98529,Disney Pixar Cars 2 Sorry Sliders: World Grand Prix Race Edition,2011,6.03,5.55,1.09,13332,255,No,https://boardgamegeek.com/boardgame/98529
190,Dolce Vita,1999,6.14,5.55,1.69,13431,205,No,https://boardgamegeek.com/boardgame/190
5155,Dorada,1988,6.21,5.55,1.0,13761,167,No,https://boardgamegeek.com/boardgame/5155
272,Downtown,1996,6.32,5.55,2.24,13955,147,No,https://boardgamegeek.com/boardgame/272
1543,Dragon Quest,1992,6.27,5.55,2.67,13105,268,No,https://boardgamegeek.com/boardgame/1543
4236,"Dreadnought: Surface Combat in the Battleship Era, 1906-45",1975,6.27,5.55,2.41,13925,204,No,https://boardgamegeek.com/boardgame/4236
3764,Dueltrack: A Car Wars Deluxe Supplement,1986,6.56,5.55,3.54,,141,Yes,https://boardgamegeek.com/boardgame/3764
67878,Dungeon Crawler,2010,6.73,5.55,2.62,12971,160,No,https://boardgamegeek.com/boardgame/67878
134596,Duple,2012,6.51,5.55,1.33,13744,130,No,https://boardgamegeek.com/boardgame/134596
93895,Dwarf King's Hold: Dead Rising,2011,6.67,5.55,2.69,14063,111,No,https://boardgamegeek.com/boardgame/93895
11542,Eclipse,1999,6.25,5.55,1.89,13763,190,No,https://boardgamegeek.com/boardgame/11542
103883,Electronic Labyrinth,2011,6.31,5.55,1.8,13687,159,No,https://boardgamegeek.com/boardgame/103883
90050,Eleminis,2010,6.04,5.55,1.12,13373,317,No,https://boardgamegeek.com/boardgame/90050
126274,Enclave: Zakon Krańca Świata,2013,6.26,5.55,3.18,13721,238,No,https://boardgamegeek.com/boardgame/126274
2879,Encore,1989,5.91,5.55,1.24,13500,474,No,https://boardgamegeek.com/boardgame/2879
87632,Escape of the Dead Minigame,2010,6.25,5.55,1.14,13539,231,No,https://boardgamegeek.com/boardgame/87632
295,Europa 1945-2030,1998,5.97,5.55,2.63,12862,341,No,https://boardgamegeek.com/boardgame/295
41185,"Europa: Paris ist ja klar, aber wo liegt Córdoba?",2009,6.51,5.55,1.71,13386,131,No,https://boardgamegeek.com/boardgame/41185
9619,Ex Libris,1991,6.6,5.55,2.1,13884,106,No,https://boardgamegeek.com/boardgame/9619
23258,Expedition Altiplano,2006,6.12,5.55,1.94,14136,205,No,https://boardgamegeek.com/boardgame/23258
18297,Experiment,2006,6.07,5.55,1.82,14123,256,No,https://boardgamegeek.com/boardgame/18297
9439,FBI,2004,5.78,5.55,1.53,14033,514,No,https://boardgamegeek.com/boardgame/9439
17705,Faces,2003,5.98,5.55,1.11,13066,324,No,https://boardgamegeek.com/boardgame/17705
2200,Falsche FuFFziger,1994,6.48,5.55,2.55,13376,131,No,https://boardgamegeek.com/boardgame/2200
28289,First to Fight,1991,7.1,5.55,3.62,12962,106,No,https://boardgamegeek.com/boardgame/28289
7538,Fish Eat Fish,2003,5.72,5.55,1.36,14082,694,No,https://boardgamegeek.com/boardgame/7538
115185,Flash Point: Fire Rescue – Fire Academy Challenge,2011,6.9,5.55,2.17,,104,Yes,https://boardgamegeek.com/boardgame/115185
68931,Flee The Scene,2015,6.6,5.55,1.29,12958,123,No,https://boardgamegeek.com/boardgame/68931
7487,Flutter,1950,6.78,5.55,1.67,13229,116,No,https://boardgamegeek.com/boardgame/7487
92206,Fluxx: BoardGameGeek Expansion,2011,6.32,5.55,1.43,,162,Yes,https://boardgamegeek.com/boardgame/92206
140796,Fluxx: The Board Game,2013,5.76,5.55,1.89,14017,687,No,https://boardgamegeek.com/boardgame/140796
24051,Fowl Play!,2006,6.13,5.55,2.41,13923,213,No,https://boardgamegeek.com/boardgame/24051
2698,FrachtExpress,2001,6.27,5.55,2.25,13533,161,No,https://boardgamegeek.com/boardgame/2698
1898,Friesematenten,1998,6.35,5.55,2.09,13901,150,No,https://boardgamegeek.com/boardgame/1898
16144,Fruit Spy,2005,5.78,5.55,1.26,13014,619,No,https://boardgamegeek.com/boardgame/16144
5065,Fubi,2001,6.61,5.55,1.07,13791,110,No,https://boardgamegeek.com/boardgame/5065
62709,Funglish,2009,5.82,5.55,1.18,13716,449,No,https://boardgamegeek.com/boardgame/62709
131788,Game Over,2012,6.0,5.55,1.25,14148,237,No,https://boardgamegeek.com/boardgame/131788
40830,Genial Spezial,2009,6.08,5.55,1.9,13074,227,No,https://boardgamegeek.com/boardgame/40830
1575,Gettysburg,1977,6.05,5.55,3.55,13102,376,No,https://boardgamegeek.com/boardgame/1575
6046,Gettysburg: Lee's Greatest Gamble,1992,6.63,5.55,2.71,13300,134,No,https://boardgamegeek.com/boardgame/6046
132251,Ghooost!,2013,5.69,5.55,1.37,13545,1149,No,https://boardgamegeek.com/boardgame/132251
114986,Glenn Drover's Empires: Age of Discovery – Plague Promo,2012,6.8,5.55,2.88,,103,Yes,https://boardgamegeek.com/boardgame/114986
1335,Gnadenlos!,2001,5.93,5.55,1.93,13123,349,No,https://boardgamegeek.com/boardgame/1335
4915,Great War at Sea 2: The North & Baltic Seas,1998,6.78,5.55,2.78,12893,128,No,https://boardgamegeek.com/boardgame/4915
4914,"Great War at Sea: 1898, The Spanish American War",2000,6.59,5.55,2.61,14009,128,No,https://boardgamegeek.com/boardgame/4914
11694,Great War at Sea: Cruiser Warfare,2004,6.65,5.55,2.65,13792,109,No,https://boardgamegeek.com/boardgame/11694
4918,Great War at Sea: U.S. Navy Plan Orange,1998,6.81,5.55,2.38,13255,124,No,https://boardgamegeek.com/boardgame/4918
57201,Greedy Kingdoms,2009,6.57,5.55,1.67,13366,120,No,https://boardgamegeek.com/boardgame/57201
24122,Greentown,2006,6.32,5.55,2.74,13430,154,No,https://boardgamegeek.com/boardgame/24122
2226,Greyhounds,1985,6.36,5.55,2.0,13715,142,No,https://boardgamegeek.com/boardgame/2226
124706,Guts of Glory,2012,6.23,5.55,1.71,14126,186,No,https://boardgamegeek.com/boardgame/124706
1248,Hacker II: The Dark Side,1993,6.25,5.55,2.38,,180,Yes,https://boardgamegeek.com/boardgame/1248
7475,Hand and Foot,1982,5.86,5.55,1.86,13986,515,No,https://boardgamegeek.com/boardgame/7475
6021,"Hastings, 1066",1987,6.75,5.55,2.53,13452,126,No,https://boardgamegeek.com/boardgame/6021
6548,Heartthrob,1988,7.12,5.55,1.8,12948,105,No,https://boardgamegeek.com/boardgame/6548
19653,Helden in der Unterwelt,2005,6.44,5.55,2.25,13643,135,No,https://boardgamegeek.com/boardgame/19653
94732,Heroica: Draida,2011,5.86,5.55,1.46,13447,511,No,https://boardgamegeek.com/boardgame/94732
38195,Herr der Ziegen,2008,6.11,5.55,1.96,13325,210,No,https://boardgamegeek.com/boardgame/38195
27608,Hit or Miss,2006,6.2,5.55,1.0,13029,212,No,https://boardgamegeek.com/boardgame/27608
38918,Hooop!,2006,6.01,5.55,1.68,13041,301,No,https://boardgamegeek.com/boardgame/38918
4234,Hougoumont: Rock of Waterloo,1991,6.59,5.55,2.6,13731,119,No,https://boardgamegeek.com/boardgame/4234
6045,I Am Spartacus!,1992,6.44,5.55,2.31,14002,141,No,https://boardgamegeek.com/boardgame/6045
136240,Ignis,2013,6.11,5.55,1.56,13824,233,No,https://boardgamegeek.com/boardgame/136240
1300,Im Zeichen des Kreuzes,2001,5.95,5.55,2.21,13514,314,No,https://boardgamegeek.com/boardgame/1300
1804,Inklings,1993,6.4,5.55,1.5,13800,143,No,https://boardgamegeek.com/boardgame/1804
129751,KIPP X,2012,6.79,5.55,1.0,13094,107,No,https://boardgamegeek.com/boardgame/129751
24209,Kaleidos Junior,1997,6.79,5.55,1.0,13723,100,No,https://boardgamegeek.com/boardgame/24209
5264,"Kanev: Parachutes Across the Dnepr, September 23-26, 1943",1981,6.52,5.55,2.61,13116,142,No,https://boardgamegeek.com/boardgame/5264
21991,Karo,2005,6.59,5.55,2.0,13776,113,No,https://boardgamegeek.com/boardgame/21991
2965,Kendo,1976,6.1,5.55,2.39,13525,221,No,https://boardgamegeek.com/boardgame/2965
72848,Kill the Overlord,2012,5.87,5.55,1.38,13698,406,No,https://boardgamegeek.com/boardgame/72848
3078,Knockabout,2001,6.76,5.55,2.56,13391,100,No,https://boardgamegeek.com/boardgame/3078
10829,Krieg! World War II in Europe,1996,6.64,5.55,3.46,13454,123,No,https://boardgamegeek.com/boardgame/10829
1337,Kuba,1994,6.29,5.55,1.9,13906,169,No,https://boardgamegeek.com/boardgame/1337
11973,Können Schweine fliegen?,2004,6.48,5.55,1.11,13738,133,No,https://boardgamegeek.com/boardgame/11973
865,Landslide,1971,6.23,5.55,1.41,14070,238,No,https://boardgamegeek.com/boardgame/865
13359,Leapfrog,2004,6.24,5.55,1.5,13059,188,No,https://boardgamegeek.com/boardgame/13359
3794,Legend of Zagor,1993,6.22,5.55,1.7,13406,250,No,https://boardgamegeek.com/boardgame/3794
104655,Lemonade Stand,2012,5.84,5.55,1.44,13926,423,No,https://boardgamegeek.com/boardgame/104655
2248,Leverage,1977,6.24,5.55,1.79,13189,213,No,https://boardgamegeek.com/boardgame/2248
32226,Liebe & Intrige,2007,6.06,5.55,1.79,13432,274,No,https://boardgamegeek.com/boardgame/32226
11706,Lightning: D-Day,2004,5.99,5.55,1.84,13553,295,No,https://boardgamegeek.com/boardgame/11706
55835,Ligretto Dice,2009,5.81,5.55,1.04,13357,480,No,https://boardgamegeek.com/boardgame/55835
1150,Lionheart,1997,5.75,5.55,1.76,13789,999,No,https://boardgamegeek.com/boardgame/1150
8,Lords of Creation,1993,6.07,5.55,2.44,13885,213,No,https://boardgamegeek.com/boardgame/8
284,Lords of the Sierra Madre (Second Edition),1995,6.39,5.55,3.6,13257,163,No,https://boardgamegeek.com/boardgame/284
2240,Mad Magazine Card Game,1979,5.9,5.55,1.1,14004,485,No,https://boardgamegeek.com/boardgame/2240
2087,Magic Dance,1988,5.78,5.55,1.45,13056,657,No,https://boardgamegeek.com/boardgame/2087
30706,Make 'n' Break: Extreme,2007,5.94,5.55,1.14,13040,355,No,https://boardgamegeek.com/boardgame/30706
538,Manager,1979,6.42,5.55,2.5,13538,142,No,https://boardgamegeek.com/boardgame/538
20233,Marquis,2005,6.28,5.55,2.0,13506,180,No,https://boardgamegeek.com/boardgame/20233
25423,Martian Coasters,2006,6.13,5.55,1.25,13307,236,No,https://boardgamegeek.com/boardgame/25423
26191,Mesopotamia: Expansion,2006,6.56,5.55,1.88,,117,Yes,https://boardgamegeek.com/boardgame/26191
127096,Metal Adventures,2015,6.05,5.55,2.4,14118,209,No,https://boardgamegeek.com/boardgame/127096
31075,Ming Dynasty,2007,5.84,5.55,2.84,12888,555,No,https://boardgamegeek.com/boardgame/31075
5668,Mini Mastermind,1972,5.8,5.55,1.8,14017,614,No,https://boardgamegeek.com/boardgame/5668
6980,Mission Command Sea,2003,6.02,5.55,1.46,13199,301,No,https://boardgamegeek.com/boardgame/6980
1420,Monopoly Express,1991,5.69,5.55,1.14,13361,995,No,https://boardgamegeek.com/boardgame/1420
1744,Monster Mash,1987,5.93,5.55,1.0,13726,342,No,https://boardgamegeek.com/boardgame/1744
67426,Monsterpocalypse: Voltron – Defender of the Universe Battle Game,2010,7.09,5.55,2.44,12967,100,No,https://boardgamegeek.com/boardgame/67426
89918,Mount Drago,2011,5.9,5.55,1.8,13798,403,No,https://boardgamegeek.com/boardgame/89918
56690,Multiplayer Pentago,2009,6.21,5.55,1.7,13697,199,No,https://boardgamegeek.com/boardgame/56690
141460,Munchkin Level Playing Field,2013,6.81,5.55,1.5,,120,Yes,https://boardgamegeek.com/boardgame/141460
125386,Munchkin Penny Arcade,2012,6.51,5.55,2.67,,167,Yes,https://boardgamegeek.com/boardgame/125386
86356,Munchkin: Go Up a Level,2010,6.53,5.55,2.0,,157,Yes,https://boardgamegeek.com/boardgame/86356
11514,"Musket & Pike: Tactical Combat, 1550-1680",1973,6.93,5.55,2.12,13515,101,No,https://boardgamegeek.com/boardgame/11514
10534,Napoleon's Art of War: Eylau & Dresden,1979,6.19,5.55,1.93,13372,212,No,https://boardgamegeek.com/boardgame/10534
20907,Nature of the Beast: City vs. Suburb,2005,6.59,5.55,2.7,13836,116,No,https://boardgamegeek.com/boardgame/20907
2521,Nexus,2001,6.19,5.55,1.7,13136,222,No,https://boardgamegeek.com/boardgame/2521
10900,Nightmare II,1991,6.27,5.55,2.05,,281,Yes,https://boardgamegeek.com/boardgame/10900
44338,Ninja Burger: Secret Ninja Death Touch Edition,2009,6.3,5.55,1.85,14129,179,No,https://boardgamegeek.com/boardgame/44338
123370,Nox,2012,5.77,5.55,1.19,14115,713,No,https://boardgamegeek.com/boardgame/123370
27609,Numbers League: Adventures in Addiplication,2007,6.09,5.55,1.38,13032,251,No,https://boardgamegeek.com/boardgame/27609
40949,Nur die Ziege zählt,2009,6.1,5.55,1.37,12863,247,No,https://boardgamegeek.com/boardgame/40949
9297,"Oh, Pharaoh!",2004,5.85,5.55,1.48,13606,453,No,https://boardgamegeek.com/boardgame/9297
5239,Omaha Beachhead: Battle for the Bocage,1987,6.34,5.55,2.79,14014,150,No,https://boardgamegeek.com/boardgame/5239
7310,One False Step for Mankind,2003,6.39,5.55,2.59,13209,150,No,https://boardgamegeek.com/boardgame/7310
642,Oodles,1992,6.07,5.55,1.37,13294,278,No,https://boardgamegeek.com/boardgame/642
19074,Ostia: The Harbor of Rome,2005,5.81,5.55,2.49,13537,527,No,https://boardgamegeek.com/boardgame/19074
130229,Out of Gears,2012,6.18,5.55,1.5,14012,177,No,https://boardgamegeek.com/boardgame/130229
14525,Outburst Remix!,2004,6.43,5.55,1.14,12924,157,No,https://boardgamegeek.com/boardgame/14525
3771,Palabra,1990,6.2,5.55,2.0,13950,187,No,https://boardgamegeek.com/boardgame/3771
38462,Palago,2008,6.59,5.55,2.6,13470,133,No,https://boardgamegeek.com/boardgame/38462
88950,Palenque,2011,6.11,5.55,2.22,14121,219,No,https://boardgamegeek.com/boardgame/88950
101463,Paletto,2011,6.93,5.55,1.67,13004,102,No,https://boardgamegeek.com/boardgame/101463
24321,Panzer Grenadier: Airborne – Introductory Edition,2006,6.41,5.55,2.73,13025,172,No,https://boardgamegeek.com/boardgame/24321
8328,Paratroop,1979,6.22,5.55,2.21,13051,231,No,https://boardgamegeek.com/boardgame/8328
15110,Partners,1998,5.96,5.55,1.33,14025,417,No,https://boardgamegeek.com/boardgame/15110
577,Parts Unknown,1999,6.02,5.55,1.9,13713,240,No,https://boardgamegeek.com/boardgame/577
85567,Passing Shot,2010,6.72,5.55,1.2,14079,123,No,https://boardgamegeek.com/boardgame/85567
17054,Pegs and Jokers,1975,6.32,5.55,1.36,13319,194,No,https://boardgamegeek.com/boardgame/17054
12325,Perpetual Commotion,2003,6.33,5.55,1.1,13100,191,No,https://boardgamegeek.com/boardgame/12325
69318,Perpetual-Motion Machine,2010,6.11,5.55,1.64,13192,230,No,https://boardgamegeek.com/boardgame/69318
8737,Peter the Great,1983,6.6,5.55,2.25,13991,110,No,https://boardgamegeek.com/boardgame/8737
95756,Pick 'N' Choose,2010,6.23,5.55,1.0,13849,179,No,https://boardgamegeek.com/boardgame/95756
73472,Pirates vs. Dinosaurs,2013,6.03,5.55,2.13,13128,267,No,https://boardgamegeek.com/boardgame/73472
525,Pisa,1999,6.34,5.55,1.75,13964,135,No,https://boardgamegeek.com/boardgame/525
5997,Pleasant Hill: The Red River Campaign,1986,6.75,5.55,3.12,13516,117,No,https://boardgamegeek.com/boardgame/5997
2627,Poisson d'Avril,1983,6.7,5.55,4.21,12876,112,No,https://boardgamegeek.com/boardgame/2627
565,Port Royal,2000,6.29,5.55,2.36,13312,162,No,https://boardgamegeek.com/boardgame/565
1891,Portal,1997,6.1,5.55,2.0,13227,273,No,https://boardgamegeek.com/boardgame/1891
487,Power,1981,6.12,5.55,2.59,13219,301,No,https://boardgamegeek.com/boardgame/487
136279,Qwords,2013,6.34,5.55,1.25,13546,144,No,https://boardgamegeek.com/boardgame/136279
112118,RED,2011,6.99,5.55,2.33,12856,105,No,https://boardgamegeek.com/boardgame/112118
4020,Race For Tunis,1992,6.61,5.55,2.45,13505,125,No,https://boardgamegeek.com/boardgame/4020
60228,Race for Berlin: The Final Struggle,2010,7.06,5.55,2.5,13237,102,No,https://boardgamegeek.com/boardgame/60228
65582,Regatta,2010,6.03,5.55,1.33,13611,270,No,https://boardgamegeek.com/boardgame/65582
5697,Reiner Knizia's Amazing Flea Circus,2003,5.76,5.55,1.06,13459,646,No,https://boardgamegeek.com/boardgame/5697
4366,"Remember the Maine! The Spanish-American War, 1898",1986,6.82,5.55,2.76,13438,107,No,https://boardgamegeek.com/boardgame/4366
22666,Renaissance,2007,6.76,5.55,2.61,13896,105,No,https://boardgamegeek.com/boardgame/22666
94302,Resident Evil Deck Building Game: Chris Redfield & Jill Valentine Promo,2010,7.0,5.55,2.0,,100,Yes,https://boardgamegeek.com/boardgame/94302
139807,Rifugio,2017,6.38,5.55,1.5,13294,179,No,https://boardgamegeek.com/boardgame/139807
3403,Rise and Fall,1989,6.56,5.55,2.35,13015,153,No,https://boardgamegeek.com/boardgame/3403
136910,Roll & Play,2012,6.69,5.55,1.0,13197,111,No,https://boardgamegeek.com/boardgame/136910
2335,Rome & Carthage,1954,6.36,5.55,2.05,13530,169,No,https://boardgamegeek.com/boardgame/2335
17022,Saganami Island Tactical Simulator,2005,6.8,5.55,4.3,13870,106,No,https://boardgamegeek.com/boardgame/17022
32995,Saigo no Kane,2008,6.45,5.55,3.08,13593,136,No,https://boardgamegeek.com/boardgame/32995
83,Sam Grant: The Civil War in the West 1862-1864,1997,6.55,5.55,2.85,13334,154,No,https://boardgamegeek.com/boardgame/83
2562,Samurai & Katana,1999,6.02,5.55,2.64,13806,299,No,https://boardgamegeek.com/boardgame/2562
72808,Saustall,2010,6.24,5.55,2.23,13545,180,No,https://boardgamegeek.com/boardgame/72808
93138,Schlacht am Buffet,2011,6.28,5.55,1.7,13633,158,No,https://boardgamegeek.com/boardgame/93138
66851,Schlag den Raab: Das Spiel,2010,6.03,5.55,1.44,14039,247,No,https://boardgamegeek.com/boardgame/66851
129417,Scotland Yard,1990,6.5,5.55,2.33,13179,152,No,https://boardgamegeek.com/boardgame/129417
87141,ScrumBrawl,2011,6.48,5.55,2.2,13311,153,No,https://boardgamegeek.com/boardgame/87141
7955,"Seelöwe: The German Invasion of Britain, 1940",1974,6.36,5.55,2.42,13642,173,No,https://boardgamegeek.com/boardgame/7955
123408,Serpent's Tongue,2013,6.43,5.55,3.67,13387,229,No,https://boardgamegeek.com/boardgame/123408
2082,Shell Shock!,1990,6.38,5.55,3.11,13683,172,No,https://boardgamegeek.com/boardgame/2082
21829,Sherwood,2005,6.27,5.55,2.26,13670,187,No,https://boardgamegeek.com/boardgame/21829
2043,Shogun,1976,5.81,5.55,1.92,13717,641,No,https://boardgamegeek.com/boardgame/2043
1269,Skip-Bo,1967,5.67,5.55,1.19,13707,10246,No,https://boardgamegeek.com/boardgame/1269
85563,Skippity,2010,6.31,5.55,2.0,13234,180,No,https://boardgamegeek.com/boardgame/85563
2427,Skirmish,1975,6.35,5.55,1.75,13490,203,No,https://boardgamegeek.com/boardgame/2427
3807,Smokejumpers,1996,6.72,5.55,2.33,13241,108,No,https://boardgamegeek.com/boardgame/3807
3965,Snapshot,1979,6.3,5.55,2.21,13450,164,No,https://boardgamegeek.com/boardgame/3965
7255,Soldiers: Man-to-Man Combat in World War II,1987,6.92,5.55,2.95,12927,108,No,https://boardgamegeek.com/boardgame/7255
2602,Solitaire for Two,2001,6.72,5.55,2.2,13805,100,No,https://boardgamegeek.com/boardgame/2602
2105,Sopwith,1978,6.76,5.55,1.75,13012,126,No,https://boardgamegeek.com/boardgame/2105
26747,Space Junkyard,2009,6.07,5.55,1.76,14043,241,No,https://boardgamegeek.com/boardgame/26747
6644,Spite & Malice,2002,5.78,5.55,1.39,13297,696,No,https://boardgamegeek.com/boardgame/6644
1986,Spy Alley,1992,5.73,5.55,1.5,13764,1347,No,https://boardgamegeek.com/boardgame/1986
2334,Square Mile,1962,6.58,5.55,2.15,14112,120,No,https://boardgamegeek.com/boardgame/2334
8464,Star Fleet Battles: Expansion #1,1980,6.88,5.55,3.93,,112,Yes,https://boardgamegeek.com/boardgame/8464
10676,Star Frontiers: Knight Hawks,1983,6.45,5.55,2.7,13458,164,No,https://boardgamegeek.com/boardgame/10676
7420,Star Wars Miniatures Battles,1991,6.69,5.55,3.35,13218,153,No,https://boardgamegeek.com/boardgame/7420
1590,Stocks & Bonds,1964,5.79,5.55,2.02,13997,697,No,https://boardgamegeek.com/boardgame/1590
183,Stonehenge,1994,6.34,5.55,1.87,13727,161,No,https://boardgamegeek.com/boardgame/183
1404,Strand-Cup,2000,6.1,5.55,1.2,14005,197,No,https://boardgamegeek.com/boardgame/1404
484,Stratego Legends,1999,5.83,5.55,2.26,12907,774,No,https://boardgamegeek.com/boardgame/484
125022,Stratopolis,2012,6.8,5.55,1.82,13180,118,No,https://boardgamegeek.com/boardgame/125022
7774,Striker,1981,6.72,5.55,3.15,13327,127,No,https://boardgamegeek.com/boardgame/7774
1551,Sub Search,1973,5.91,5.55,1.46,13270,376,No,https://boardgamegeek.com/boardgame/1551
3749,Sumo!,2000,5.83,5.55,1.26,13721,414,No,https://boardgamegeek.com/boardgame/3749
17557,Super Farmer,1943,5.72,5.55,1.15,12960,1858,No,https://boardgamegeek.com/boardgame/17557
2849,Supremacy: Fortuna,1989,6.62,5.55,2.6,,114,Yes,https://boardgamegeek.com/boardgame/2849
1532,Supremacy: Resource Deck Two,1987,6.55,5.55,2.86,,133,Yes,https://boardgamegeek.com/boardgame/1532
16196,Sword and Sail,2004,6.66,5.55,1.81,12984,140,No,https://boardgamegeek.com/boardgame/16196
27033,"Sì, Oscuro Signore! 2: L'alba degli eroi",2006,6.36,5.55,1.14,,168,Yes,https://boardgamegeek.com/boardgame/27033
25142,Tal der Abenteuer: Die Schatzsuche im Himalaja,2006,5.89,5.55,1.59,13358,372,No,https://boardgamegeek.com/boardgame/25142
67123,Tank on Tank,2010,6.76,5.55,1.41,13153,128,No,https://boardgamegeek.com/boardgame/67123
20821,"Tara, Seat of Kings",2006,6.26,5.55,2.54,13274,179,No,https://boardgamegeek.com/boardgame/20821
121015,Tea Time,2012,5.82,5.55,1.2,13802,450,No,https://boardgamegeek.com/boardgame/121015
5182,The African Campaign,1973,6.67,5.55,2.36,13853,137,No,https://boardgamegeek.com/boardgame/5182
3935,The Art of Siege,1978,6.88,5.55,3.23,,104,No,https://boardgamegeek.com/boardgame/3935
10269,"The Balkan Wars: Prelude to Disaster, 1912-1913",1993,6.62,5.55,2.91,13974,110,No,https://boardgamegeek.com/boardgame/10269
10301,"The Battle of Nations: The Encirclement at Leipzig, 16-19 October 1813",1975,6.6,5.55,2.07,14151,112,No,https://boardgamegeek.com/boardgame/10301
6240,The Crusades: Western Invasions of the Holy Land 1097-1191 A.D.,1978,6.34,5.55,2.9,13070,193,No,https://boardgamegeek.com/boardgame/6240
12501,The Franco-Prussian War,1992,6.7,5.55,3.09,13259,116,No,https://boardgamegeek.com/boardgame/12501
2918,The Last Crusade,1995,6.66,5.55,2.62,13995,109,No,https://boardgamegeek.com/boardgame/2918
126443,The Lord of the Rings: The Battle for Middle-Earth,2012,5.86,5.55,1.21,14138,593,No,https://boardgamegeek.com/boardgame/126443
19048,The Nacho Incident,2005,5.97,5.55,1.94,14046,254,No,https://boardgamegeek.com/boardgame/19048
18579,The Nightmare Before Christmas TCG,2005,6.73,5.55,2.0,13582,116,No,https://boardgamegeek.com/boardgame/18579
4125,"The Punic Wars: Rome vs Carthage, 264-146 B.C.",1975,6.22,5.55,2.41,13566,197,No,https://boardgamegeek.com/boardgame/4125
46530,The Red Dragon Inn: Gambling? I'm In!,2010,6.14,5.55,2.0,14055,287,No,https://boardgamegeek.com/boardgame/46530
509,The Reef,2000,5.72,5.55,1.64,13675,798,No,https://boardgamegeek.com/boardgame/509
8317,The Sands of War,1991,6.66,5.55,2.6,13242,119,No,https://boardgamegeek.com/boardgame/8317
3936,The Siege of Constantinople: The End of the Middles Ages 1453 A.D.,1978,6.11,5.55,2.87,13900,221,No,https://boardgamegeek.com/boardgame/3936
2121,The Sword and the Stars,1981,6.37,5.55,2.89,13619,159,No,https://boardgamegeek.com/boardgame/2121
3618,The World at War,1990,6.48,5.55,3.29,13546,179,No,https://boardgamegeek.com/boardgame/3618
7639,Their Finest Hour,1976,6.71,5.55,4.3,13608,124,No,https://boardgamegeek.com/boardgame/7639
2199,Thinking Man's Golf,1966,6.13,5.55,1.78,13296,239,No,https://boardgamegeek.com/boardgame/2199
1943,This Game is Bonkers!,1978,5.85,5.55,1.28,13160,686,No,https://boardgamegeek.com/boardgame/1943
39710,Tien Zi Que,2009,6.17,5.55,1.67,13164,210,No,https://boardgamegeek.com/boardgame/39710
581,Tile Chess,1999,5.99,5.55,2.61,14074,266,No,https://boardgamegeek.com/boardgame/581
68186,Toe-to-Toe Nu'klr Combat with the Rooskies,2010,6.49,5.55,1.41,12917,153,No,https://boardgamegeek.com/boardgame/68186
124044,Tooth & Nail: Factions,2012,6.14,5.55,2.16,13861,180,No,https://boardgamegeek.com/boardgame/124044
72083,Tori,2010,6.38,5.55,2.88,13944,127,No,https://boardgamegeek.com/boardgame/72083
6841,Transformers Armada:  Battle for Cybertron,2003,6.25,5.55,1.68,13117,206,No,https://boardgamegeek.com/boardgame/6841
27719,Trapper,2007,6.11,5.55,2.05,13860,209,No,https://boardgamegeek.com/boardgame/27719
3313,Traverse,1987,6.03,5.55,1.97,13286,298,No,https://boardgamegeek.com/boardgame/3313
8944,Triple Yahtzee,1972,5.96,5.55,1.53,12881,464,No,https://boardgamegeek.com/boardgame/8944
4853,Tripoley,1937,5.68,5.55,1.49,13975,974,No,https://boardgamegeek.com/boardgame/4853
15047,Trivial Pursuit: DVD – Star Wars Saga Edition,2005,5.99,5.55,1.91,13248,442,No,https://boardgamegeek.com/boardgame/15047
2953,Trivial Pursuit: Genus II,1984,5.82,5.55,1.66,,567,Yes,https://boardgamegeek.com/boardgame/2953
383,Turf Horse Racing,1995,6.46,5.55,1.8,13948,120,No,https://boardgamegeek.com/boardgame/383
16149,Up And Down,2005,6.19,5.55,1.73,13960,172,No,https://boardgamegeek.com/boardgame/16149
57349,Vampires of the Night,2009,6.13,5.55,1.06,13898,199,No,https://boardgamegeek.com/boardgame/57349
2216,Vampyre,1981,6.3,5.55,1.5,12951,211,No,https://boardgamegeek.com/boardgame/2216
7240,Vanished Planet,2003,5.83,5.55,2.55,14095,479,No,https://boardgamegeek.com/boardgame/7240
219,Volle Hütte,1997,6.19,5.55,2.09,13645,196,No,https://boardgamegeek.com/boardgame/219
4222,War Between The States 1861-1865,1977,7.01,5.55,3.5,13120,100,No,https://boardgamegeek.com/boardgame/4222
9650,"War in the Pacific: The Campaign Against Imperial Japan, 1941-45",1978,7.17,5.55,4.35,13077,110,No,https://boardgamegeek.com/boardgame/9650
6380,WarCry,2003,6.47,5.55,2.4,13399,160,No,https://boardgamegeek.com/boardgame/6380
12233,Warhammer (Fourth Edition): Battle Magic,1992,6.4,5.55,2.78,,151,Yes,https://boardgamegeek.com/boardgame/12233
5296,Waterloo,1962,5.95,5.55,2.19,13050,480,No,https://boardgamegeek.com/boardgame/5296
37974,We Didn't Playtest This at All: Chaos Pack,2008,5.99,5.55,1.07,,334,Yes,https://boardgamegeek.com/boardgame/37974
35812,Wild Vikings,2008,6.08,5.55,1.24,12961,264,No,https://boardgamegeek.com/boardgame/35812
70096,Woolfy,2009,6.46,5.55,1.2,13680,150,No,https://boardgamegeek.com/boardgame/70096
15000,Word Basket,2002,6.14,5.55,1.1,13306,222,No,https://boardgamegeek.com/boardgame/15000
2412,Wordthief,1994,6.11,5.55,1.86,13166,254,No,https://boardgamegeek.com/boardgame/2412
67972,Workshop of the World,2010,6.4,5.55,2.61,13965,129,No,https://boardgamegeek.com/boardgame/67972
39565,World War 5,2008,6.27,5.55,1.56,13584,172,No,https://boardgamegeek.com/boardgame/39565
13981,World in War: Combined Arms 1939-1945,2004,6.55,5.55,2.04,13119,153,No,https://boardgamegeek.com/boardgame/13981
39357,World of Warcraft: The Adventure Game – Artumnis Moondream Character Pack,2008,6.79,5.55,2.21,,118,Yes,https://boardgamegeek.com/boardgame/39357
39356,World of Warcraft: The Adventure Game – Brandon Lightstone Character Pack,2008,6.83,5.55,2.15,,118,Yes,https://boardgamegeek.com/boardgame/39356
39355,World of Warcraft: The Adventure Game – Zowka Shattertusk   Character Pack,2008,6.88,5.55,2.08,,109,Yes,https://boardgamegeek.com/boardgame/39355
137140,Wunderland,2013,6.09,5.55,1.58,12885,244,No,https://boardgamegeek.com/boardgame/137140
9961,"Year of the Rat: Vietnam, 1972",1972,6.84,5.55,2.76,12952,124,No,https://boardgamegeek.com/boardgame/9961
434,Yucata',1996,5.76,5.55,1.7,13735,581,No,https://boardgamegeek.com/boardgame/434
41372,Zombie in My Pocket,2010,5.82,5.55,1.38,12936,539,No,https://boardgamegeek.com/boardgame/41372
39176,Zooloretto: The Savings Book,2008,6.64,5.55,1.5,,110,Yes,https://boardgamegeek.com/boardgame/39176
8742,1815: The Waterloo Campaign,1975,6.31,5.54,2.43,15630,117,No,https://boardgamegeek.com/boardgame/8742
4359,1914: Glory's End,1994,6.28,5.54,2.56,14447,140,No,https://boardgamegeek.com/boardgame/4359
2666,A Mighty Fortress,1977,6.35,5.54,3.25,15539,122,No,https://boardgamegeek.com/boardgame/2666
76193,A la carte: Die Beilage,2010,6.31,5.54,1.33,,145,Yes,https://boardgamegeek.com/boardgame/76193
5637,APBA Pro Football,1958,6.4,5.54,2.22,15284,167,No,https://boardgamegeek.com/boardgame/5637
1991,Ace of Aces: Jet Eagles,1990,6.4,5.54,2.0,15556,130,No,https://boardgamegeek.com/boardgame/1991
6732,Aces High: War in the Air 1914 - 1918,1980,6.53,5.54,2.89,14289,133,No,https://boardgamegeek.com/boardgame/6732
4276,Across the Potomac,1994,6.49,5.54,2.45,14808,116,No,https://boardgamegeek.com/boardgame/4276
56410,Activity kompakt,1992,6.11,5.54,1.17,15567,169,No,https://boardgamegeek.com/boardgame/56410
85340,Adlung Land,2010,5.88,5.54,1.79,15762,229,No,https://boardgamegeek.com/boardgame/85340
8196,AeroTech: The BattleTech Game of Fighter Combat,1986,5.95,5.54,3.05,15322,353,No,https://boardgamegeek.com/boardgame/8196
5475,After the Holocaust: The Nuclear Devastation of America – Recovery and Reunification,1977,6.08,5.54,4.03,15180,178,No,https://boardgamegeek.com/boardgame/5475
241,Age of Exploration,1994,6.06,5.54,2.85,15460,194,No,https://boardgamegeek.com/boardgame/241
27898,Agincourt,2009,6.5,5.54,2.41,,113,Yes,https://boardgamegeek.com/boardgame/27898
99976,Alien Menace,2011,6.55,5.54,1.83,14318,107,No,https://boardgamegeek.com/boardgame/99976
1289,All The King's Men,1970,5.76,5.54,1.94,15700,467,No,https://boardgamegeek.com/boardgame/1289
7739,America in Flames,1998,6.65,5.54,4.35,14226,102,No,https://boardgamegeek.com/boardgame/7739
323,Anno 1452,1999,6.03,5.54,2.94,14998,197,No,https://boardgamegeek.com/boardgame/323
1487,"Another Day, Another Dollar: Horror",2000,6.24,5.54,1.82,,160,Yes,https://boardgamegeek.com/boardgame/1487
2703,"Another Day, Another Dollar: Kung Fu",2000,6.15,5.54,1.73,,164,Yes,https://boardgamegeek.com/boardgame/2703
2715,"Another Day, Another Dollar: Musicals",2000,6.2,5.54,1.7,,151,Yes,https://boardgamegeek.com/boardgame/2715
2714,"Another Day, Another Dollar: Space",2000,6.2,5.54,1.78,,155,Yes,https://boardgamegeek.com/boardgame/2714
24303,Apples to Apples: Party Box Expansion TWO,2006,6.41,5.54,1.62,,109,Yes,https://boardgamegeek.com/boardgame/24303
99770,Arcanum,2011,5.91,5.54,2.64,14698,302,No,https://boardgamegeek.com/boardgame/99770
8626,Assyrian Wars,2005,6.54,5.54,3.81,14913,120,No,https://boardgamegeek.com/boardgame/8626
2706,Attack of the Mutants!,1981,6.42,5.54,1.81,14888,128,No,https://boardgamegeek.com/boardgame/2706
130223,Auf die Nüsse!,2012,6.19,5.54,1.75,15597,135,No,https://boardgamegeek.com/boardgame/130223
88316,Autokrator,2012,6.23,5.54,2.5,15805,138,No,https://boardgamegeek.com/boardgame/88316
57885,BANG! Johnny Kisch,2007,6.58,5.54,1.5,,106,Yes,https://boardgamegeek.com/boardgame/57885
60381,BANG! Uncle Will,2004,6.51,5.54,1.88,,121,Yes,https://boardgamegeek.com/boardgame/60381
25453,Balance Duels,2005,6.12,5.54,1.62,14254,208,No,https://boardgamegeek.com/boardgame/25453
3102,Banque Fatale,1997,6.37,5.54,1.75,14268,130,No,https://boardgamegeek.com/boardgame/3102
3251,Barbarian Kings,1980,6.08,5.54,2.34,15408,205,No,https://boardgamegeek.com/boardgame/3251
5541,Barbarossa: The Russo-German War 1941-45,1969,6.6,5.54,2.33,14690,125,No,https://boardgamegeek.com/boardgame/5541
7370,Battle Masters: Chaos Warband,1992,6.43,5.54,1.5,,117,Yes,https://boardgamegeek.com/boardgame/7370
7371,Battle Masters: Imperial Lords,1992,6.36,5.54,1.56,,120,Yes,https://boardgamegeek.com/boardgame/7371
9782,Battle of the Bands: Encore Edition,2004,6.33,5.54,1.62,15306,162,No,https://boardgamegeek.com/boardgame/9782
30326,Battleground: Crossbows & Catapults – Tower Attack Expansion Pack,2007,6.37,5.54,1.43,,144,Yes,https://boardgamegeek.com/boardgame/30326
30327,Battleground: Crossbows & Catapults – Twin Attack Armory Pack: Knight Battering Ram vs Orc Triple Catapult,2007,6.48,5.54,1.45,,122,Yes,https://boardgamegeek.com/boardgame/30327
25,Battlemist,1998,5.89,5.54,3.2,14449,335,No,https://boardgamegeek.com/boardgame/25
4350,Battlemist: The Sails of War,1999,6.44,5.54,2.8,,108,Yes,https://boardgamegeek.com/boardgame/4350
120580,Battleship: Card Game,2011,5.89,5.54,1.12,15263,455,No,https://boardgamegeek.com/boardgame/120580
3670,Battlewagon,1981,6.37,5.54,2.44,15222,129,No,https://boardgamegeek.com/boardgame/3670
29005,Battue: Walls of Tarsos,2008,6.06,5.54,1.91,,162,Yes,https://boardgamegeek.com/boardgame/29005
129310,"Belisarius's War: The Roman Reconquest of Africa, AD 533-534",2012,6.62,5.54,1.64,14338,101,No,https://boardgamegeek.com/boardgame/129310
13493,Bell-Bottomed Badassses on the Mean Streets of Funk,2004,5.9,5.54,1.48,15693,230,No,https://boardgamegeek.com/boardgame/13493
2405,Bezique,1860,6.59,5.54,2.36,14204,109,No,https://boardgamegeek.com/boardgame/2405
127648,Black Stories: Sex and Crime Edition,2012,5.93,5.54,1.43,15786,250,No,https://boardgamegeek.com/boardgame/127648
5990,Blood & Iron,1993,6.46,5.54,2.48,14466,127,No,https://boardgamegeek.com/boardgame/5990
129735,Boom Boom Balloon,2012,5.92,5.54,1.0,14398,314,No,https://boardgamegeek.com/boardgame/129735
38886,Boot Hill,1975,6.61,5.54,2.14,14855,113,No,https://boardgamegeek.com/boardgame/38886
645,Bosworth,1998,5.82,5.54,2.1,15502,383,No,https://boardgamegeek.com/boardgame/645
9685,Bounce It-In Game,1984,6.21,5.54,1.12,14660,139,No,https://boardgamegeek.com/boardgame/9685
137498,Breaking the Chains: War in the South China Sea,2014,6.63,5.54,3.08,14660,103,No,https://boardgamegeek.com/boardgame/137498
6041,Budapest '45,1994,6.52,5.54,2.38,14448,124,No,https://boardgamegeek.com/boardgame/6041
129309,"Caesar's War: The Conquest of Gaul, 58-52 BC",2012,6.44,5.54,1.47,14234,118,No,https://boardgamegeek.com/boardgame/129309
50862,Caligula,2009,5.95,5.54,2.56,15171,241,No,https://boardgamegeek.com/boardgame/50862
3590,Campaign Trail: The Game of Presidential Elections,1983,6.61,5.54,1.75,14433,113,No,https://boardgamegeek.com/boardgame/3590
1020,Canyon: Grand Canyon,1999,6.46,5.54,2.17,,109,Yes,https://boardgamegeek.com/boardgame/1020
72131,Caravelas,2010,5.9,5.54,2.55,14208,381,No,https://boardgamegeek.com/boardgame/72131
133814,Castle Panic: The Wizard's Tower – Crossbow Promo,2012,6.43,5.54,1.71,,140,Yes,https://boardgamegeek.com/boardgame/133814
77034,Cat & Chocolate,2010,5.91,5.54,1.1,15042,297,No,https://boardgamegeek.com/boardgame/77034
38845,Catan Dice Game Plus,2007,5.86,5.54,1.38,,402,Yes,https://boardgamegeek.com/boardgame/38845
107649,Catch a Falling Star,2011,6.13,5.54,1.0,15113,154,No,https://boardgamegeek.com/boardgame/107649
2080,Central America,1987,6.1,5.54,4.23,14793,271,No,https://boardgamegeek.com/boardgame/2080
3627,Chaostle,2011,6.42,5.54,2.25,14256,261,No,https://boardgamegeek.com/boardgame/3627
97093,Cherokee,2011,5.94,5.54,1.83,14920,270,No,https://boardgamegeek.com/boardgame/97093
34280,Chez Geek 2: Blockparty,2005,6.29,5.54,1.0,,135,Yes,https://boardgamegeek.com/boardgame/34280
13928,Chinagold,2004,5.83,5.54,2.26,15608,307,No,https://boardgamegeek.com/boardgame/13928
108832,Chocoly,2011,6.17,5.54,1.33,14978,171,No,https://boardgamegeek.com/boardgame/108832
43136,Chunky Fighters,2009,6.21,5.54,1.14,14540,205,No,https://boardgamegeek.com/boardgame/43136
37345,Circus Maximus,2008,6.04,5.54,2.07,14360,213,No,https://boardgamegeek.com/boardgame/37345
12538,Clocktowers,2004,5.72,5.54,1.38,14885,567,No,https://boardgamegeek.com/boardgame/12538
5467,Clue: The Haunted Mansion,2002,6.23,5.54,1.78,14985,209,No,https://boardgamegeek.com/boardgame/5467
3034,Cluedo?: Super Sleuth,1995,6.11,5.54,2.11,15612,307,No,https://boardgamegeek.com/boardgame/3034
23387,Conan Collectible Card Game,2006,7.04,5.54,2.72,15338,114,No,https://boardgamegeek.com/boardgame/23387
129307,"Congo Merc: The Congo, 1964",2012,6.24,5.54,1.8,14749,148,No,https://boardgamegeek.com/boardgame/129307
62343,Cornucopia,2010,5.84,5.54,1.43,15736,270,No,https://boardgamegeek.com/boardgame/62343
31336,Corunea,2008,6.63,5.54,3.0,15077,115,No,https://boardgamegeek.com/boardgame/31336
4719,Cosmic Encounter: Expansion Set #5,1980,6.35,5.54,2.38,,123,Yes,https://boardgamegeek.com/boardgame/4719
2138,Crisis: Sinai 1973,1995,6.64,5.54,3.48,14465,112,No,https://boardgamegeek.com/boardgame/2138
38437,Curli Kuller,2008,6.44,5.54,1.0,15059,100,No,https://boardgamegeek.com/boardgame/38437
140682,Czas Honoru: Operacja Most III,2013,6.28,5.54,2.28,15435,137,No,https://boardgamegeek.com/boardgame/140682
27363,Danger 13,2007,6.0,5.54,1.23,14358,231,No,https://boardgamegeek.com/boardgame/27363
2285,Dark Future,1988,6.07,5.54,2.43,14283,317,No,https://boardgamegeek.com/boardgame/2285
1974,Das GROSSE und das kleine A,1996,6.54,5.54,1.3,14211,106,No,https://boardgamegeek.com/boardgame/1974
16369,Das Kleine Gespenst,2005,6.08,5.54,1.19,14495,208,No,https://boardgamegeek.com/boardgame/16369
1477,Days of Decision II: Global Political Conflict – 1936-1939,1994,6.37,5.54,3.69,14983,124,No,https://boardgamegeek.com/boardgame/1477
8666,Days of Decision: Global Political Conflict – 1936-1939,1990,6.26,5.54,3.81,15545,135,No,https://boardgamegeek.com/boardgame/8666
643,Deadlands: Doomtown Range Wars,2000,6.28,5.54,2.2,14200,144,No,https://boardgamegeek.com/boardgame/643
53723,Der HeidelBÄR,2009,6.36,5.54,1.12,15409,109,No,https://boardgamegeek.com/boardgame/53723
11730,Diam,2003,6.14,5.54,2.08,14603,160,No,https://boardgamegeek.com/boardgame/11730
167,Dicke Kartoffeln,1989,6.15,5.54,3.31,14780,171,No,https://boardgamegeek.com/boardgame/167
136086,"Die Welt: Singapur, wo liegt das nur?",2013,6.22,5.54,1.33,14850,145,No,https://boardgamegeek.com/boardgame/136086
125368,Dino Hunt Dice,2012,5.8,5.54,1.06,14538,503,No,https://boardgamegeek.com/boardgame/125368
125675,Doctor Who: The Card Game,2012,5.67,5.54,1.97,14735,867,No,https://boardgamegeek.com/boardgame/125675
754,Domain,1982,6.16,5.54,1.79,14325,201,No,https://boardgamegeek.com/boardgame/754
120990,Dominant Species: The Card Game – Promo Card Set,2012,6.25,5.54,2.12,,140,Yes,https://boardgamegeek.com/boardgame/120990
22111,Double or Nothing,2006,5.7,5.54,1.14,15641,526,No,https://boardgamegeek.com/boardgame/22111
1593,Down with the King,1981,5.81,5.54,3.07,15807,471,No,https://boardgamegeek.com/boardgame/1593
34696,Drachen Wurf,2008,5.9,5.54,1.18,14333,328,No,https://boardgamegeek.com/boardgame/34696
59061,Drakon,2001,6.06,5.54,1.5,15782,190,No,https://boardgamegeek.com/boardgame/59061
5038,"Druid: Boudicca's Rebellion, 61 A.D.",1984,6.82,5.54,2.5,14351,106,No,https://boardgamegeek.com/boardgame/5038
42617,Dune Express,2009,6.04,5.54,1.51,15228,229,No,https://boardgamegeek.com/boardgame/42617
2950,Dune: The Duel,1984,5.93,5.54,3.0,,252,Yes,https://boardgamegeek.com/boardgame/2950
108341,Dynamite Nurse,2011,6.31,5.54,2.0,14317,147,No,https://boardgamegeek.com/boardgame/108341
115976,Eaten By Zombies!: In Cahoots,2012,6.13,5.54,1.92,14333,196,No,https://boardgamegeek.com/boardgame/115976
15712,Egyptian Ratscrew,1975,5.8,5.54,1.19,14948,518,No,https://boardgamegeek.com/boardgame/15712
39699,Einfach Genial: Das Kartenspiel,2008,5.78,5.54,1.19,15746,337,No,https://boardgamegeek.com/boardgame/39699
5777,Electronic Detective,1979,6.56,5.54,2.0,15726,131,No,https://boardgamegeek.com/boardgame/5777
5086,Electronic Mall Madness,1989,5.9,5.54,1.18,14411,534,No,https://boardgamegeek.com/boardgame/5086
2546,Elixir,1987,5.99,5.54,1.41,14306,323,No,https://boardgamegeek.com/boardgame/2546
7838,Emmerlaüs Duel of Mages,1996,6.38,5.54,1.85,15391,162,No,https://boardgamegeek.com/boardgame/7838
39704,Emu Ranchers,2008,6.46,5.54,1.57,14881,111,No,https://boardgamegeek.com/boardgame/39704
18963,En Garde!,2005,5.81,5.54,1.3,14626,528,No,https://boardgamegeek.com/boardgame/18963
2350,Eureka,1988,5.9,5.54,1.47,15477,464,No,https://boardgamegeek.com/boardgame/2350
88665,Exclusive Warehouse 23 Munchkin Booster,2010,6.79,5.54,2.14,,103,Yes,https://boardgamegeek.com/boardgame/88665
73655,Expedition Sumatra,2010,6.18,5.54,2.43,15108,146,No,https://boardgamegeek.com/boardgame/73655
35665,Eye Know,2007,6.03,5.54,1.6,15388,203,No,https://boardgamegeek.com/boardgame/35665
17816,Family Fluxx,2005,5.73,5.54,1.23,14427,770,No,https://boardgamegeek.com/boardgame/17816
11002,Farfalia,2004,6.06,5.54,1.48,15148,181,No,https://boardgamegeek.com/boardgame/11002
1594,Federation Space,1981,6.49,5.54,2.86,15585,168,No,https://boardgamegeek.com/boardgame/1594
6909,Fief,1984,6.53,5.54,3.0,14430,102,No,https://boardgamegeek.com/boardgame/6909
8833,Firefight: Modern U.S. and Soviet Small Unit Tactics,1976,6.12,5.54,2.79,15793,248,No,https://boardgamegeek.com/boardgame/8833
2180,Flagship: Prometheus Unchained,2002,5.99,5.54,2.08,15733,185,No,https://boardgamegeek.com/boardgame/2180
123363,Fleet: Nunavut Weather Authority,2012,6.48,5.54,2.0,,109,Yes,https://boardgamegeek.com/boardgame/123363
41585,FlipOut,2009,6.04,5.54,1.08,15197,204,No,https://boardgamegeek.com/boardgame/41585
1101,Flying Carpet,1987,5.8,5.54,1.53,15497,382,No,https://boardgamegeek.com/boardgame/1101
114871,For The Win,2012,5.72,5.54,1.84,15156,505,No,https://boardgamegeek.com/boardgame/114871
11054,Four Battles in North Africa,1976,6.63,5.54,2.31,,100,No,https://boardgamegeek.com/boardgame/11054
6405,Four Battles of the Ancient World,1992,6.24,5.54,1.9,14787,148,No,https://boardgamegeek.com/boardgame/6405
2025,Frag,2001,5.66,5.54,1.76,14480,1972,No,https://boardgamegeek.com/boardgame/2025
3326,Frag: Fire Zone,2002,6.28,5.54,1.86,,144,Yes,https://boardgamegeek.com/boardgame/3326
25687,Fragile,2006,6.3,5.54,2.77,14216,154,No,https://boardgamegeek.com/boardgame/25687
5656,France 1944: The Allied Crusade in Europe,1986,6.25,5.54,2.94,14600,190,No,https://boardgamegeek.com/boardgame/5656
36659,Free Trader,2008,6.13,5.54,1.56,15025,177,No,https://boardgamegeek.com/boardgame/36659
133,Frischfleisch,1999,6.12,5.54,2.55,15179,158,No,https://boardgamegeek.com/boardgame/133
82702,Funfair,2010,5.85,5.54,1.43,15599,291,No,https://boardgamegeek.com/boardgame/82702
1760,Fury of the Clansmen,1994,6.48,5.54,2.75,15651,107,No,https://boardgamegeek.com/boardgame/1760
428,Galopp Royal,1995,5.9,5.54,1.63,15383,245,No,https://boardgamegeek.com/boardgame/428
1408,Gammarauders,1987,5.86,5.54,2.15,15640,449,No,https://boardgamegeek.com/boardgame/1408
4960,Gazala,1998,6.71,5.54,2.76,14732,104,No,https://boardgamegeek.com/boardgame/4960
140613,Gear & Piston,2013,5.72,5.54,2.12,15750,554,No,https://boardgamegeek.com/boardgame/140613
16142,Geisterwäldchen,2005,6.03,5.54,1.14,14191,209,No,https://boardgamegeek.com/boardgame/16142
33196,Genji,2008,5.81,5.54,2.0,14474,414,No,https://boardgamegeek.com/boardgame/33196
30287,Ghost for $ale,2007,5.9,5.54,2.0,15438,258,No,https://boardgamegeek.com/boardgame/30287
17075,Giza,2005,5.88,5.54,1.44,14388,365,No,https://boardgamegeek.com/boardgame/17075
24230,Glik,2006,6.22,5.54,2.0,14792,131,No,https://boardgamegeek.com/boardgame/24230
1367,Grand National Derby,1996,6.37,5.54,1.71,14906,112,No,https://boardgamegeek.com/boardgame/1367
23848,Hameln,2006,5.84,5.54,2.88,14383,321,No,https://boardgamegeek.com/boardgame/23848
132532,"Here, Fishy, Fishy!",2012,5.82,5.54,1.0,15613,340,No,https://boardgamegeek.com/boardgame/132532
29126,HeroCard Orc Wars,2007,6.23,5.54,2.39,15052,151,No,https://boardgamegeek.com/boardgame/29126
23375,HeroCard: Rise of the Shogun,2006,6.29,5.54,2.44,14542,175,No,https://boardgamegeek.com/boardgame/23375
9200,Heroes Incorporated,2004,6.06,5.54,1.97,14322,249,No,https://boardgamegeek.com/boardgame/9200
218,High-Bid,1963,5.89,5.54,1.79,15425,291,No,https://boardgamegeek.com/boardgame/218
9161,Highlander: The Card Game,1996,6.31,5.54,2.19,15138,155,No,https://boardgamegeek.com/boardgame/9161
5694,Highly Suspect!,2002,6.17,5.54,1.33,15785,130,No,https://boardgamegeek.com/boardgame/5694
139,Hoax,1981,5.95,5.54,1.33,15488,236,No,https://boardgamegeek.com/boardgame/139
4802,Holy Roman Empire,1984,6.47,5.54,2.6,15060,118,No,https://boardgamegeek.com/boardgame/4802
104780,Hoppe Reiter,2011,6.06,5.54,1.0,14443,210,No,https://boardgamegeek.com/boardgame/104780
119265,Hospital Rush,2014,5.93,5.54,1.71,14242,318,No,https://boardgamegeek.com/boardgame/119265
7609,Hue,1973,6.69,5.54,2.25,14280,101,No,https://boardgamegeek.com/boardgame/7609
33040,Humans!!!,2008,5.76,5.54,1.9,15687,805,No,https://boardgamegeek.com/boardgame/33040
1697,Hundred Days Battles,1979,5.98,5.54,2.68,15609,218,No,https://boardgamegeek.com/boardgame/1697
4671,INWO SubGenius,1998,6.09,5.54,2.65,14446,226,No,https://boardgamegeek.com/boardgame/4671
138966,Ici Londres,2013,6.22,5.54,1.2,14284,152,No,https://boardgamegeek.com/boardgame/138966
5732,Illuminati Expansion Set 3,1985,6.27,5.54,2.31,,139,Yes,https://boardgamegeek.com/boardgame/5732
469,In Teufels Küche,1993,6.18,5.54,1.08,14960,154,No,https://boardgamegeek.com/boardgame/469
57139,Infection Express,2009,6.19,5.54,1.7,15415,143,No,https://boardgamegeek.com/boardgame/57139
1246,Insecta,1992,6.27,5.54,2.74,15191,140,No,https://boardgamegeek.com/boardgame/1246
1907,International Movie Maker,1968,6.64,5.54,1.38,15791,111,No,https://boardgamegeek.com/boardgame/1907
3932,Interplay,1980,6.45,5.54,2.0,15334,121,No,https://boardgamegeek.com/boardgame/3932
3162,Invasion of the Air-eaters,1979,6.36,5.54,1.93,14421,129,No,https://boardgamegeek.com/boardgame/3162
119729,Jackal: Treasure Island,2011,6.24,5.54,1.25,14315,268,No,https://boardgamegeek.com/boardgame/119729
8707,"Jacob Marley, Esq.",2004,6.22,5.54,2.17,15790,128,No,https://boardgamegeek.com/boardgame/8707
37931,Jenga: Donkey Kong Collector's Edition,2008,5.91,5.54,1.2,14915,380,No,https://boardgamegeek.com/boardgame/37931
4031,Jungle,,5.96,5.54,1.75,14710,384,No,https://boardgamegeek.com/boardgame/4031
130907,Jungle Brunch,2012,6.05,5.54,1.5,15632,184,No,https://boardgamegeek.com/boardgame/130907
7033,Kadesh:  Mobile Warfare in the Ancient Middle East,1991,6.55,5.54,3.0,14839,108,No,https://boardgamegeek.com/boardgame/7033
35305,Kahmaté,2008,6.39,5.54,1.91,14633,116,No,https://boardgamegeek.com/boardgame/35305
4178,Kaliko,1968,6.53,5.54,2.3,14553,101,No,https://boardgamegeek.com/boardgame/4178
5953,Karambolage,1995,6.04,5.54,1.09,14616,201,No,https://boardgamegeek.com/boardgame/5953
940,Karawane,1990,5.99,5.54,1.57,15570,180,No,https://boardgamegeek.com/boardgame/940
20829,Keesdrow,2005,6.36,5.54,1.77,14520,131,No,https://boardgamegeek.com/boardgame/20829
10716,Kemps,,6.21,5.54,1.62,15099,182,No,https://boardgamegeek.com/boardgame/10716
131933,KerFlip!,2012,6.32,5.54,1.2,15035,119,No,https://boardgamegeek.com/boardgame/131933
768,Keytown,2000,6.43,5.54,2.8,14312,116,No,https://boardgamegeek.com/boardgame/768
8307,Killer,1981,6.18,5.54,2.07,14955,167,No,https://boardgamegeek.com/boardgame/8307
31547,Kleine Helden,2007,6.13,5.54,1.81,14575,202,No,https://boardgamegeek.com/boardgame/31547
39095,Klickado,2008,6.08,5.54,1.0,15196,203,No,https://boardgamegeek.com/boardgame/39095
1716,Knights of the Air,1987,6.17,5.54,3.48,14912,252,No,https://boardgamegeek.com/boardgame/1716
2773,Knights of the Dinner Table: HACK!,2001,5.97,5.54,1.76,15137,269,No,https://boardgamegeek.com/boardgame/2773
15471,Kokkelimonke Jubileum,2000,6.35,5.54,1.46,,135,No,https://boardgamegeek.com/boardgame/15471
25617,Korona,,6.25,5.54,1.18,14242,153,No,https://boardgamegeek.com/boardgame/25617
4375,Krone & Schwert,2002,5.97,5.54,2.51,14546,304,No,https://boardgamegeek.com/boardgame/4375
5483,"Kursk: History's Greatest Tank Battle, July 1943",1980,6.55,5.54,3.65,15159,102,No,https://boardgamegeek.com/boardgame/5483
130008,La Loire,2012,6.13,5.54,3.0,15530,140,No,https://boardgamegeek.com/boardgame/130008
6862,Laska,1911,6.55,5.54,2.57,15662,102,No,https://boardgamegeek.com/boardgame/6862
4500,Like Lions They Fought,1994,6.58,5.54,2.54,14212,117,No,https://boardgamegeek.com/boardgame/4500
35452,Lincoln's War,2013,6.27,5.54,3.05,15668,113,No,https://boardgamegeek.com/boardgame/35452
41149,Linkage,2009,6.27,5.54,2.11,14755,173,No,https://boardgamegeek.com/boardgame/41149
77076,Loch Ness,2010,5.96,5.54,1.16,14922,277,No,https://boardgamegeek.com/boardgame/77076
3646,Luftwaffe: The Game of Aerial Combat Over Germany 1943-45,1970,5.75,5.54,2.65,15450,1003,No,https://boardgamegeek.com/boardgame/3646
131387,MOD X,2012,6.91,5.54,1.33,14345,114,No,https://boardgamegeek.com/boardgame/131387
429,Magalon,1998,5.93,5.54,1.9,15744,265,No,https://boardgamegeek.com/boardgame/429
33156,Magnet,2008,6.24,5.54,2.31,14641,149,No,https://boardgamegeek.com/boardgame/33156
17235,Mago Magino,2004,6.08,5.54,1.15,15262,205,No,https://boardgamegeek.com/boardgame/17235
32469,Make You Gunfighters,2007,6.15,5.54,1.18,14797,185,No,https://boardgamegeek.com/boardgame/32469
1924,Maloney's Inheritance,1988,6.01,5.54,2.0,14766,227,No,https://boardgamegeek.com/boardgame/1924
3147,Mandarin,1991,6.35,5.54,1.22,15563,155,No,https://boardgamegeek.com/boardgame/3147
26233,Manimals,2006,6.32,5.54,1.12,15204,113,No,https://boardgamegeek.com/boardgame/26233
3063,March Madness,1991,6.35,5.54,2.19,14647,147,No,https://boardgamegeek.com/boardgame/3063
7636,"Marita-Merkur: The Campaign in the Balkans, 1940-41",1979,6.76,5.54,3.77,14154,103,No,https://boardgamegeek.com/boardgame/7636
55315,Maus au Chocolat,2009,5.91,5.54,1.3,14756,258,No,https://boardgamegeek.com/boardgame/55315
5383,MechWar '77: Tactical Armored Combat in the 1970's,1975,6.29,5.54,3.18,14708,187,No,https://boardgamegeek.com/boardgame/5383
79,MedFront: War in North Africa 1940-43,1994,6.39,5.54,3.08,14953,128,No,https://boardgamegeek.com/boardgame/79
99698,Micro Space Empire,2011,6.48,5.54,1.22,14568,125,No,https://boardgamegeek.com/boardgame/99698
67910,Mini FITS,2010,5.84,5.54,1.23,15174,320,No,https://boardgamegeek.com/boardgame/67910
679,Minion Hunter,1992,6.2,5.54,1.88,14805,198,No,https://boardgamegeek.com/boardgame/679
40962,Mirror Mansion,2009,5.98,5.54,1.36,14699,217,No,https://boardgamegeek.com/boardgame/40962
40800,Miss Poutine,2009,6.08,5.54,1.15,14391,220,No,https://boardgamegeek.com/boardgame/40800
34444,Misterio,1984,6.18,5.54,1.11,14477,242,No,https://boardgamegeek.com/boardgame/34444
178,Mole Hill,1997,6.01,5.54,1.72,14331,229,No,https://boardgamegeek.com/boardgame/178
31382,Monkey Business,2007,6.15,5.54,1.22,,140,Yes,https://boardgamegeek.com/boardgame/31382
122701,Monolith: The Strategy Game,2013,6.16,5.54,2.28,14775,195,No,https://boardgamegeek.com/boardgame/122701
4842,Monster Derby,1994,6.11,5.54,2.29,15326,151,No,https://boardgamegeek.com/boardgame/4842
285,Monsters Ravage America,1998,5.9,5.54,2.19,14518,286,No,https://boardgamegeek.com/boardgame/285
16415,Monstertorte,1996,6.26,5.54,1.0,15144,128,No,https://boardgamegeek.com/boardgame/16415
4659,Moods,2000,5.85,5.54,1.13,14166,469,No,https://boardgamegeek.com/boardgame/4659
105060,Munchkin Fairy Dust Dice,2011,6.89,5.54,2.5,,100,Yes,https://boardgamegeek.com/boardgame/105060
647,Mystick Domination,2000,6.43,5.54,2.83,15345,109,No,https://boardgamegeek.com/boardgame/647
7941,NATO: Operational Combat in Europe in the 1970's,1973,6.21,5.54,2.62,15812,141,No,https://boardgamegeek.com/boardgame/7941
55842,Namibia,2010,6.26,5.54,3.25,14990,125,No,https://boardgamegeek.com/boardgame/55842
20906,Nature of the Beast: Farm vs. Forest,2005,6.41,5.54,2.59,15574,107,No,https://boardgamegeek.com/boardgame/20906
6978,Neutron,1978,6.06,5.54,2.1,14914,247,No,https://boardgamegeek.com/boardgame/6978
7058,Nicaragua!: Revolution in Central America,1988,6.44,5.54,2.67,15750,102,No,https://boardgamegeek.com/boardgame/7058
10902,Nightmare IV,1993,6.51,5.54,2.29,,148,Yes,https://boardgamegeek.com/boardgame/10902
31586,Obcy,1988,6.55,5.54,2.13,14457,163,No,https://boardgamegeek.com/boardgame/31586
6270,Objective Moscow: The Death of Soviet Communism,1978,6.61,5.54,3.73,14250,121,No,https://boardgamegeek.com/boardgame/6270
109657,Ocean Limbo,2011,6.14,5.54,1.06,15553,137,No,https://boardgamegeek.com/boardgame/109657
120814,Off Your Rocker,2012,6.07,5.54,1.14,15675,176,No,https://boardgamegeek.com/boardgame/120814
1970,Oh-Wah-Ree,1962,5.97,5.54,1.54,15426,293,No,https://boardgamegeek.com/boardgame/1970
1474,Ohio,1998,6.21,5.54,1.6,14751,155,No,https://boardgamegeek.com/boardgame/1474
1598,Olympica,1978,6.38,5.54,2.1,14704,128,No,https://boardgamegeek.com/boardgame/1598
118953,Olympicards,2012,6.08,5.54,1.29,15765,151,No,https://boardgamegeek.com/boardgame/118953
105864,On the Cards,2011,6.49,5.54,1.56,15389,100,No,https://boardgamegeek.com/boardgame/105864
36661,One More Barrel,2008,6.36,5.54,3.22,14579,155,No,https://boardgamegeek.com/boardgame/36661
6813,Operation Market Garden: Descent Into Hell,1985,6.83,5.54,2.89,14428,103,No,https://boardgamegeek.com/boardgame/6813
3576,Operation Olympic: The Invasion of Japan 1 November 1945,1974,6.24,5.54,2.41,15521,144,No,https://boardgamegeek.com/boardgame/3576
39888,Order of the Stick Adventure Game: The Shortening,2011,6.36,5.54,2.67,,113,Yes,https://boardgamegeek.com/boardgame/39888
103975,Ortus,2013,6.29,5.54,2.91,15742,111,No,https://boardgamegeek.com/boardgame/103975
112102,Pantolino,2011,6.04,5.54,1.0,15378,238,No,https://boardgamegeek.com/boardgame/112102
15383,Pass the Bomb Junior,1999,6.05,5.54,1.11,15565,196,No,https://boardgamegeek.com/boardgame/15383
1161,Perquackey,1956,6.04,5.54,1.58,15441,255,No,https://boardgamegeek.com/boardgame/1161
113937,Phantom,2012,6.35,5.54,2.25,15651,109,No,https://boardgamegeek.com/boardgame/113937
22664,Phase 10 Masters Edition,2001,5.83,5.54,1.41,14345,542,No,https://boardgamegeek.com/boardgame/22664
38187,Phase 10 Twist,2007,6.1,5.54,1.2,14694,247,No,https://boardgamegeek.com/boardgame/38187
606,Pico 2,1997,5.9,5.54,1.15,14245,294,No,https://boardgamegeek.com/boardgame/606
24118,Pictionary Mania,2005,5.98,5.54,1.71,15811,188,No,https://boardgamegeek.com/boardgame/24118
27624,Pictionary: 15th Anniversary,2000,6.24,5.54,1.25,14840,167,No,https://boardgamegeek.com/boardgame/27624
11646,Piquet,1534,6.52,5.54,2.61,14589,112,No,https://boardgamegeek.com/boardgame/11646
41123,Pirate Versus Pirate,2010,5.94,5.54,1.07,14974,272,No,https://boardgamegeek.com/boardgame/41123
122327,Pirates of the Spanish Main: Shuffling the Deck,2012,5.97,5.54,1.58,15009,230,No,https://boardgamegeek.com/boardgame/122327
3472,Plagio,1999,6.63,5.54,2.0,14248,105,No,https://boardgamegeek.com/boardgame/3472
2510,Playboss,1969,6.35,5.54,2.53,14334,143,No,https://boardgamegeek.com/boardgame/2510
7993,Pole Position,1989,6.19,5.54,1.64,15199,135,No,https://boardgamegeek.com/boardgame/7993
43023,Polizei-Alarm!,2009,6.42,5.54,1.14,14278,120,No,https://boardgamegeek.com/boardgame/43023
12451,Pro Action Football,1994,6.41,5.54,1.12,14444,154,No,https://boardgamegeek.com/boardgame/12451
39020,Professor Pünschge,2008,6.1,5.54,2.36,15323,162,No,https://boardgamegeek.com/boardgame/39020
5107,Pyramid: Home Game,1974,6.26,5.54,1.22,15424,141,No,https://boardgamegeek.com/boardgame/5107
131060,Ready to Rock!,2012,6.17,5.54,1.86,15518,158,No,https://boardgamegeek.com/boardgame/131060
11930,Renju,,6.38,5.54,2.45,15810,119,No,https://boardgamegeek.com/boardgame/11930
40251,Risk: Balance of Power,2008,5.81,5.54,2.28,15090,483,No,https://boardgamegeek.com/boardgame/40251
1578,RoadKill,1993,5.92,5.54,2.39,14302,305,No,https://boardgamegeek.com/boardgame/1578
132429,Room 25: The Audience Promo,2012,6.63,5.54,1.67,,101,Yes,https://boardgamegeek.com/boardgame/132429
64080,Rowboat,2009,6.1,5.54,2.12,14196,207,No,https://boardgamegeek.com/boardgame/64080
24028,Rukshuk,2006,5.93,5.54,1.33,14264,369,No,https://boardgamegeek.com/boardgame/24028
18881,Schildi Schildkröte,2004,6.42,5.54,1.13,14177,117,No,https://boardgamegeek.com/boardgame/18881
94116,Schlag den Raab: Das 2. Spiel,2011,6.37,5.54,1.38,14702,118,No,https://boardgamegeek.com/boardgame/94116
18266,SeaSim,2004,6.02,5.54,2.19,14654,207,No,https://boardgamegeek.com/boardgame/18266
131457,Septikon: Uranium Wars,2012,6.34,5.54,2.3,15555,133,No,https://boardgamegeek.com/boardgame/131457
118561,Sequence,,6.61,5.54,,14382,108,No,https://boardgamegeek.com/boardgame/118561
108080,Shadows Upon Lassadar,2011,6.56,5.54,2.25,15132,104,No,https://boardgamegeek.com/boardgame/108080
128927,Shinobi: War of Clans,2012,5.95,5.54,1.44,15593,237,No,https://boardgamegeek.com/boardgame/128927
6038,Shogun Triumphant,1993,6.53,5.54,2.89,15014,111,No,https://boardgamegeek.com/boardgame/6038
26047,Sid Meier's Civilization: The Card Game,2006,5.97,5.54,2.11,15346,277,No,https://boardgamegeek.com/boardgame/26047
3054,Sideshow: The Campaign for German East Africa 1914-1918,1990,6.31,5.54,2.83,15406,122,No,https://boardgamegeek.com/boardgame/3054
1940,Sindbad,1990,6.14,5.54,1.52,15376,170,No,https://boardgamegeek.com/boardgame/1940
35311,Sixis,2008,6.25,5.54,1.43,15778,110,No,https://boardgamegeek.com/boardgame/35311
23329,Skybridge,2006,5.93,5.54,1.93,14159,319,No,https://boardgamegeek.com/boardgame/23329
70767,Smash Monster Rampage!,2010,6.47,5.54,2.08,14203,121,No,https://boardgamegeek.com/boardgame/70767
6009,Soldiers of the Queen: Battles at Isandhlwana and Omdurman,1984,6.45,5.54,2.77,15573,107,No,https://boardgamegeek.com/boardgame/6009
97655,Space Maze,2011,5.89,5.54,2.14,14741,295,No,https://boardgamegeek.com/boardgame/97655
6993,Spinner,1983,6.32,5.54,2.92,14788,133,No,https://boardgamegeek.com/boardgame/6993
1243,Split Second,1992,6.17,5.54,1.0,14599,183,No,https://boardgamegeek.com/boardgame/1243
10096,Splotch!,1998,6.62,5.54,2.14,14580,104,No,https://boardgamegeek.com/boardgame/10096
4141,Spy Web,1997,6.15,5.54,1.54,14156,186,No,https://boardgamegeek.com/boardgame/4141
3568,Stage II,1985,6.35,5.54,1.91,14263,140,No,https://boardgamegeek.com/boardgame/3568
1699,Star Smuggler,1982,6.57,5.54,2.67,14545,120,No,https://boardgamegeek.com/boardgame/1699
5258,Star Trek: The Next Generation – Interactive VCR Board Game – A Klingon Challenge,1993,5.84,5.54,1.72,15188,611,No,https://boardgamegeek.com/boardgame/5258
1792,Star Viking,1981,6.59,5.54,2.82,14846,107,No,https://boardgamegeek.com/boardgame/1792
130600,Star Wars Labyrinth,2012,5.99,5.54,1.12,15207,224,No,https://boardgamegeek.com/boardgame/130600
3594,Star Wars: Battle for Endor,1989,6.21,5.54,2.15,14567,174,No,https://boardgamegeek.com/boardgame/3594
132407,Stone & Relic,2013,6.37,5.54,2.0,14220,126,No,https://boardgamegeek.com/boardgame/132407
8362,Strategy I: Strategic Warfare 350BC to 1984,1971,6.61,5.54,3.08,15050,110,No,https://boardgamegeek.com/boardgame/8362
141734,String Safari,2013,6.01,5.54,1.44,15133,182,No,https://boardgamegeek.com/boardgame/141734
2890,Supremacy: Main Battle Tanks,1990,6.47,5.54,2.0,,103,Yes,https://boardgamegeek.com/boardgame/2890
2913,Supremacy: Neutron Bombs and Killer Satellites,1988,6.38,5.54,2.71,,142,Yes,https://boardgamegeek.com/boardgame/2913
2914,Supremacy: The Middle Powers,1988,6.45,5.54,2.57,,122,Yes,https://boardgamegeek.com/boardgame/2914
1521,Supremacy: Warlords and Pirates of the Neutral Zones,1987,6.28,5.54,2.22,,164,Yes,https://boardgamegeek.com/boardgame/1521
31926,TAIJI,2007,6.38,5.54,2.07,14678,128,No,https://boardgamegeek.com/boardgame/31926
86542,Taiga,2010,6.3,5.54,1.1,14276,136,No,https://boardgamegeek.com/boardgame/86542
454,Tante Tarantel,1991,6.18,5.54,1.27,14986,144,No,https://boardgamegeek.com/boardgame/454
5488,TaskForce: Naval Tactics and Operations in the 1980's,1981,6.7,5.54,3.27,14552,109,No,https://boardgamegeek.com/boardgame/5488
5001,Telepaths,1992,6.28,5.54,1.25,14918,148,No,https://boardgamegeek.com/boardgame/5001
4084,The Alamo,1981,6.22,5.54,2.21,15416,150,No,https://boardgamegeek.com/boardgame/4084
4252,The Big Red One: The Game of the First Infantry Division at the Battle of the Bulge,1979,6.37,5.54,2.17,15774,123,No,https://boardgamegeek.com/boardgame/4252
477,The Broadway Game,1981,6.45,5.54,2.31,14827,126,No,https://boardgamegeek.com/boardgame/477
1920,The Business Game,1965,5.93,5.54,2.08,15537,371,No,https://boardgamegeek.com/boardgame/1920
6826,The Campaigns of Robert E. Lee,1988,6.68,5.54,3.84,15023,100,No,https://boardgamegeek.com/boardgame/6826
10262,The Chaco War,1991,6.55,5.54,2.71,14502,110,No,https://boardgamegeek.com/boardgame/10262
116860,The Cook-off,2013,6.17,5.54,1.43,15256,159,No,https://boardgamegeek.com/boardgame/116860
7840,The Defense of Rorke's Drift,1991,6.74,5.54,2.46,14223,111,No,https://boardgamegeek.com/boardgame/7840
124548,The Doom That Came to Atlantic City,2013,6.03,5.54,1.84,14295,366,No,https://boardgamegeek.com/boardgame/124548
1586,The Hobbit Adventure Boardgame,1994,5.95,5.54,1.85,15119,369,No,https://boardgamegeek.com/boardgame/1586
4208,"The Kaiser's Battle: The German Offensive, March 1918",1980,6.1,5.54,2.66,15399,180,No,https://boardgamegeek.com/boardgame/4208
2736,The Lonely Mountain,1984,6.6,5.54,2.88,14854,105,No,https://boardgamegeek.com/boardgame/2736
13676,The Perfect 10,2003,5.94,5.54,1.93,14625,252,No,https://boardgamegeek.com/boardgame/13676
131321,The Valkyrie Incident,2013,6.54,5.54,1.92,14731,101,No,https://boardgamegeek.com/boardgame/131321
99120,The Walking Dead: The Board Game,2011,5.73,5.54,2.04,15087,1154,No,https://boardgamegeek.com/boardgame/99120
26919,The War Game: World War II,2005,7.12,5.54,3.38,14313,103,No,https://boardgamegeek.com/boardgame/26919
24693,They Shall Not Pass: The Battle of Verdun 1916,2007,6.63,5.54,2.58,14187,110,No,https://boardgamegeek.com/boardgame/24693
2215,They've Invaded Pleasantville,1981,6.12,5.54,2.06,14786,195,No,https://boardgamegeek.com/boardgame/2215
38454,Ticket to Ride: The Dice Expansion,2008,5.69,5.54,1.52,,869,Yes,https://boardgamegeek.com/boardgame/38454
5491,Time is Money,2003,6.18,5.54,1.12,14354,159,No,https://boardgamegeek.com/boardgame/5491
112355,Toc Toc Woodman: Golden Axe Expansion,2011,6.3,5.54,1.0,,135,Yes,https://boardgamegeek.com/boardgame/112355
69105,Toledo 1085,2010,6.01,5.54,1.86,15141,272,No,https://boardgamegeek.com/boardgame/69105
3843,Tomb Raider Collectible Card Game,1999,6.21,5.54,2.06,15605,225,No,https://boardgamegeek.com/boardgame/3843
4328,Tony & Tino,2002,5.86,5.54,1.7,15216,271,No,https://boardgamegeek.com/boardgame/4328
42881,Trenches of Valor: Raids Across No Man's Land 1918,2009,6.45,5.54,1.55,15276,112,No,https://boardgamegeek.com/boardgame/42881
7377,Tri-Ba-Lance,1995,6.36,5.54,1.5,15167,113,No,https://boardgamegeek.com/boardgame/7377
2902,Twilight Imperium: Armada,2001,6.61,5.54,2.67,14259,118,No,https://boardgamegeek.com/boardgame/2902
207,Twitch,1998,6.07,5.54,1.17,15083,187,No,https://boardgamegeek.com/boardgame/207
8727,"U.S.N.: The Game of War in the Pacific, 1941-43",1971,6.46,5.54,3.41,15154,126,No,https://boardgamegeek.com/boardgame/8727
20952,UNO Junior,1992,5.71,5.54,1.07,15553,632,No,https://boardgamegeek.com/boardgame/20952
93472,Ubongo: Das Kartenspiel,2011,5.98,5.54,1.07,14811,247,No,https://boardgamegeek.com/boardgame/93472
1305,Ulysses,2001,6.17,5.54,2.08,15802,163,No,https://boardgamegeek.com/boardgame/1305
2047,Up the Creek,1975,5.76,5.54,1.23,15593,490,No,https://boardgamegeek.com/boardgame/2047
42057,Utopian Rummy,2009,6.59,5.54,1.53,14588,101,No,https://boardgamegeek.com/boardgame/42057
11632,Veleno,1986,6.53,5.54,1.12,14284,104,No,https://boardgamegeek.com/boardgame/11632
1651,Vertigo,1990,6.43,5.54,2.22,15456,100,No,https://boardgamegeek.com/boardgame/1651
93733,Volle Scholle,2011,6.15,5.54,1.6,14950,151,No,https://boardgamegeek.com/boardgame/93733
702,Wabbit Wampage,1985,6.02,5.54,2.05,14620,236,No,https://boardgamegeek.com/boardgame/702
31803,Wadi,2007,6.2,5.54,2.32,14816,164,No,https://boardgamegeek.com/boardgame/31803
2095,Waldmeister,1994,6.28,5.54,2.4,14669,129,No,https://boardgamegeek.com/boardgame/2095
117707,Wanzen tanzen,2012,6.19,5.54,1.22,14290,166,No,https://boardgamegeek.com/boardgame/117707
4686,War at Sea 2,1977,6.67,5.54,2.07,,101,Yes,https://boardgamegeek.com/boardgame/4686
9238,"War in the Ice: The Battle for the Seventh Continent, 1991-92",1978,6.42,5.54,2.89,15247,122,No,https://boardgamegeek.com/boardgame/9238
33048,"Warhammer 40,000: Apocalypse",2007,6.35,5.54,3.89,15123,125,No,https://boardgamegeek.com/boardgame/33048
54541,Warzoo,2015,6.5,5.54,1.33,15673,100,No,https://boardgamegeek.com/boardgame/54541
23284,Wayfinder,2006,6.58,5.54,2.84,15213,117,No,https://boardgamegeek.com/boardgame/23284
2986,Web and Starship,1984,6.41,5.54,3.44,14667,126,No,https://boardgamegeek.com/boardgame/2986
79413,Wer war's?: Mitbringspiel,2009,6.12,5.54,1.0,15362,153,No,https://boardgamegeek.com/boardgame/79413
93563,Whitewater,2012,5.94,5.54,1.54,14686,255,No,https://boardgamegeek.com/boardgame/93563
25866,Wizard Junior,2006,6.31,5.54,1.33,15380,112,No,https://boardgamegeek.com/boardgame/25866
138016,WordARound,2012,6.05,5.54,1.0,14302,203,No,https://boardgamegeek.com/boardgame/138016
39354,World of Warcraft: The Adventure Game – Dongon Swiftblade Character Pack,2008,6.73,5.54,2.1,,115,Yes,https://boardgamegeek.com/boardgame/39354
4816,Xactika,2002,5.76,5.54,2.02,14791,541,No,https://boardgamegeek.com/boardgame/4816
41054,You Robot,2009,5.92,5.54,1.25,15296,254,No,https://boardgamegeek.com/boardgame/41054
1066,Zargos,1990,6.33,5.54,2.69,14387,150,No,https://boardgamegeek.com/boardgame/1066
35003,Zark City,2008,6.49,5.54,2.31,14467,104,No,https://boardgamegeek.com/boardgame/35003
89575,Zip-It,2010,6.13,5.54,1.29,15531,160,No,https://boardgamegeek.com/boardgame/89575
110922,Zooloretto: Catta,2011,6.53,5.54,1.86,,103,Yes,https://boardgamegeek.com/boardgame/110922
63869,Zooloretto: Christmas Tree,2009,6.49,5.54,1.86,,110,Yes,https://boardgamegeek.com/boardgame/63869
85911,Zooloretto: Octopus,2010,6.56,5.54,1.57,,102,Yes,https://boardgamegeek.com/boardgame/85911
10234,¡Arriba España!,1997,6.54,5.54,2.79,14155,121,No,https://boardgamegeek.com/boardgame/10234
17132,1800: Colorado,2002,6.11,5.53,3.57,17039,122,No,https://boardgamegeek.com/boardgame/17132
25344,18TN: The Railroads Come to Tennessee,2006,6.14,5.53,3.8,15860,123,No,https://boardgamegeek.com/boardgame/25344
4962,1914,1968,5.88,5.53,3.57,17944,305,No,https://boardgamegeek.com/boardgame/4962
38499,22 Pommes,2009,6.01,5.53,1.35,15824,182,No,https://boardgamegeek.com/boardgame/38499
28843,300: The Board Game,2007,6.0,5.53,1.89,17485,194,No,https://boardgamegeek.com/boardgame/28843
2061,A Line in the Sand,1991,5.96,5.53,2.77,17736,222,No,https://boardgamegeek.com/boardgame/2061
906,Abilene,1983,5.95,5.53,1.7,17508,165,No,https://boardgamegeek.com/boardgame/906
123406,Ace Detective,2013,5.95,5.53,2.2,16560,191,No,https://boardgamegeek.com/boardgame/123406
9473,Adam & Eva,2004,6.01,5.53,1.39,16681,188,No,https://boardgamegeek.com/boardgame/9473
88147,Adaman,2010,6.14,5.53,1.27,17513,117,No,https://boardgamegeek.com/boardgame/88147
10267,Africa Orientale,1989,6.37,5.53,3.18,17486,108,No,https://boardgamegeek.com/boardgame/10267
3615,"Agincourt: The Triumph of Archery over Armor, 1415",1978,6.35,5.53,2.55,16959,105,No,https://boardgamegeek.com/boardgame/3615
45020,Agricola Express,2009,6.14,5.53,1.82,17678,113,No,https://boardgamegeek.com/boardgame/45020
39090,Agricola: L-Deck,2008,5.89,5.53,2.32,,302,Yes,https://boardgamegeek.com/boardgame/39090
20031,Ahoy,2005,5.96,5.53,1.11,17664,168,No,https://boardgamegeek.com/boardgame/20031
3309,Air Cav,1985,6.01,5.53,2.7,16487,200,No,https://boardgamegeek.com/boardgame/3309
4217,Alexandros,1991,6.3,5.53,2.29,17594,112,No,https://boardgamegeek.com/boardgame/4217
5900,Aliens Predator,1997,6.13,5.53,2.29,16009,206,No,https://boardgamegeek.com/boardgame/5900
3157,All-Star Baseball,1941,6.06,5.53,1.31,16651,180,No,https://boardgamegeek.com/boardgame/3157
19651,Angkor,2005,6.0,5.53,1.78,16791,218,No,https://boardgamegeek.com/boardgame/19651
3485,Anno Domini,1995,5.96,5.53,1.73,18151,175,No,https://boardgamegeek.com/boardgame/3485
60035,Ants!,2009,5.96,5.53,2.22,16233,234,No,https://boardgamegeek.com/boardgame/60035
24999,Ardeny 1944,1992,6.28,5.53,3.19,17005,127,No,https://boardgamegeek.com/boardgame/24999
92177,Articulate! Your Life,2010,6.24,5.53,1.0,17842,130,No,https://boardgamegeek.com/boardgame/92177
430,Asterix: Das Kartenspiel,1990,5.97,5.53,1.13,16790,176,No,https://boardgamegeek.com/boardgame/430
1390,Auf Kurs,1987,5.98,5.53,2.06,18208,126,No,https://boardgamegeek.com/boardgame/1390
6187,Avalon,2003,5.89,5.53,1.83,16755,397,No,https://boardgamegeek.com/boardgame/6187
24658,Avanti mare!,2000,5.83,5.53,1.0,16797,252,No,https://boardgamegeek.com/boardgame/24658
956,Azteca,1998,6.08,5.53,3.15,17726,152,No,https://boardgamegeek.com/boardgame/956
63490,"BANG! Claus ""The Saint""",2007,6.4,5.53,1.57,,100,Yes,https://boardgamegeek.com/boardgame/63490
3100,Backpacks and Blisters,1993,6.22,5.53,2.0,16225,115,No,https://boardgamegeek.com/boardgame/3100
126340,Baldrick's Tomb,2012,6.21,5.53,1.55,16087,130,No,https://boardgamegeek.com/boardgame/126340
130723,Banana Matcho,2012,5.96,5.53,1.07,17611,148,No,https://boardgamegeek.com/boardgame/130723
3616,BattleTech: Battleforce,1987,6.23,5.53,3.18,17473,157,No,https://boardgamegeek.com/boardgame/3616
7943,BattleTech: Battletroops,1989,6.38,5.53,3.07,17463,124,No,https://boardgamegeek.com/boardgame/7943
35306,Battlefields of Olympus,2008,6.13,5.53,1.95,16136,141,No,https://boardgamegeek.com/boardgame/35306
27948,Beppo der Bock,2007,5.81,5.53,1.12,16376,306,No,https://boardgamegeek.com/boardgame/27948
2296,Bermuda Triangle,1975,5.67,5.53,1.22,15925,938,No,https://boardgamegeek.com/boardgame/2296
19591,Big Manitou,2005,5.8,5.53,1.97,18053,318,No,https://boardgamegeek.com/boardgame/19591
60464,Black Stories 5,2009,6.07,5.53,1.0,16296,147,No,https://boardgamegeek.com/boardgame/60464
86538,Black Stories 6,2010,6.15,5.53,1.0,18019,105,No,https://boardgamegeek.com/boardgame/86538
5172,Blitzkrieg General,1999,6.32,5.53,2.47,16884,110,No,https://boardgamegeek.com/boardgame/5172
121995,Blurble,2013,5.98,5.53,1.25,17141,162,No,https://boardgamegeek.com/boardgame/121995
104376,Bonbons,2011,5.92,5.53,1.14,17652,205,No,https://boardgamegeek.com/boardgame/104376
129308,Border War: Angola Raiders,2012,6.29,5.53,1.67,17203,103,No,https://boardgamegeek.com/boardgame/129308
8643,Brawling Battleships,2003,6.37,5.53,1.85,16365,102,No,https://boardgamegeek.com/boardgame/8643
72242,Bridgetown Races,2010,6.1,5.53,2.2,16287,137,No,https://boardgamegeek.com/boardgame/72242
117549,Bullenparty,2012,6.05,5.53,1.88,17265,131,No,https://boardgamegeek.com/boardgame/117549
65590,Bumbesi,2010,5.96,5.53,1.22,16300,193,No,https://boardgamegeek.com/boardgame/65590
1721,Business Strategy,1973,6.19,5.53,2.59,17372,152,No,https://boardgamegeek.com/boardgame/1721
40773,"Bürger, Baumeister & Co.",2009,5.94,5.53,1.79,16960,206,No,https://boardgamegeek.com/boardgame/40773
137173,Cairo Corridor,2013,5.99,5.53,2.0,16216,185,No,https://boardgamegeek.com/boardgame/137173
138973,Camelot: The Build,2013,6.18,5.53,2.1,16135,182,No,https://boardgamegeek.com/boardgame/138973
34376,Captain Clueless: Lost in the Caribbean,2008,6.06,5.53,1.0,17273,121,No,https://boardgamegeek.com/boardgame/34376
50381,Cards Against Humanity,2009,5.7,5.53,1.17,18071,30984,No,https://boardgamegeek.com/boardgame/50381
3727,Carla Cat,1955,5.66,5.53,1.02,16655,702,No,https://boardgamegeek.com/boardgame/3727
101930,Carnival,2011,5.66,5.53,1.52,17716,517,No,https://boardgamegeek.com/boardgame/101930
133524,Caro,2012,6.22,5.53,1.92,16527,105,No,https://boardgamegeek.com/boardgame/133524
34185,Cartagena: Die Goldinsel,2008,5.98,5.53,1.83,17765,161,No,https://boardgamegeek.com/boardgame/34185
4764,Casino Yahtzee,1986,6.18,5.53,1.12,16601,134,No,https://boardgamegeek.com/boardgame/4764
18127,Castle Merchants,2005,5.75,5.53,1.92,16794,369,No,https://boardgamegeek.com/boardgame/18127
47410,Catan Dice Game Deluxe Edition,2009,6.39,5.53,1.2,,104,No,https://boardgamegeek.com/boardgame/47410
21293,Celtica,2006,5.62,5.53,1.43,17569,824,No,https://boardgamegeek.com/boardgame/21293
8322,"Chad: The Toyota Wars, 1979-1988",1991,6.19,5.53,3.21,16861,115,No,https://boardgamegeek.com/boardgame/8322
128352,Chaos & Alchemy,2012,6.04,5.53,2.08,18113,190,No,https://boardgamegeek.com/boardgame/128352
67038,Charly,2010,5.8,5.53,1.32,16962,291,No,https://boardgamegeek.com/boardgame/67038
56342,Chez Cthulhu,2010,5.8,5.53,1.62,17200,395,No,https://boardgamegeek.com/boardgame/56342
21572,ChickenFoot,1986,5.92,5.53,1.26,17298,201,No,https://boardgamegeek.com/boardgame/21572
17209,Cineplexity,2007,5.75,5.53,1.13,18101,334,No,https://boardgamegeek.com/boardgame/17209
19766,City of Heroes CCG,2005,6.27,5.53,2.23,17949,104,No,https://boardgamegeek.com/boardgame/19766
113301,Clocks,2012,6.25,5.53,1.79,16067,162,No,https://boardgamegeek.com/boardgame/113301
33225,Clue:  The Twilight Zone – Tower of Terror,2007,6.52,5.53,2.0,16066,106,No,https://boardgamegeek.com/boardgame/33225
1663,Clue: Dungeons & Dragons,2001,5.91,5.53,1.65,16540,334,No,https://boardgamegeek.com/boardgame/1663
33984,Code Omega,2008,6.06,5.53,1.62,16735,138,No,https://boardgamegeek.com/boardgame/33984
94746,Coffee,2011,6.41,5.53,2.56,15914,116,No,https://boardgamegeek.com/boardgame/94746
22721,Combo King,2006,5.88,5.53,1.15,16657,240,No,https://boardgamegeek.com/boardgame/22721
20120,Comrade Koba,2005,6.15,5.53,1.43,15961,151,No,https://boardgamegeek.com/boardgame/20120
3705,Contraband,1950,5.91,5.53,1.35,16412,289,No,https://boardgamegeek.com/boardgame/3705
387,Corruption,2000,5.79,5.53,1.84,15868,353,No,https://boardgamegeek.com/boardgame/387
18835,Credit Mobilier,2005,5.92,5.53,2.08,17892,163,No,https://boardgamegeek.com/boardgame/18835
1341,Crib Wars,1997,6.11,5.53,1.5,17324,123,No,https://boardgamegeek.com/boardgame/1341
3064,CribbGolf,1988,6.25,5.53,1.62,16666,114,No,https://boardgamegeek.com/boardgame/3064
3658,Cube Farm,2002,5.84,5.53,1.53,17345,246,No,https://boardgamegeek.com/boardgame/3658
95364,Cubulus,2011,6.05,5.53,2.0,16764,156,No,https://boardgamegeek.com/boardgame/95364
12168,D-Day,1961,5.93,5.53,2.48,16185,314,No,https://boardgamegeek.com/boardgame/12168
10756,Dancing Dice,2004,5.7,5.53,1.11,17737,539,No,https://boardgamegeek.com/boardgame/10756
1530,Dark Age: Feudal Lords,1996,6.36,5.53,3.2,15963,118,No,https://boardgamegeek.com/boardgame/1530
39798,Deadlands: The Battle for Slaughter Gulch,2009,5.8,5.53,2.92,17909,315,No,https://boardgamegeek.com/boardgame/39798
1434,Dealer's Choice,1972,5.91,5.53,1.56,16436,317,No,https://boardgamegeek.com/boardgame/1434
22477,Deluxe Camping,2006,6.0,5.53,1.94,17507,141,No,https://boardgamegeek.com/boardgame/22477
396,Der dreizehnte Holzwurm,1998,6.06,5.53,1.36,17023,127,No,https://boardgamegeek.com/boardgame/396
15267,Des chiffres et des lettres,1983,6.01,5.53,2.0,16583,179,No,https://boardgamegeek.com/boardgame/15267
34255,Deukalion,2008,5.89,5.53,2.17,17119,222,No,https://boardgamegeek.com/boardgame/34255
106174,Di Renjie,2012,6.0,5.53,1.75,17353,140,No,https://boardgamegeek.com/boardgame/106174
32465,Didi Dotter,2007,6.19,5.53,1.0,16599,115,No,https://boardgamegeek.com/boardgame/32465
413,Die Erben von Hoax,1999,6.06,5.53,2.15,15877,151,No,https://boardgamegeek.com/boardgame/413
445,Die Osterinsel,1994,5.84,5.53,1.6,16456,254,No,https://boardgamegeek.com/boardgame/445
1177,Die Ritter von der Haselnuss,1996,5.9,5.53,1.1,16171,228,No,https://boardgamegeek.com/boardgame/1177
118452,Die Tore der Welt: Das Kartenspiel,2012,6.04,5.53,2.17,16035,168,No,https://boardgamegeek.com/boardgame/118452
504,Die Verbotene Stadt,1992,6.04,5.53,1.82,16042,169,No,https://boardgamegeek.com/boardgame/504
82572,Dive! Diver! Die!,2010,6.17,5.53,1.79,18089,111,No,https://boardgamegeek.com/boardgame/82572
8508,Dork Tower,2003,5.87,5.53,1.83,16324,358,No,https://boardgamegeek.com/boardgame/8508
3337,Double Down,1993,5.64,5.53,1.05,17170,873,No,https://boardgamegeek.com/boardgame/3337
803,Dragonhunt,1982,5.87,5.53,2.57,17241,275,No,https://boardgamegeek.com/boardgame/803
5177,Drakborgen Legenden,2002,5.94,5.53,2.24,17353,292,No,https://boardgamegeek.com/boardgame/5177
23912,Dread Pirate: Buccaneer's Revenge,2006,6.07,5.53,2.13,17251,166,No,https://boardgamegeek.com/boardgame/23912
20081,Dschamál,2005,6.07,5.53,1.19,16054,158,No,https://boardgamegeek.com/boardgame/20081
2409,Duell,1975,5.83,5.53,2.5,17426,305,No,https://boardgamegeek.com/boardgame/2409
3513,Electronic Stratego,1982,6.35,5.53,1.6,16432,112,No,https://boardgamegeek.com/boardgame/3513
3925,Elefant Hunt,1984,6.23,5.53,1.0,16260,113,No,https://boardgamegeek.com/boardgame/3925
144,Elfenwizards,1995,6.21,5.53,2.3,17094,112,No,https://boardgamegeek.com/boardgame/144
1628,Elric,1977,5.86,5.53,2.44,17499,307,No,https://boardgamegeek.com/boardgame/1628
110863,Eminent Domain: Elusive/Exclusive Victory Promo,2011,6.14,5.53,2.45,,122,Yes,https://boardgamegeek.com/boardgame/110863
13341,"Empyrean, Inc.",2004,6.2,5.53,2.0,17227,102,No,https://boardgamegeek.com/boardgame/13341
11983,Fab Fib,2004,5.88,5.53,1.2,16979,196,No,https://boardgamegeek.com/boardgame/11983
68227,Fabula,2010,5.77,5.53,1.48,16643,355,No,https://boardgamegeek.com/boardgame/68227
4196,Fantasy Forest,1982,6.25,5.53,1.18,17848,129,No,https://boardgamegeek.com/boardgame/4196
4352,Fightball,2002,5.85,5.53,2.12,18072,225,No,https://boardgamegeek.com/boardgame/4352
22233,Fischmarkt,2006,6.26,5.53,1.62,16864,102,No,https://boardgamegeek.com/boardgame/22233
54073,Fish Stix,2009,6.14,5.53,1.8,17735,103,No,https://boardgamegeek.com/boardgame/54073
561,Flußpiraten,1990,6.22,5.53,2.0,15975,121,No,https://boardgamegeek.com/boardgame/561
3998,Fortune,1976,6.06,5.53,2.2,15826,169,No,https://boardgamegeek.com/boardgame/3998
108155,Fox's Party,2011,6.16,5.53,1.0,17283,113,No,https://boardgamegeek.com/boardgame/108155
26211,Fruit Fair,2008,6.06,5.53,2.15,18131,141,No,https://boardgamegeek.com/boardgame/26211
137811,Galactic Strike Force,2014,5.66,5.53,3.33,17877,492,No,https://boardgamegeek.com/boardgame/137811
41032,Galaxy's Edge,2009,6.04,5.53,2.39,16053,180,No,https://boardgamegeek.com/boardgame/41032
18876,Gazala 1942,2005,6.26,5.53,2.33,17122,120,No,https://boardgamegeek.com/boardgame/18876
141430,Geek Out!,2013,5.67,5.53,1.22,16793,1017,No,https://boardgamegeek.com/boardgame/141430
27830,Gemlok,2007,5.92,5.53,1.56,17983,185,No,https://boardgamegeek.com/boardgame/27830
106621,Get Bit! Sharkspansion,2011,6.26,5.53,1.0,,123,Yes,https://boardgamegeek.com/boardgame/106621
68083,Gold Mine,2010,5.85,5.53,1.4,18070,255,No,https://boardgamegeek.com/boardgame/68083
8818,Gopher It!,1999,5.89,5.53,1.05,17225,176,No,https://boardgamegeek.com/boardgame/8818
573,Grand Prix,1975,6.44,5.53,1.36,16531,103,No,https://boardgamegeek.com/boardgame/573
55031,Grand Slam,2014,6.23,5.53,1.25,16605,121,No,https://boardgamegeek.com/boardgame/55031
93879,Grave Business,2011,6.07,5.53,2.5,17839,142,No,https://boardgamegeek.com/boardgame/93879
23241,Gravediggers,2005,5.77,5.53,1.5,16092,403,No,https://boardgamegeek.com/boardgame/23241
2307,Greyhawk Adventures: Wars,1991,6.01,5.53,2.27,17375,244,No,https://boardgamegeek.com/boardgame/2307
27884,Halo ActionClix,2007,6.17,5.53,1.9,17623,159,No,https://boardgamegeek.com/boardgame/27884
6503,Harpoon: Captain's Edition,1990,6.26,5.53,2.43,16439,129,No,https://boardgamegeek.com/boardgame/6503
17119,Head-to-Head Poker,2005,5.91,5.53,1.59,16004,227,No,https://boardgamegeek.com/boardgame/17119
107463,Help Me!,2011,6.07,5.53,1.38,16063,165,No,https://boardgamegeek.com/boardgame/107463
64955,Hexenflug,2010,6.01,5.53,2.0,18079,130,No,https://boardgamegeek.com/boardgame/64955
99308,Hike,2011,5.92,5.53,1.44,18115,198,No,https://boardgamegeek.com/boardgame/99308
51197,Hippos & Crocodiles,2009,6.31,5.53,1.42,16105,114,No,https://boardgamegeek.com/boardgame/51197
7708,Hisss,2001,5.61,5.53,1.02,17894,1465,No,https://boardgamegeek.com/boardgame/7708
37683,Hogwarts: House Cup Challenge,2008,6.11,5.53,1.79,15944,177,No,https://boardgamegeek.com/boardgame/37683
708,Holy War: Afghanistan,1991,6.32,5.53,3.11,16485,102,No,https://boardgamegeek.com/boardgame/708
121076,Home Sweet Home,2011,6.13,5.53,1.43,17261,125,No,https://boardgamegeek.com/boardgame/121076
21798,HysteriCoach,2006,5.77,5.53,1.21,17055,314,No,https://boardgamegeek.com/boardgame/21798
125605,I'm the Boss!: The Card Game,2012,5.9,5.53,1.75,17022,205,No,https://boardgamegeek.com/boardgame/125605
69316,IRONDIE,2010,6.28,5.53,2.13,16057,117,No,https://boardgamegeek.com/boardgame/69316
2235,Ido,1998,5.82,5.53,2.12,15884,264,No,https://boardgamegeek.com/boardgame/2235
8160,Illuminati: Crime Lords,2004,5.92,5.53,2.6,16059,256,No,https://boardgamegeek.com/boardgame/8160
89478,Imaginiff: 10th Anniversary Edition,2008,6.08,5.53,1.0,17801,139,No,https://boardgamegeek.com/boardgame/89478
40446,Indian Chief,2004,6.19,5.53,1.67,17066,109,No,https://boardgamegeek.com/boardgame/40446
6919,Invasion: Earth,1981,6.29,5.53,2.75,17151,114,No,https://boardgamegeek.com/boardgame/6919
1082,Invers,1991,6.04,5.53,1.7,18075,119,No,https://boardgamegeek.com/boardgame/1082
18246,Island Of D,2005,6.31,5.53,1.69,16730,121,No,https://boardgamegeek.com/boardgame/18246
130725,Jackal & High,2012,5.99,5.53,1.16,17704,172,No,https://boardgamegeek.com/boardgame/130725
89912,Jasper and Zot,2011,6.02,5.53,1.55,16687,183,No,https://boardgamegeek.com/boardgame/89912
141089,Jazz: The Singing Card Game,2013,6.21,5.53,1.0,17630,109,No,https://boardgamegeek.com/boardgame/141089
1288,Jitters,1986,6.09,5.53,1.3,15838,173,No,https://boardgamegeek.com/boardgame/1288
62809,Jump Gate,2010,5.94,5.53,2.15,15827,221,No,https://boardgamegeek.com/boardgame/62809
1218,Junior Labyrinth,1995,5.65,5.53,1.15,16131,1004,No,https://boardgamegeek.com/boardgame/1218
8986,Junkyard Races,2003,6.1,5.53,2.18,16307,152,No,https://boardgamegeek.com/boardgame/8986
1869,Jägersro,1956,6.12,5.53,1.94,16553,201,No,https://boardgamegeek.com/boardgame/1869
32143,Kazaam,2008,6.31,5.53,1.82,16984,235,No,https://boardgamegeek.com/boardgame/32143
93594,Keezbord,2007,5.94,5.53,1.38,17339,298,No,https://boardgamegeek.com/boardgame/93594
82976,Key West,2010,6.18,5.53,2.56,17640,103,No,https://boardgamegeek.com/boardgame/82976
30580,Khet 3D: Tower of Kadesh,2008,6.32,5.53,2.5,,110,Yes,https://boardgamegeek.com/boardgame/30580
14441,Kinder Bunnies: Their First Adventure,2005,5.92,5.53,1.37,16849,261,No,https://boardgamegeek.com/boardgame/14441
5186,King Arthur and the Knights of the Round Table,1986,6.17,5.53,2.92,16355,156,No,https://boardgamegeek.com/boardgame/5186
57037,Kingpin,2009,6.1,5.53,2.29,16419,172,No,https://boardgamegeek.com/boardgame/57037
612,Kippit,1999,5.95,5.53,1.0,17958,168,No,https://boardgamegeek.com/boardgame/612
84671,Kissenschlacht,2010,5.96,5.53,1.0,17918,147,No,https://boardgamegeek.com/boardgame/84671
90004,Kniffel Extreme,2011,6.25,5.53,1.2,15909,128,No,https://boardgamegeek.com/boardgame/90004
1263,Knights,2000,5.64,5.53,1.36,15872,1018,No,https://boardgamegeek.com/boardgame/1263
32466,Kogworks,2007,6.06,5.53,1.55,16549,207,No,https://boardgamegeek.com/boardgame/32466
7694,Krypto,1963,6.36,5.53,1.86,17806,101,No,https://boardgamegeek.com/boardgame/7694
40843,Krysis,2009,6.0,5.53,2.56,16256,283,No,https://boardgamegeek.com/boardgame/40843
533,Labyrinth: The Card Game,2000,5.59,5.53,1.21,17734,1703,No,https://boardgamegeek.com/boardgame/533
42195,Labyrinth: The Duel,2009,5.97,5.53,1.33,16877,181,No,https://boardgamegeek.com/boardgame/42195
2751,Lawrence of Arabia: The British Offensive – September-October 1918,1983,6.21,5.53,2.31,17303,100,No,https://boardgamegeek.com/boardgame/2751
104063,Let's Take a Hike,2011,5.85,5.53,1.35,17419,246,No,https://boardgamegeek.com/boardgame/104063
20130,Liebrary,2005,6.28,5.53,1.43,16488,135,No,https://boardgamegeek.com/boardgame/20130
85243,Loch Ness,2010,5.75,5.53,1.5,16313,418,No,https://boardgamegeek.com/boardgame/85243
99777,Lupin the 3rd,2011,6.01,5.53,2.54,17335,184,No,https://boardgamegeek.com/boardgame/99777
8079,MLB SportsClix,2004,6.16,5.53,1.95,17450,144,No,https://boardgamegeek.com/boardgame/8079
569,Maestro,1989,5.87,5.53,1.81,17673,201,No,https://boardgamegeek.com/boardgame/569
125854,Mars Needs Mechanics,2013,5.73,5.53,2.0,16259,392,No,https://boardgamegeek.com/boardgame/125854
33071,Master Labyrinth,2007,5.82,5.53,1.91,16046,330,No,https://boardgamegeek.com/boardgame/33071
4317,Mayday,1978,6.05,5.53,2.27,16410,172,No,https://boardgamegeek.com/boardgame/4317
1244,Meander,2001,5.98,5.53,1.86,17105,152,No,https://boardgamegeek.com/boardgame/1244
18265,Message to the Czar,2003,5.72,5.53,1.95,17911,366,No,https://boardgamegeek.com/boardgame/18265
23908,Metromania,2006,5.79,5.53,2.45,17891,316,No,https://boardgamegeek.com/boardgame/23908
41247,Mia,600,5.82,5.53,1.13,17780,257,No,https://boardgamegeek.com/boardgame/41247
1816,Mississippi,1987,5.93,5.53,2.05,17841,170,No,https://boardgamegeek.com/boardgame/1816
3762,Mister Diamond,1993,5.84,5.53,1.0,16399,225,No,https://boardgamegeek.com/boardgame/3762
22399,MixUp,2006,6.23,5.53,1.67,16573,122,No,https://boardgamegeek.com/boardgame/22399
18225,Munchkin 3.5: Clerical Errata,2003,6.32,5.53,2.12,,133,Yes,https://boardgamegeek.com/boardgame/18225
40475,Munchkin Quest: Promo Set 1,2008,6.46,5.53,2.27,,116,Yes,https://boardgamegeek.com/boardgame/40475
7967,Mutiny!,2003,5.68,5.53,1.77,16898,524,No,https://boardgamegeek.com/boardgame/7967
2781,My Word!,2001,5.68,5.53,1.32,17312,443,No,https://boardgamegeek.com/boardgame/2781
7181,Myths and Legends,2003,6.35,5.53,2.2,17774,109,No,https://boardgamegeek.com/boardgame/7181
1402,Neolithibum,1991,5.85,5.53,1.7,18102,188,No,https://boardgamegeek.com/boardgame/1402
21506,New Mastermind,2004,5.81,5.53,1.78,17670,307,No,https://boardgamegeek.com/boardgame/21506
10901,Nightmare III,1992,6.14,5.53,2.24,,198,Yes,https://boardgamegeek.com/boardgame/10901
14010,Nonsense Classic,1993,6.11,5.53,1.17,17511,119,No,https://boardgamegeek.com/boardgame/14010
128662,Northwest Passage Adventure,2012,6.14,5.53,1.78,16618,140,No,https://boardgamegeek.com/boardgame/128662
1378,Odysseus,2001,5.8,5.53,1.91,17705,246,No,https://boardgamegeek.com/boardgame/1378
137789,Office 21,2013,5.97,5.53,1.45,16679,172,No,https://boardgamegeek.com/boardgame/137789
29146,Okey,,6.5,5.53,1.64,16010,120,No,https://boardgamegeek.com/boardgame/29146
4215,One-Page Bulge,1980,6.19,5.53,1.96,15931,151,No,https://boardgamegeek.com/boardgame/4215
8056,"Operation Shoestring: The Guadalcanal Campaign, 1942",1990,6.35,5.53,3.44,16564,120,No,https://boardgamegeek.com/boardgame/8056
489,Pacal,1999,6.22,5.53,1.67,16223,107,No,https://boardgamegeek.com/boardgame/489
58565,Panic Tower!,2009,5.96,5.53,1.0,16934,194,No,https://boardgamegeek.com/boardgame/58565
8424,"Panzer '44: Tactical Armored Combat, Europe, 1944-45",1975,6.42,5.53,2.78,16334,111,No,https://boardgamegeek.com/boardgame/8424
571,Papua,1992,6.24,5.53,1.57,16853,101,No,https://boardgamegeek.com/boardgame/571
21286,Parlay,2006,6.0,5.53,1.67,17060,163,No,https://boardgamegeek.com/boardgame/21286
29281,Party & Co: Original,2007,5.98,5.53,1.27,15858,222,No,https://boardgamegeek.com/boardgame/29281
8037,Patrol!: Man-to-Man Combat in the 20th Century,1974,6.32,5.53,3.31,16048,122,No,https://boardgamegeek.com/boardgame/8037
5575,PeaceBowl,2003,6.46,5.53,1.57,17436,139,No,https://boardgamegeek.com/boardgame/5575
8329,"Pegasus Bridge: The Beginning of D-Day – June 6, 1944",1988,6.04,5.53,2.62,18142,142,No,https://boardgamegeek.com/boardgame/8329
9194,Personality,1995,6.22,5.53,1.14,17412,103,No,https://boardgamegeek.com/boardgame/9194
2189,Pfusch,1992,6.19,5.53,1.54,16172,132,No,https://boardgamegeek.com/boardgame/2189
111999,Pharaoh Code,2011,5.97,5.53,1.36,16040,289,No,https://boardgamegeek.com/boardgame/111999
27626,Pictionary: 20th Anniversary,2005,6.22,5.53,1.33,16520,137,No,https://boardgamegeek.com/boardgame/27626
23954,Pictionary: Party Edition,1989,6.36,5.53,1.0,16323,105,No,https://boardgamegeek.com/boardgame/23954
2668,Picture Picture,1992,5.94,5.53,1.5,18085,148,No,https://boardgamegeek.com/boardgame/2668
25190,Pink Godzilla Dev Kit,2006,6.49,5.53,1.95,17221,124,No,https://boardgamegeek.com/boardgame/25190
20543,Pirates!,2005,5.95,5.53,1.52,16000,235,No,https://boardgamegeek.com/boardgame/20543
2812,Platoon,1986,5.95,5.53,2.13,16715,249,No,https://boardgamegeek.com/boardgame/2812
42361,Pocket Dungeon,2009,7.37,5.53,1.57,17597,116,No,https://boardgamegeek.com/boardgame/42361
10065,Pokémon Master Trainer II,2001,6.71,5.53,2.25,17754,107,No,https://boardgamegeek.com/boardgame/10065
30879,Police 07,1986,6.03,5.53,1.88,17994,139,No,https://boardgamegeek.com/boardgame/30879
128855,Pyramidion,2012,5.98,5.53,2.5,18198,167,No,https://boardgamegeek.com/boardgame/128855
1252,Pyramidis,1988,6.05,5.53,1.87,16974,180,No,https://boardgamegeek.com/boardgame/1252
66507,Queen's Ransom,2010,5.76,5.53,1.52,18094,275,No,https://boardgamegeek.com/boardgame/66507
20445,Quest for the DragonLords (Second Edition),2006,6.17,5.53,3.11,16765,136,No,https://boardgamegeek.com/boardgame/20445
2710,Quivive,1998,6.06,5.53,2.0,16784,154,No,https://boardgamegeek.com/boardgame/2710
40602,Rabbit Hunt,2009,6.08,5.53,1.5,18095,122,No,https://boardgamegeek.com/boardgame/40602
19329,Race Day,2005,6.09,5.53,1.51,17022,176,No,https://boardgamegeek.com/boardgame/19329
3561,Ram Speed: Naval Warfare in the Bronze Age,1980,6.12,5.53,1.94,16917,115,No,https://boardgamegeek.com/boardgame/3561
39070,Rappakalja Extreme,2008,6.29,5.53,1.44,17210,115,No,https://boardgamegeek.com/boardgame/39070
1687,Red Empire,1990,5.95,5.53,1.62,16408,222,No,https://boardgamegeek.com/boardgame/1687
20053,Red Vengeance,2005,6.25,5.53,2.1,17820,107,No,https://boardgamegeek.com/boardgame/20053
2201,Redemption,1995,6.09,5.53,2.56,17282,330,No,https://boardgamegeek.com/boardgame/2201
26195,Redneck Life: Bustin' A Gut! Expansion,2006,6.47,5.53,1.6,,105,Yes,https://boardgamegeek.com/boardgame/26195
140857,Renaissance Man,2013,5.73,5.53,2.54,17757,334,No,https://boardgamegeek.com/boardgame/140857
660,Riffifi,2000,6.14,5.53,1.12,17332,115,No,https://boardgamegeek.com/boardgame/660
111866,Rise!,2012,6.05,5.53,1.85,16592,192,No,https://boardgamegeek.com/boardgame/111866
67022,RisiKo! Challenge,2010,6.27,5.53,1.8,17696,125,No,https://boardgamegeek.com/boardgame/67022
138484,Robots on the Line,2015,6.42,5.53,2.1,17312,102,No,https://boardgamegeek.com/boardgame/138484
8243,Rolit,1997,5.67,5.53,1.68,17725,660,No,https://boardgamegeek.com/boardgame/8243
118330,Roll to the South Pole,2012,6.04,5.53,1.65,17147,139,No,https://boardgamegeek.com/boardgame/118330
4967,Rome at War II: Fading Legions,2002,6.19,5.53,2.32,18062,112,No,https://boardgamegeek.com/boardgame/4967
9794,Rummoli,1940,5.8,5.53,1.2,17566,308,No,https://boardgamegeek.com/boardgame/9794
38,Runes,1981,6.16,5.53,1.9,17684,105,No,https://boardgamegeek.com/boardgame/38
2984,Save Doctor Lucky on Moon Base Copernicus,2002,6.07,5.53,1.38,,133,Yes,https://boardgamegeek.com/boardgame/2984
28565,Save the Treasure of Fairy Tales,2006,6.24,5.53,1.8,18164,114,No,https://boardgamegeek.com/boardgame/28565
38355,Scene It? Star Trek,2009,5.89,5.53,1.6,17557,261,No,https://boardgamegeek.com/boardgame/38355
67631,Scrabble Flash,2010,5.78,5.53,1.4,15977,399,No,https://boardgamegeek.com/boardgame/67631
26114,Secrets of the Sea,2006,6.1,5.53,1.4,16386,140,No,https://boardgamegeek.com/boardgame/26114
22673,Seismic,2006,5.8,5.53,1.6,17415,276,No,https://boardgamegeek.com/boardgame/22673
132426,Shadows over Camelot: The Card Game – Merlin & Morgan Promo cards,2012,6.27,5.53,2.0,,107,Yes,https://boardgamegeek.com/boardgame/132426
130556,Shark Attacks!,2012,6.09,5.53,1.0,16212,135,No,https://boardgamegeek.com/boardgame/130556
126076,Sheepdogs of Pendleton Hill,2012,6.03,5.53,1.89,17201,179,No,https://boardgamegeek.com/boardgame/126076
41019,Sherwood Forest,2009,5.78,5.53,2.26,16114,397,No,https://boardgamegeek.com/boardgame/41019
644,Shipwrecked,2000,5.71,5.53,1.47,16490,427,No,https://boardgamegeek.com/boardgame/644
117992,Shrimp,2012,5.9,5.53,1.0,16346,314,No,https://boardgamegeek.com/boardgame/117992
1916,Shuttles,1973,5.81,5.53,1.62,16899,317,No,https://boardgamegeek.com/boardgame/1916
690,Singapore,1984,6.4,5.53,2.42,16903,106,No,https://boardgamegeek.com/boardgame/690
2824,Sixteen Thirty Something,1995,6.19,5.53,2.53,16097,116,No,https://boardgamegeek.com/boardgame/2824
7861,Soldier Emperor: Napoleon's Wars 1803-1815,2003,6.18,5.53,2.75,17158,119,No,https://boardgamegeek.com/boardgame/7861
1815,Spanish Main,1984,6.53,5.53,2.75,15955,103,No,https://boardgamegeek.com/boardgame/1815
25569,Spicy Farkel,2006,6.2,5.53,1.0,16941,112,No,https://boardgamegeek.com/boardgame/25569
186,Split,1999,5.96,5.53,1.13,15910,208,No,https://boardgamegeek.com/boardgame/186
12263,Spycraft: Collectible Card Game,2004,6.07,5.53,3.18,16481,171,No,https://boardgamegeek.com/boardgame/12263
5271,Stack,1988,5.97,5.53,1.3,16539,206,No,https://boardgamegeek.com/boardgame/5271
2809,Star Force Terra #1: Contact!,1991,6.26,5.53,1.85,16369,124,No,https://boardgamegeek.com/boardgame/2809
4413,Star Trek III,1985,6.26,5.53,2.14,17258,120,No,https://boardgamegeek.com/boardgame/4413
769,Star Trek Red Alert!,2000,6.4,5.53,2.0,15853,112,No,https://boardgamegeek.com/boardgame/769
27970,Star Wars PocketModel TCG,2007,5.81,5.53,1.62,17791,486,No,https://boardgamegeek.com/boardgame/27970
6215,StarSoldier: Tactical Warfare in the 25th Century,1977,6.29,5.53,3.19,16312,147,No,https://boardgamegeek.com/boardgame/6215
2743,Starfall,1979,6.33,5.53,3.17,16868,112,No,https://boardgamegeek.com/boardgame/2743
2988,Sticks & Stones,1978,6.05,5.53,1.79,15901,169,No,https://boardgamegeek.com/boardgame/2988
8804,Stoner Fluxx,2003,5.71,5.53,1.32,17750,818,No,https://boardgamegeek.com/boardgame/8804
6653,Strange Synergy,2003,5.79,5.53,2.11,17350,411,No,https://boardgamegeek.com/boardgame/6653
31454,Stratego Fortress,2007,6.47,5.53,2.0,16367,100,No,https://boardgamegeek.com/boardgame/31454
32820,Strut!,2007,6.52,5.53,2.08,17071,110,No,https://boardgamegeek.com/boardgame/32820
13375,Submarine,2004,5.76,5.53,2.06,16745,449,No,https://boardgamegeek.com/boardgame/13375
4427,Super Cluedo Challenge,1986,5.99,5.53,2.18,18002,234,No,https://boardgamegeek.com/boardgame/4427
125061,Super Tooth,2014,6.14,5.53,1.14,15865,166,No,https://boardgamegeek.com/boardgame/125061
27,Supremacy: The Game of the Superpowers,1984,5.71,5.53,3.12,16533,1409,No,https://boardgamegeek.com/boardgame/27
22061,TEG: La Revancha,1990,6.23,5.53,2.64,17572,182,No,https://boardgamegeek.com/boardgame/22061
983,Tangoes,1980,5.74,5.53,1.58,17667,460,No,https://boardgamegeek.com/boardgame/983
2049,Target,1997,6.07,5.53,1.39,16811,166,No,https://boardgamegeek.com/boardgame/2049
25233,Tchin Tchin,2006,5.9,5.53,1.27,17582,199,No,https://boardgamegeek.com/boardgame/25233
8101,Team Yankee,1987,6.13,5.53,1.92,18104,149,No,https://boardgamegeek.com/boardgame/8101
12920,Tension: The Crazy Naming Game,1992,5.9,5.53,1.14,16325,271,No,https://boardgamegeek.com/boardgame/12920
129951,Teomachia,2012,6.09,5.53,3.0,15859,245,No,https://boardgamegeek.com/boardgame/129951
8671,Terra,2003,5.72,5.53,1.66,16177,525,No,https://boardgamegeek.com/boardgame/8671
4784,Test Match,1977,6.17,5.53,1.0,16630,155,No,https://boardgamegeek.com/boardgame/4784
8110,The Battle of Raphia,1977,6.29,5.53,1.93,16690,107,No,https://boardgamegeek.com/boardgame/8110
8326,The Fall of Rome,1973,5.98,5.53,2.43,17517,196,No,https://boardgamegeek.com/boardgame/8326
57368,The King Commands,2010,5.9,5.53,1.39,15815,283,No,https://boardgamegeek.com/boardgame/57368
3404,The Legend of Landlock,1995,5.72,5.53,1.24,16982,437,No,https://boardgamegeek.com/boardgame/3404
2205,The Lost World Jurassic Park Game,1996,6.03,5.53,1.56,16800,230,No,https://boardgamegeek.com/boardgame/2205
6509,The Oilman Game,1994,6.51,5.53,2.5,16264,131,No,https://boardgamegeek.com/boardgame/6509
979,The Powerpuff Girls: Saving the World Before Bedtime,2000,5.9,5.53,1.19,17025,224,No,https://boardgamegeek.com/boardgame/979
8913,"The Russo-Turkish War, 1877-78",1992,6.28,5.53,3.19,16924,104,No,https://boardgamegeek.com/boardgame/8913
10140,The Scrambled States of America: Deluxe Edition,2002,5.87,5.53,1.19,16847,325,No,https://boardgamegeek.com/boardgame/10140
5993,The Tigers Are Burning,1988,6.46,5.53,2.4,15840,109,No,https://boardgamegeek.com/boardgame/5993
425,Thunder's Edge,1999,6.12,5.53,3.12,16126,148,No,https://boardgamegeek.com/boardgame/425
3405,Tin Soldiers,2002,5.82,5.53,1.63,17337,206,No,https://boardgamegeek.com/boardgame/3405
24845,Tomahawk,2006,5.96,5.53,1.44,17334,134,No,https://boardgamegeek.com/boardgame/24845
40619,Tonga Island,2009,6.08,5.53,1.8,18093,100,No,https://boardgamegeek.com/boardgame/40619
81698,Total Rumble,2010,6.71,5.53,1.0,16357,100,No,https://boardgamegeek.com/boardgame/81698
134559,Tower,2014,5.9,5.53,2.0,16575,242,No,https://boardgamegeek.com/boardgame/134559
127028,Tricks and Treats,2012,5.99,5.53,1.33,16150,211,No,https://boardgamegeek.com/boardgame/127028
90142,Tricky Bid,2011,6.13,5.53,1.58,18194,105,No,https://boardgamegeek.com/boardgame/90142
15548,Trivial Pursuit: DVD – The Lord of the Rings Trilogy Edition,2004,5.99,5.53,1.57,16113,288,No,https://boardgamegeek.com/boardgame/15548
7336,Trivial Pursuit: The Lord of the Rings Movie Trilogy Collector's Edition,2003,5.68,5.53,1.88,17545,914,No,https://boardgamegeek.com/boardgame/7336
102940,Trophy Buck,2011,5.85,5.53,1.04,17140,279,No,https://boardgamegeek.com/boardgame/102940
38038,UNO Flash,2007,6.17,5.53,1.0,16180,162,No,https://boardgamegeek.com/boardgame/38038
5522,UNO Rummy-Up,1993,6.08,5.53,1.39,16429,168,No,https://boardgamegeek.com/boardgame/5522
3806,UNO: Star Trek,1999,5.92,5.53,1.06,17052,231,No,https://boardgamegeek.com/boardgame/3806
1516,USAC Auto Racing,1979,6.07,5.53,1.72,17277,245,No,https://boardgamegeek.com/boardgame/1516
28258,Ubongo Mini,2007,5.61,5.53,1.17,17189,1068,No,https://boardgamegeek.com/boardgame/28258
66643,Uncle Chestnut's Table Gype,2010,6.03,5.53,2.0,16935,197,No,https://boardgamegeek.com/boardgame/66643
22476,Universal Fighting System: Street Fighter,2006,6.31,5.53,2.61,17362,108,No,https://boardgamegeek.com/boardgame/22476
2531,Valley Of The Four Winds,1980,6.05,5.53,3.0,17955,120,No,https://boardgamegeek.com/boardgame/2531
3182,Vanished!,1990,5.78,5.53,1.52,17661,253,No,https://boardgamegeek.com/boardgame/3182
4172,Veracruz: U.S. Invasion of Mexico 1847,1977,6.07,5.53,3.05,16785,176,No,https://boardgamegeek.com/boardgame/4172
2483,Viking Gods,1982,6.11,5.53,1.4,17853,141,No,https://boardgamegeek.com/boardgame/2483
24483,Wackee SIX,2004,6.23,5.53,1.0,17554,117,No,https://boardgamegeek.com/boardgame/24483
11412,Wallamoppi,2005,5.81,5.53,1.04,17603,232,No,https://boardgamegeek.com/boardgame/11412
4327,War & Sheep,2002,5.73,5.53,1.29,17316,382,No,https://boardgamegeek.com/boardgame/4327
38400,War for Edaðh,2008,6.32,5.53,3.24,16082,175,No,https://boardgamegeek.com/boardgame/38400
19953,Warhammer (Fifth Edition): Magic,1996,6.22,5.53,3.0,,126,Yes,https://boardgamegeek.com/boardgame/19953
1314,Warhamster Rally,2001,5.77,5.53,1.79,17669,240,No,https://boardgamegeek.com/boardgame/1314
2146,Warlock,1980,5.79,5.53,2.26,16482,283,No,https://boardgamegeek.com/boardgame/2146
7184,Weapons & Warriors: Pirate Battle,1996,6.21,5.53,1.12,17285,116,No,https://boardgamegeek.com/boardgame/7184
2721,Wembley,1952,6.14,5.53,1.25,17013,141,No,https://boardgamegeek.com/boardgame/2721
4451,When Darkness Comes: The Horror Within,2002,6.23,5.53,2.75,,116,Yes,https://boardgamegeek.com/boardgame/4451
12065,Wig Out!,2004,5.96,5.53,1.0,16415,223,No,https://boardgamegeek.com/boardgame/12065
23550,WordSpot,2006,6.1,5.53,1.28,17570,207,No,https://boardgamegeek.com/boardgame/23550
381,X Pasch,1996,6.26,5.53,2.56,16489,108,No,https://boardgamegeek.com/boardgame/381
1698,X-Men: Under Siege,1994,5.9,5.53,1.61,16156,268,No,https://boardgamegeek.com/boardgame/1698
1627,XXXenophile,1996,5.81,5.53,1.65,18187,279,No,https://boardgamegeek.com/boardgame/1627
133620,Yay!,2012,6.17,5.53,1.09,16639,112,No,https://boardgamegeek.com/boardgame/133620
8179,Yellowstone Park,2003,5.89,5.53,1.5,15867,231,No,https://boardgamegeek.com/boardgame/8179
91653,Zicke Zacke: Finde die Verstecke hinter Zaun und Hecke,2011,6.33,5.53,1.08,17759,143,No,https://boardgamegeek.com/boardgame/91653
39914,Zombiegeddon,2009,5.8,5.53,2.13,16882,253,No,https://boardgamegeek.com/boardgame/39914
42499,1000,,6.03,5.52,2.0,20198,102,No,https://boardgamegeek.com/boardgame/42499
89972,15,2011,5.87,5.52,1.25,20465,117,No,https://boardgamegeek.com/boardgame/89972
2119,221B Baker St.: Sherlock Holmes & the Time Machine,1996,5.79,5.52,2.0,19151,268,No,https://boardgamegeek.com/boardgame/2119
6891,24 Game,1988,5.89,5.52,1.44,20540,138,No,https://boardgamegeek.com/boardgame/6891
40958,6 nimmt! Junior,2009,5.72,5.52,1.0,19472,251,No,https://boardgamegeek.com/boardgame/40958
141829,7-Card Slugfest,2013,5.82,5.52,1.5,18681,235,No,https://boardgamegeek.com/boardgame/141829
32337,About Time,2007,5.98,5.52,1.5,19634,112,No,https://boardgamegeek.com/boardgame/32337
68943,Aether,2010,5.82,5.52,2.4,20530,139,No,https://boardgamegeek.com/boardgame/68943
38637,Age of Scheme: Routes to Riches,2008,6.04,5.52,3.4,18701,103,No,https://boardgamegeek.com/boardgame/38637
34948,All Queens Chess,2008,5.9,5.52,1.29,21055,141,No,https://boardgamegeek.com/boardgame/34948
38924,Amerigo,2008,5.81,5.52,2.0,20214,157,No,https://boardgamegeek.com/boardgame/38924
31887,AmuseAmaze,2007,5.83,5.52,1.47,20624,125,No,https://boardgamegeek.com/boardgame/31887
4036,Anzio Beachhead,1969,5.95,5.52,2.86,19763,111,No,https://boardgamegeek.com/boardgame/4036
35546,Aronda,2008,5.78,5.52,2.0,21341,126,No,https://boardgamegeek.com/boardgame/35546
292,Attacke,1993,5.74,5.52,1.5,21168,172,No,https://boardgamegeek.com/boardgame/292
1310,Auf Achse: Das Kartenspiel,1995,5.84,5.52,1.73,21185,110,No,https://boardgamegeek.com/boardgame/1310
8571,Austerlitz 1805: Napoleon's Greatest Victory,2000,6.1,5.52,3.25,19733,113,No,https://boardgamegeek.com/boardgame/8571
446,Avalanche,1965,5.71,5.52,1.19,19454,278,No,https://boardgamegeek.com/boardgame/446
1873,Babylon 5 Component Game System: Core Sets,1997,5.86,5.52,2.86,20535,211,No,https://boardgamegeek.com/boardgame/1873
5757,Bakerstreet,2003,5.67,5.52,1.74,20935,304,No,https://boardgamegeek.com/boardgame/5757
1140,Ballonrennen,1977,5.9,5.52,1.56,19867,130,No,https://boardgamegeek.com/boardgame/1140
479,Bambuti,1999,5.89,5.52,2.71,19134,136,No,https://boardgamegeek.com/boardgame/479
35376,Bandits,2008,5.82,5.52,1.11,19725,201,No,https://boardgamegeek.com/boardgame/35376
3954,Baseball Strategy,1960,5.86,5.52,1.9,18608,239,No,https://boardgamegeek.com/boardgame/3954
127129,Batman: Arkham City Escape,2013,5.73,5.52,2.07,20018,264,No,https://boardgamegeek.com/boardgame/127129
7470,BattleSpace: The BattleTech Game of Space Combat,1993,6.19,5.52,2.91,18836,113,No,https://boardgamegeek.com/boardgame/7470
7650,Battlefield: Europe,1990,6.26,5.52,2.5,18846,106,No,https://boardgamegeek.com/boardgame/7650
6725,Battleship: Star Wars Advanced Mission,2002,5.92,5.52,1.5,19416,127,No,https://boardgamegeek.com/boardgame/6725
38287,Beep! Beep!,2008,5.67,5.52,1.03,20626,292,No,https://boardgamegeek.com/boardgame/38287
9787,Beer Money,2004,5.7,5.52,1.79,20178,429,No,https://boardgamegeek.com/boardgame/9787
91512,Bella Blümchen,2011,5.94,5.52,1.0,18926,132,No,https://boardgamegeek.com/boardgame/91512
19732,Berserker Halflings from the Dungeon of Dragons,2005,5.78,5.52,1.39,19894,184,No,https://boardgamegeek.com/boardgame/19732
65087,Beyblade,1999,6.11,5.52,1.08,18909,128,No,https://boardgamegeek.com/boardgame/65087
96342,Black Stories: Holiday Edition,2011,6.12,5.52,1.0,18225,126,No,https://boardgamegeek.com/boardgame/96342
57052,Black Stories: Real Crime Edition,2009,5.64,5.52,1.27,21041,707,No,https://boardgamegeek.com/boardgame/57052
28817,Blindes Huhn,2007,6.01,5.52,1.64,19628,117,No,https://boardgamegeek.com/boardgame/28817
122399,Bloqs,2012,6.09,5.52,1.83,18565,149,No,https://boardgamegeek.com/boardgame/122399
104558,Burdigala,2011,5.93,5.52,1.62,21259,100,No,https://boardgamegeek.com/boardgame/104558
31971,Burgoo,2014,5.65,5.52,1.23,18275,635,No,https://boardgamegeek.com/boardgame/31971
117555,CLACK!,2012,5.71,5.52,1.13,18271,406,No,https://boardgamegeek.com/boardgame/117555
3947,Cannibal Pygmies in the Jungle of Doom,2002,5.66,5.52,1.33,21228,384,No,https://boardgamegeek.com/boardgame/3947
2096,Caprice,1999,5.91,5.52,1.93,18731,148,No,https://boardgamegeek.com/boardgame/2096
5704,Capt'n Clever,2003,5.64,5.52,1.27,20823,339,No,https://boardgamegeek.com/boardgame/5704
140525,Cards Against Humanity: PAX East 2013 Promo Packs,2013,6.05,5.52,1.0,,134,Yes,https://boardgamegeek.com/boardgame/140525
39029,Castle Builders,2008,5.81,5.52,1.38,20089,164,No,https://boardgamegeek.com/boardgame/39029
17855,Castle Keep,2005,5.64,5.52,1.21,19008,813,No,https://boardgamegeek.com/boardgame/17855
2922,Chairs,1999,5.63,5.52,1.03,19853,1136,No,https://boardgamegeek.com/boardgame/2922
5778,Chancellorsville (Second Edition),1974,5.88,5.52,2.47,20435,123,No,https://boardgamegeek.com/boardgame/5778
65521,Chaos,2010,5.92,5.52,2.08,19160,178,No,https://boardgamegeek.com/boardgame/65521
18011,Chaturanga,550,6.04,5.52,2.35,20299,120,No,https://boardgamegeek.com/boardgame/18011
40819,Cheese Chasers,2008,5.99,5.52,1.52,18702,137,No,https://boardgamegeek.com/boardgame/40819
6250,Chez Grunt,2003,5.82,5.52,1.45,18726,252,No,https://boardgamegeek.com/boardgame/6250
41496,Chickyboom,2008,5.73,5.52,1.0,20784,213,No,https://boardgamegeek.com/boardgame/41496
1528,Chief Herman's Holiday Fun Pack,2000,5.77,5.52,1.8,,157,No,https://boardgamegeek.com/boardgame/1528
9048,Cinq-O,2003,5.71,5.52,1.07,19461,300,No,https://boardgamegeek.com/boardgame/9048
80934,Cité,2010,6.13,5.52,2.17,18239,134,No,https://boardgamegeek.com/boardgame/80934
35763,Climb!,2008,5.75,5.52,1.18,21363,182,No,https://boardgamegeek.com/boardgame/35763
2310,Club Unlock,1990,5.71,5.52,1.29,20988,205,No,https://boardgamegeek.com/boardgame/2310
34744,Clue Express,2008,5.83,5.52,1.55,20134,172,No,https://boardgamegeek.com/boardgame/34744
2217,Columbus,1991,5.84,5.52,2.1,20319,182,No,https://boardgamegeek.com/boardgame/2217
42685,Connect 4x4,2009,5.82,5.52,1.33,19492,164,No,https://boardgamegeek.com/boardgame/42685
3370,Connections,1991,5.75,5.52,1.71,21189,206,No,https://boardgamegeek.com/boardgame/3370
130685,Construction Zone,2012,5.9,5.52,1.36,19865,136,No,https://boardgamegeek.com/boardgame/130685
291,Courtisans of Versailles,1988,5.8,5.52,1.82,20330,176,No,https://boardgamegeek.com/boardgame/291
88402,Crappy Birthday,2011,5.62,5.52,1.05,20145,475,No,https://boardgamegeek.com/boardgame/88402
1346,Crazy Race,2001,5.8,5.52,1.47,21240,153,No,https://boardgamegeek.com/boardgame/1346
1304,Credo!: the Game of Dueling Dogmas,1993,5.8,5.52,2.35,18430,241,No,https://boardgamegeek.com/boardgame/1304
39084,CrossWise,2008,5.97,5.52,1.45,18390,135,No,https://boardgamegeek.com/boardgame/39084
1210,Cults Across America,1998,5.64,5.52,2.4,21345,396,No,https://boardgamegeek.com/boardgame/1210
105602,Dabble,2011,5.96,5.52,1.29,20720,101,No,https://boardgamegeek.com/boardgame/105602
18880,Daddy Cool,2004,5.93,5.52,1.09,18213,147,No,https://boardgamegeek.com/boardgame/18880
1719,Dark Emperor,1985,5.8,5.52,3.14,21236,201,No,https://boardgamegeek.com/boardgame/1719
19351,"Dark Millennium: The Warhammer 40,000 Collectible Card Game",2005,5.98,5.52,2.2,21385,100,No,https://boardgamegeek.com/boardgame/19351
8184,Deadwood: On Location,2003,6.02,5.52,1.5,,101,Yes,https://boardgamegeek.com/boardgame/8184
122271,Defenders of the Realm: Battlefields,2012,5.93,5.52,2.17,19624,160,No,https://boardgamegeek.com/boardgame/122271
123162,Democracy: Majority Rules,2013,6.09,5.52,2.29,19432,103,No,https://boardgamegeek.com/boardgame/123162
4983,Der Herr der Ringe: Die Zwei Türme,2002,5.85,5.52,1.81,20685,149,No,https://boardgamegeek.com/boardgame/4983
4780,Der Herr der Ringe: Die Zwei Türme – das Kartenspiel,2002,5.8,5.52,1.92,19321,214,No,https://boardgamegeek.com/boardgame/4780
56022,Dice of the Living Dead,2009,6.1,5.52,1.27,18376,115,No,https://boardgamegeek.com/boardgame/56022
6118,Discovery,2002,5.91,5.52,1.81,18678,187,No,https://boardgamegeek.com/boardgame/6118
66888,Dizios,2009,6.03,5.52,1.71,18725,146,No,https://boardgamegeek.com/boardgame/66888
92499,Djam,2011,5.77,5.52,1.0,20919,165,No,https://boardgamegeek.com/boardgame/92499
20090,Double Agent,2005,5.76,5.52,1.75,19360,230,No,https://boardgamegeek.com/boardgame/20090
34943,Double Shutter,2007,5.84,5.52,1.0,18975,192,No,https://boardgamegeek.com/boardgame/34943
4892,Dragon Strike,2002,5.8,5.52,1.1,18347,216,No,https://boardgamegeek.com/boardgame/4892
139627,Dragon Teeth Washer,2012,5.76,5.52,1.29,20130,176,No,https://boardgamegeek.com/boardgame/139627
2836,Dragonlance Mage Stones,1990,6.04,5.52,1.45,18660,125,No,https://boardgamegeek.com/boardgame/2836
680,Dune,1984,5.75,5.52,2.16,20166,374,No,https://boardgamegeek.com/boardgame/680
6742,Dungeons & Dragons Chainmail,2001,6.0,5.52,3.11,19114,120,No,https://boardgamegeek.com/boardgame/6742
103392,Eaten By Zombies!: We Have the Bomb! Promo,2011,5.88,5.52,1.6,,121,Yes,https://boardgamegeek.com/boardgame/103392
6837,Electronic Battleship Advanced Mission,2000,5.91,5.52,1.71,18428,232,No,https://boardgamegeek.com/boardgame/6837
6578,Electronic Dream Phone,1991,6.06,5.52,1.86,21002,165,No,https://boardgamegeek.com/boardgame/6578
362,Elefantenparade,1988,5.79,5.52,1.31,19278,216,No,https://boardgamegeek.com/boardgame/362
2092,Elfengold,1991,6.0,5.52,2.2,19554,110,No,https://boardgamegeek.com/boardgame/2092
20852,Elixir:  Alambic,1997,5.9,5.52,1.25,,130,Yes,https://boardgamegeek.com/boardgame/20852
1987,Emperor of China,1972,5.98,5.52,2.05,19749,120,No,https://boardgamegeek.com/boardgame/1987
13498,Epic of the Peloponnesian War: 431 B.C. - 404 B.C.,2006,6.09,5.52,3.95,19802,114,No,https://boardgamegeek.com/boardgame/13498
510,Eschnapur,2000,5.68,5.52,2.35,21122,227,No,https://boardgamegeek.com/boardgame/510
95449,Fame Us,2011,5.92,5.52,1.17,18478,149,No,https://boardgamegeek.com/boardgame/95449
103843,Fandooble,2011,5.97,5.52,1.0,19795,130,No,https://boardgamegeek.com/boardgame/103843
29768,Fantasy II,2007,6.1,5.52,1.64,,140,Yes,https://boardgamegeek.com/boardgame/29768
2369,Fiasko,1997,6.05,5.52,1.0,19164,105,No,https://boardgamegeek.com/boardgame/2369
2284,Fight!,2000,5.98,5.52,1.24,20226,108,No,https://boardgamegeek.com/boardgame/2284
388,Finale,1998,5.72,5.52,1.86,19641,273,No,https://boardgamegeek.com/boardgame/388
28121,Fluxx en Español,2006,5.94,5.52,1.2,19556,135,No,https://boardgamegeek.com/boardgame/28121
103236,Fusion,2011,5.88,5.52,1.0,21283,118,No,https://boardgamegeek.com/boardgame/103236
16632,GOPS,,6.06,5.52,1.42,19670,112,No,https://boardgamegeek.com/boardgame/16632
25937,Galactic Destiny,2007,6.08,5.52,3.43,18615,146,No,https://boardgamegeek.com/boardgame/25937
25749,Gangster,2006,6.0,5.52,2.19,19087,136,No,https://boardgamegeek.com/boardgame/25749
12280,Geistesblitz,1991,6.28,5.52,1.33,18456,103,No,https://boardgamegeek.com/boardgame/12280
82397,Genesis,2010,5.66,5.52,2.35,21370,306,No,https://boardgamegeek.com/boardgame/82397
69587,Get Nuts,2011,5.77,5.52,1.67,20520,226,No,https://boardgamegeek.com/boardgame/69587
42493,Giro D'Italia Card Game,2009,5.91,5.52,1.43,20742,118,No,https://boardgamegeek.com/boardgame/42493
2600,Gods,2001,5.86,5.52,2.33,18623,182,No,https://boardgamegeek.com/boardgame/2600
2503,Godsfire,1976,6.02,5.52,3.17,20556,125,No,https://boardgamegeek.com/boardgame/2503
141337,Gold Nuggets,2013,6.0,5.52,1.2,19455,113,No,https://boardgamegeek.com/boardgame/141337
91831,Got 'Em!,2012,6.09,5.52,1.33,19750,103,No,https://boardgamegeek.com/boardgame/91831
9084,Grunwald 1410,1992,6.13,5.52,3.28,18635,144,No,https://boardgamegeek.com/boardgame/9084
5755,Guadalcanal,1966,6.02,5.52,2.45,19059,170,No,https://boardgamegeek.com/boardgame/5755
39872,Guess Who? Extra,2008,5.72,5.52,1.08,19588,342,No,https://boardgamegeek.com/boardgame/39872
109215,Gunship: First Strike!,2013,5.87,5.52,2.42,19681,247,No,https://boardgamegeek.com/boardgame/109215
1130,Halali,1997,6.16,5.52,1.2,19300,108,No,https://boardgamegeek.com/boardgame/1130
5590,Hallo Dachs!,1996,5.93,5.52,1.17,18352,139,No,https://boardgamegeek.com/boardgame/5590
349,Halunken und Spelunken,1997,5.64,5.52,1.48,21112,297,No,https://boardgamegeek.com/boardgame/349
4049,Hammer's Slammers,1984,6.09,5.52,2.54,20506,107,No,https://boardgamegeek.com/boardgame/4049
4107,Hang in There!,2000,5.98,5.52,1.0,18829,125,No,https://boardgamegeek.com/boardgame/4107
1307,Haunted Castle,1999,5.79,5.52,1.0,20111,182,No,https://boardgamegeek.com/boardgame/1307
30951,Hide & Seek,1989,5.96,5.52,1.0,18821,137,No,https://boardgamegeek.com/boardgame/30951
2563,Hot Dog,1996,5.84,5.52,1.21,20774,139,No,https://boardgamegeek.com/boardgame/2563
39080,IGOR: The Monster Making Game,2008,5.73,5.52,1.14,19752,236,No,https://boardgamegeek.com/boardgame/39080
3560,Ice War,1978,6.1,5.52,2.15,18447,145,No,https://boardgamegeek.com/boardgame/3560
9509,Iglu Iglu,2004,5.94,5.52,2.0,18728,133,No,https://boardgamegeek.com/boardgame/9509
26080,Im Bann der Pyramide,2006,5.78,5.52,1.27,21407,136,No,https://boardgamegeek.com/boardgame/26080
1753,Im Märchenwald,2000,5.77,5.52,1.2,21250,150,No,https://boardgamegeek.com/boardgame/1753
38866,Im Wald da sind die Räuber,2008,5.98,5.52,1.89,19753,116,No,https://boardgamegeek.com/boardgame/38866
17807,Inquisitor,2001,5.95,5.52,3.35,19150,153,No,https://boardgamegeek.com/boardgame/17807
56685,Insula,2009,6.1,5.52,2.55,19260,113,No,https://boardgamegeek.com/boardgame/56685
109077,Iron Sky: The Board Game,2012,6.0,5.52,2.62,19643,122,No,https://boardgamegeek.com/boardgame/109077
63829,Irondale,2010,5.89,5.52,2.29,18485,166,No,https://boardgamegeek.com/boardgame/63829
88113,Isaac,2011,6.0,5.52,2.33,19330,134,No,https://boardgamegeek.com/boardgame/88113
1875,Isolation,1972,5.79,5.52,1.61,18245,263,No,https://boardgamegeek.com/boardgame/1875
12672,It Came to Pass,2001,6.01,5.52,1.22,20737,107,No,https://boardgamegeek.com/boardgame/12672
17735,Jailbreak,1982,5.96,5.52,1.29,20003,114,No,https://boardgamegeek.com/boardgame/17735
25944,Julchen und die Monster,2006,5.94,5.52,1.57,19365,104,No,https://boardgamegeek.com/boardgame/25944
11084,Jumbo & Co,2004,5.91,5.52,1.0,18814,189,No,https://boardgamegeek.com/boardgame/11084
457,Jumbo Grand Prix,1998,5.83,5.52,1.4,20434,142,No,https://boardgamegeek.com/boardgame/457
92876,Jurassik,2011,5.85,5.52,1.0,19676,147,No,https://boardgamegeek.com/boardgame/92876
129322,Kaijudo,2012,6.12,5.52,1.67,20991,104,No,https://boardgamegeek.com/boardgame/129322
1110,Kathai,2000,5.77,5.52,1.76,20168,176,No,https://boardgamegeek.com/boardgame/1110
2843,Ketch Up,1998,5.69,5.52,1.09,19332,449,No,https://boardgamegeek.com/boardgame/2843
34419,Kheops,2008,5.93,5.52,2.12,18841,147,No,https://boardgamegeek.com/boardgame/34419
95607,Killer Bunnies and the Conquest of the Magic Carrot,2011,5.89,5.52,1.88,19363,231,No,https://boardgamegeek.com/boardgame/95607
20675,King's Blood,2003,5.8,5.52,1.21,18578,313,No,https://boardgamegeek.com/boardgame/20675
115105,Kittens in a Blender,2011,5.63,5.52,1.12,20626,2325,No,https://boardgamegeek.com/boardgame/115105
60342,Kleine Magier,2009,5.94,5.52,1.4,19098,125,No,https://boardgamegeek.com/boardgame/60342
66825,Kraken-Alarm,2010,5.91,5.52,1.3,19608,156,No,https://boardgamegeek.com/boardgame/66825
1028,Kraut & Rüben,1998,5.96,5.52,1.18,18537,128,No,https://boardgamegeek.com/boardgame/1028
6583,Kung Fu Samurai on Giant Robot Island,2003,5.72,5.52,1.5,19276,279,No,https://boardgamegeek.com/boardgame/6583
557,Laguna,2000,5.87,5.52,1.92,19561,156,No,https://boardgamegeek.com/boardgame/557
11790,Leapin' Lily Pads,2000,5.82,5.52,1.0,21401,115,No,https://boardgamegeek.com/boardgame/11790
1580,Legends of Robin Hood,1991,5.77,5.52,1.51,21118,188,No,https://boardgamegeek.com/boardgame/1580
35207,Likewise!,2008,5.81,5.52,1.12,20785,179,No,https://boardgamegeek.com/boardgame/35207
29736,Little Italy,2007,5.68,5.52,1.41,21372,260,No,https://boardgamegeek.com/boardgame/29736
38334,Logan Stones,2008,5.76,5.52,1.65,20938,193,No,https://boardgamegeek.com/boardgame/38334
8909,Lu Zhan Jun Qi,1927,6.16,5.52,2.09,18297,168,No,https://boardgamegeek.com/boardgame/8909
8394,Ludoviel,2003,6.04,5.52,1.33,19122,110,No,https://boardgamegeek.com/boardgame/8394
228,Lunch Money,1996,5.63,5.52,1.51,20783,2650,No,https://boardgamegeek.com/boardgame/228
21666,Mad Scientist University,2005,5.75,5.52,1.05,20569,173,No,https://boardgamegeek.com/boardgame/21666
118950,Mafia,2012,6.13,5.52,1.94,19801,130,No,https://boardgamegeek.com/boardgame/118950
134279,Mafia Casino,2012,6.54,5.52,1.55,21190,102,No,https://boardgamegeek.com/boardgame/134279
28580,Magiczny Miecz: Gród,,6.03,5.52,1.78,,119,Yes,https://boardgamegeek.com/boardgame/28580
28577,Magiczny Miecz: Jaskinia,,6.1,5.52,2.0,,117,Yes,https://boardgamegeek.com/boardgame/28577
28575,Magiczny Miecz: Labirynt Magów,,6.14,5.52,1.62,,120,Yes,https://boardgamegeek.com/boardgame/28575
26033,Maratón Clásico,1985,6.21,5.52,1.38,21338,110,No,https://boardgamegeek.com/boardgame/26033
129971,Master Plan,2012,6.03,5.52,1.29,18662,130,No,https://boardgamegeek.com/boardgame/129971
6979,Match of the Penguins,2003,5.68,5.52,1.13,20888,296,No,https://boardgamegeek.com/boardgame/6979
60574,Mausgeflippt,2009,5.88,5.52,1.12,20837,132,No,https://boardgamegeek.com/boardgame/60574
25069,Med andra ord,2001,5.93,5.52,1.18,19585,189,No,https://boardgamegeek.com/boardgame/25069
80833,Michigan Rummy,1939,5.97,5.52,1.5,20508,117,No,https://boardgamegeek.com/boardgame/80833
42627,MidEvil Deluxe,2009,6.11,5.52,2.25,,128,No,https://boardgamegeek.com/boardgame/42627
22016,Midevil II: Castle Chaos,2006,5.9,5.52,1.1,,112,Yes,https://boardgamegeek.com/boardgame/22016
35556,Mini Make 'n' Break,2008,5.63,5.52,1.04,20308,315,No,https://boardgamegeek.com/boardgame/35556
41835,Minotaurus,2009,5.63,5.52,1.16,20896,1084,No,https://boardgamegeek.com/boardgame/41835
6982,Mission Command Air,2003,5.75,5.52,1.34,19552,265,No,https://boardgamegeek.com/boardgame/6982
37983,Monkey Lab,2009,5.77,5.52,1.85,20306,286,No,https://boardgamegeek.com/boardgame/37983
108679,Mow Money,2016,5.79,5.52,1.7,21132,194,No,https://boardgamegeek.com/boardgame/108679
130764,Mr. Card Game,2014,5.89,5.52,2.56,20369,177,No,https://boardgamegeek.com/boardgame/130764
39392,Munchkin Coins,2007,6.2,5.52,2.07,,102,Yes,https://boardgamegeek.com/boardgame/39392
29288,Munchkin Rigged Demo,2007,6.17,5.52,1.44,18985,124,No,https://boardgamegeek.com/boardgame/29288
2436,"Murder, She Wrote",1985,6.13,5.52,2.0,19161,112,No,https://boardgamegeek.com/boardgame/2436
33581,Mwahahaha!,2008,5.69,5.52,2.56,19703,450,No,https://boardgamegeek.com/boardgame/33581
657,Münchhausen,1996,5.89,5.52,1.08,20661,130,No,https://boardgamegeek.com/boardgame/657
15721,N-Tropy,2004,5.84,5.52,1.33,19401,252,No,https://boardgamegeek.com/boardgame/15721
3265,NUTS! The Battle of the Bulge Card Game,1998,6.09,5.52,2.38,19258,108,No,https://boardgamegeek.com/boardgame/3265
2895,Nanofictionary,2002,5.77,5.52,1.45,18772,294,No,https://boardgamegeek.com/boardgame/2895
10634,Napoleon and the Archduke Charles: The Battle of Abensberg,1987,6.14,5.52,2.6,18779,101,No,https://boardgamegeek.com/boardgame/10634
22910,Naruto Collectible Card Game,2006,6.2,5.52,2.12,20426,125,No,https://boardgamegeek.com/boardgame/22910
3993,Necromancer,1982,5.93,5.52,2.55,20392,100,No,https://boardgamegeek.com/boardgame/3993
39245,Neu,1988,5.94,5.52,1.0,19669,113,No,https://boardgamegeek.com/boardgame/39245
933,New Orleans Big Band,1990,5.85,5.52,1.8,19746,147,No,https://boardgamegeek.com/boardgame/933
856,"New York, New York",1989,5.84,5.52,1.25,19879,140,No,https://boardgamegeek.com/boardgame/856
11060,Normandy: The Invasion of Europe 1944,1971,6.02,5.52,2.16,20202,118,No,https://boardgamegeek.com/boardgame/11060
96188,Nuts!,2011,5.62,5.52,1.05,20501,824,No,https://boardgamegeek.com/boardgame/96188
7803,ONO 99,1980,5.71,5.52,1.16,20858,515,No,https://boardgamegeek.com/boardgame/7803
6086,Okinawa: The Bloodiest Battle of the Pacific Ocean,1979,6.25,5.52,3.05,19136,108,No,https://boardgamegeek.com/boardgame/6086
46369,Old Town: Solo,2007,6.11,5.52,2.4,18418,104,No,https://boardgamegeek.com/boardgame/46369
124290,Open Sesame,2012,5.79,5.52,1.12,20103,212,No,https://boardgamegeek.com/boardgame/124290
41757,Opus-Dei: Existence After Religion,2008,6.02,5.52,1.55,20000,154,No,https://boardgamegeek.com/boardgame/41757
40238,Order Up,2009,6.03,5.52,1.22,18661,140,No,https://boardgamegeek.com/boardgame/40238
9801,Ostrakon,2004,5.85,5.52,1.43,19283,191,No,https://boardgamegeek.com/boardgame/9801
2127,Overpower,1995,5.76,5.52,1.85,20155,503,No,https://boardgamegeek.com/boardgame/2127
69761,Panzer General: Russian Assault,2010,6.1,5.52,2.58,20404,102,No,https://boardgamegeek.com/boardgame/69761
6529,Panzer Grenadier: Airborne,2001,6.2,5.52,2.62,18893,103,No,https://boardgamegeek.com/boardgame/6529
94338,Paradisio,2010,6.1,5.52,1.33,18442,100,No,https://boardgamegeek.com/boardgame/94338
14137,Party Animals,2004,5.72,5.52,1.18,21293,169,No,https://boardgamegeek.com/boardgame/14137
39324,Pass the Popcorn! Game,2008,5.75,5.52,1.1,18355,321,No,https://boardgamegeek.com/boardgame/39324
916,Pete the Pirate,2000,5.93,5.52,1.22,20960,117,No,https://boardgamegeek.com/boardgame/916
1877,Pig Pile,2001,5.66,5.52,1.16,19916,426,No,https://boardgamegeek.com/boardgame/1877
132452,Pink Hijinks,2012,6.01,5.52,1.88,18368,169,No,https://boardgamegeek.com/boardgame/132452
3247,Planet Busters,1982,5.96,5.52,1.6,21227,127,No,https://boardgamegeek.com/boardgame/3247
79216,Plateau X,2010,5.85,5.52,2.0,20768,108,No,https://boardgamegeek.com/boardgame/79216
16727,Play on Wordz,1984,5.97,5.52,1.5,19601,112,No,https://boardgamegeek.com/boardgame/16727
180,Pool Position,1999,5.78,5.52,1.73,21193,148,No,https://boardgamegeek.com/boardgame/180
3528,Priceless,1996,5.94,5.52,2.4,20827,112,No,https://boardgamegeek.com/boardgame/3528
107604,Privacy No Limit,2011,5.96,5.52,1.0,21407,111,No,https://boardgamegeek.com/boardgame/107604
135598,Pub Trivia,2012,5.95,5.52,3.0,21195,100,No,https://boardgamegeek.com/boardgame/135598
20966,Queen of the Cupcakes,2005,5.78,5.52,1.33,18216,257,No,https://boardgamegeek.com/boardgame/20966
120886,Quicksilver,2013,6.03,5.52,1.86,19016,135,No,https://boardgamegeek.com/boardgame/120886
136238,ROFL!,2013,6.13,5.52,1.0,20030,105,No,https://boardgamegeek.com/boardgame/136238
114863,Ragami,2012,5.86,5.52,2.62,19852,150,No,https://boardgamegeek.com/boardgame/114863
80942,Ranking,2010,5.73,5.52,1.26,20669,238,No,https://boardgamegeek.com/boardgame/80942
72622,Rattenkrieg: Assault on the Tracktor Factory,2010,5.96,5.52,1.29,20325,122,No,https://boardgamegeek.com/boardgame/72622
2149,Renfield,1999,5.73,5.52,1.35,21286,180,No,https://boardgamegeek.com/boardgame/2149
3249,Rescue from the Hive,1981,5.86,5.52,2.31,20940,170,No,https://boardgamegeek.com/boardgame/3249
8331,Revolt in the East: Warsaw Pact Rebellion in the 1970's,1976,5.8,5.52,2.16,21129,156,No,https://boardgamegeek.com/boardgame/8331
23521,Ringgz,2005,5.78,5.52,1.88,21044,226,No,https://boardgamegeek.com/boardgame/23521
136954,Road Rally USA,2013,5.98,5.52,1.83,18906,124,No,https://boardgamegeek.com/boardgame/136954
4021,"Road to Richmond: The Peninsular Campaign, May-July, 1862",1977,6.03,5.52,1.91,19303,133,No,https://boardgamegeek.com/boardgame/4021
17448,Rocketmen: Axis of Evil,2005,5.98,5.52,1.97,19840,179,No,https://boardgamegeek.com/boardgame/17448
27789,Rotterdam,2007,5.92,5.52,2.04,19255,261,No,https://boardgamegeek.com/boardgame/27789
3081,Rubik's Flip,1981,5.9,5.52,1.38,20034,144,No,https://boardgamegeek.com/boardgame/3081
33427,S'quarrels: A Game of Absolute Nuts,2007,5.89,5.52,1.19,20693,353,No,https://boardgamegeek.com/boardgame/33427
2214,Saga,1980,5.94,5.52,1.72,18367,166,No,https://boardgamegeek.com/boardgame/2214
28102,Sakkara,2007,5.93,5.52,2.06,18449,160,No,https://boardgamegeek.com/boardgame/28102
27071,Sardines,2008,5.99,5.52,1.0,18480,172,No,https://boardgamegeek.com/boardgame/27071
2779,Sauron,1977,5.8,5.52,2.65,20716,184,No,https://boardgamegeek.com/boardgame/2779
37755,Scallywags,2008,5.9,5.52,1.19,21141,144,No,https://boardgamegeek.com/boardgame/37755
7067,Schloss Schlotterstein,2003,5.96,5.52,1.11,18494,164,No,https://boardgamegeek.com/boardgame/7067
137968,Schmovie,2013,6.02,5.52,1.0,18605,136,No,https://boardgamegeek.com/boardgame/137968
24927,Scrabble Scramble,2005,5.87,5.52,1.64,19924,161,No,https://boardgamegeek.com/boardgame/24927
69721,Scrabble Trickster,2010,5.93,5.52,2.33,20590,108,No,https://boardgamegeek.com/boardgame/69721
9211,Screwball Scramble,1979,5.67,5.52,1.31,20688,422,No,https://boardgamegeek.com/boardgame/9211
6748,Scum: The Food Chain Game,1996,5.66,5.52,1.23,20781,346,No,https://boardgamegeek.com/boardgame/6748
23654,Scurvy Musketeers of the Spanish Main,2006,5.96,5.52,1.42,18979,120,No,https://boardgamegeek.com/boardgame/23654
32885,Sequence: States & Capitals,2006,5.86,5.52,1.0,19991,138,No,https://boardgamegeek.com/boardgame/32885
1146,Shadowlord!,1983,5.79,5.52,2.24,18284,434,No,https://boardgamegeek.com/boardgame/1146
138616,Shift: The Single Card CCG,2013,6.16,5.52,1.86,20249,147,No,https://boardgamegeek.com/boardgame/138616
47130,Shootin' Ladders: Frag Fest,2009,5.91,5.52,1.5,19280,172,No,https://boardgamegeek.com/boardgame/47130
1331,Showdown Yahtzee,1991,5.81,5.52,1.27,19988,199,No,https://boardgamegeek.com/boardgame/1331
1120,Silver Mine,1992,6.05,5.52,1.38,18524,100,No,https://boardgamegeek.com/boardgame/1120
1570,Sirocco,1985,5.85,5.52,1.73,19527,204,No,https://boardgamegeek.com/boardgame/1570
5346,Skittle-Bowl,1967,6.05,5.52,1.2,20015,102,No,https://boardgamegeek.com/boardgame/5346
3276,Skittles,1801,5.93,5.52,1.0,19990,134,No,https://boardgamegeek.com/boardgame/3276
127589,Slavika,2012,5.84,5.52,2.24,18880,533,No,https://boardgamegeek.com/boardgame/127589
4794,Soldier King,1982,6.04,5.52,2.04,19101,124,No,https://boardgamegeek.com/boardgame/4794
10802,Somethin' Fishy,2004,5.77,5.52,1.27,19262,248,No,https://boardgamegeek.com/boardgame/10802
106631,Space Bastards,2011,5.73,5.52,3.07,21127,192,No,https://boardgamegeek.com/boardgame/106631
2003,Spectrangle,1989,5.78,5.52,1.52,18760,307,No,https://boardgamegeek.com/boardgame/2003
118051,Spinnengift und Krötenschleim,2012,5.97,5.52,1.4,20102,110,No,https://boardgamegeek.com/boardgame/118051
1832,Spree!,1997,5.76,5.52,1.33,19004,302,No,https://boardgamegeek.com/boardgame/1832
7378,Sprouts,1967,6.1,5.52,1.64,20338,148,No,https://boardgamegeek.com/boardgame/7378
107173,Stalag 17,2011,5.85,5.52,1.38,19847,217,No,https://boardgamegeek.com/boardgame/107173
23957,Stand at Mortain,2006,5.85,5.52,1.54,21051,159,No,https://boardgamegeek.com/boardgame/23957
27687,Star System,2007,6.03,5.52,2.08,19413,100,No,https://boardgamegeek.com/boardgame/27687
111387,Star Trek HeroClix: Tactics,2012,6.06,5.52,2.33,20656,115,No,https://boardgamegeek.com/boardgame/111387
5733,Star Wars Lightsaber Dueling,1988,6.0,5.52,2.0,18870,107,No,https://boardgamegeek.com/boardgame/5733
18791,Star Wars: Attack of the Clones Card Game,2002,5.89,5.52,1.2,19910,128,No,https://boardgamegeek.com/boardgame/18791
2892,Starfire III: Empires,1982,6.1,5.52,3.36,,108,Yes,https://boardgamegeek.com/boardgame/2892
260,Starship Troopers: Prepare For Battle!,1997,5.86,5.52,2.04,19079,216,No,https://boardgamegeek.com/boardgame/260
2680,Stock Ticker,1937,5.81,5.52,1.45,19643,455,No,https://boardgamegeek.com/boardgame/2680
130763,Storage Wars: The Game,2012,5.9,5.52,1.22,20361,155,No,https://boardgamegeek.com/boardgame/130763
20848,"Stratego: The Chronicles of Narnia – The Lion, The Witch, and The Wardrobe",2005,5.94,5.52,1.88,19959,167,No,https://boardgamegeek.com/boardgame/20848
3921,Street Illegal,2002,5.68,5.52,1.82,18589,449,No,https://boardgamegeek.com/boardgame/3921
66695,Sumoku,2010,6.0,5.52,1.35,18503,145,No,https://boardgamegeek.com/boardgame/66695
42207,Super Circles,2009,5.93,5.52,1.0,19557,177,No,https://boardgamegeek.com/boardgame/42207
32346,Super Tock 4,2006,5.82,5.52,1.67,20886,240,No,https://boardgamegeek.com/boardgame/32346
2846,Supremacy: The Unconventional Forces,1989,6.13,5.52,2.6,,105,Yes,https://boardgamegeek.com/boardgame/2846
13715,Surakarta,,5.9,5.52,1.57,20207,155,No,https://boardgamegeek.com/boardgame/13715
2716,Suzerain,1993,6.0,5.52,2.42,18886,122,No,https://boardgamegeek.com/boardgame/2716
124881,Swordfish,2012,5.87,5.52,2.88,19955,197,No,https://boardgamegeek.com/boardgame/124881
7106,Tabu: The Game of Aztecs,1980,6.0,5.52,3.0,19886,100,No,https://boardgamegeek.com/boardgame/7106
20050,Tekeli-li,2005,5.96,5.52,1.57,20589,107,No,https://boardgamegeek.com/boardgame/20050
68340,Tell Tale,2010,5.83,5.52,1.1,20241,197,No,https://boardgamegeek.com/boardgame/68340
19735,Terakh: A Creative Strategy Game,2005,5.88,5.52,2.37,20925,135,No,https://boardgamegeek.com/boardgame/19735
790,Terra Turrium,1990,6.08,5.52,2.22,18625,106,No,https://boardgamegeek.com/boardgame/790
4935,Test of Arms,1988,6.23,5.52,2.2,18792,100,No,https://boardgamegeek.com/boardgame/4935
10946,The American Civil War,1974,5.98,5.52,2.68,18733,147,No,https://boardgamegeek.com/boardgame/10946
2709,The Beastlord,1979,5.88,5.52,3.13,20814,116,No,https://boardgamegeek.com/boardgame/2709
4815,The Campaign for North Africa: The Desert War 1940-43,1979,6.34,5.52,4.74,18431,199,No,https://boardgamegeek.com/boardgame/4815
125608,The Current Number of the Beast,2012,6.04,5.52,1.22,18758,170,No,https://boardgamegeek.com/boardgame/125608
16355,The Difference Between Women & Men,2005,5.7,5.52,1.36,21421,166,No,https://boardgamegeek.com/boardgame/16355
10472,The East is Red: The Sino Soviet War,1974,6.03,5.52,2.59,18852,152,No,https://boardgamegeek.com/boardgame/10472
28609,The Game of Life: Twists & Turns,2007,5.76,5.52,1.34,18309,657,No,https://boardgamegeek.com/boardgame/28609
21342,The Great Chili Cookoff,2006,5.82,5.52,1.51,19940,183,No,https://boardgamegeek.com/boardgame/21342
5724,The Great Patriotic War: Nazi Germany vs. the Soviet Union,1988,5.83,5.52,2.65,20643,136,No,https://boardgamegeek.com/boardgame/5724
13607,The Haunting House 2: The Second Story,2005,5.86,5.52,1.4,,174,Yes,https://boardgamegeek.com/boardgame/13607
5725,The Journeys of Paul,1990,5.98,5.52,1.62,19911,167,No,https://boardgamegeek.com/boardgame/5725
76681,The Kingdoms of Crusaders,2007,5.97,5.52,1.21,20710,139,No,https://boardgamegeek.com/boardgame/76681
130912,The Lord of the Rings Dice Building Game,2013,5.64,5.52,2.19,18380,702,No,https://boardgamegeek.com/boardgame/130912
8985,The Lord of the Rings: Labyrinth,2003,6.04,5.52,1.43,20085,111,No,https://boardgamegeek.com/boardgame/8985
1833,The Willow Game,1988,5.8,5.52,2.05,19525,258,No,https://boardgamegeek.com/boardgame/1833
649,Thieves of Bagdad,1999,5.94,5.52,2.17,21063,122,No,https://boardgamegeek.com/boardgame/649
130004,Think Again!,2012,5.78,5.52,1.33,18634,200,No,https://boardgamegeek.com/boardgame/130004
11160,Think: Memo Crime,1997,6.08,5.52,1.75,18256,120,No,https://boardgamegeek.com/boardgame/11160
7641,Three of a Crime,1991,5.88,5.52,1.23,18437,202,No,https://boardgamegeek.com/boardgame/7641
7182,TimeLine,2003,5.75,5.52,2.04,21432,222,No,https://boardgamegeek.com/boardgame/7182
22244,Toppo,2006,5.76,5.52,1.26,19901,202,No,https://boardgamegeek.com/boardgame/22244
1701,Toscana,2001,5.66,5.52,1.57,18876,390,No,https://boardgamegeek.com/boardgame/1701
14102,Toss Up!,2004,5.7,5.52,1.11,21282,338,No,https://boardgamegeek.com/boardgame/14102
2763,Touché,1977,5.76,5.52,1.64,19645,253,No,https://boardgamegeek.com/boardgame/2763
2362,Tower of the Wizard King,1993,5.93,5.52,1.93,19182,186,No,https://boardgamegeek.com/boardgame/2362
123587,Triominos Challenge,2016,5.9,5.52,1.0,19993,206,No,https://boardgamegeek.com/boardgame/123587
2040,Trippples,1972,5.79,5.52,2.11,21204,173,No,https://boardgamegeek.com/boardgame/2040
33624,Trivial Pursuit: Deluxe,2007,5.91,5.52,2.27,18748,202,No,https://boardgamegeek.com/boardgame/33624
1297,Trivial Pursuit: Star Wars Classic Trilogy Collector's Edition,1997,5.63,5.52,1.58,21068,1608,No,https://boardgamegeek.com/boardgame/1297
70597,Trollland,2010,6.05,5.52,1.6,20379,112,No,https://boardgamegeek.com/boardgame/70597
39219,Turandot,2009,5.93,5.52,1.56,18710,141,No,https://boardgamegeek.com/boardgame/39219
2161,Tyranid Attack,1992,6.05,5.52,2.6,19243,113,No,https://boardgamegeek.com/boardgame/2161
21849,UNO H2O Splash,2005,6.0,5.52,1.5,20717,150,No,https://boardgamegeek.com/boardgame/21849
33801,UNO: The Simpsons – Special Edition Card Game,2003,5.86,5.52,1.18,20123,158,No,https://boardgamegeek.com/boardgame/33801
22733,Uglydoll Card Game,2006,5.98,5.52,1.0,19128,334,No,https://boardgamegeek.com/boardgame/22733
42336,Ultimate Tic-Tac-Toe,2008,5.77,5.52,2.0,19614,218,No,https://boardgamegeek.com/boardgame/42336
4060,Undead,1981,5.92,5.52,1.67,20800,100,No,https://boardgamegeek.com/boardgame/4060
59602,Upwords Deluxe,2007,5.83,5.52,1.83,20542,141,No,https://boardgamegeek.com/boardgame/59602
133713,Vem aí a Troika,2012,5.95,5.52,1.93,20231,158,No,https://boardgamegeek.com/boardgame/133713
1470,Venezia,2001,5.79,5.52,2.29,18610,238,No,https://boardgamegeek.com/boardgame/1470
23707,Venus Needs Men,2006,6.07,5.52,1.88,18859,105,No,https://boardgamegeek.com/boardgame/23707
88931,"Verbàlia, el joc",2010,6.09,5.52,1.86,18916,111,No,https://boardgamegeek.com/boardgame/88931
10878,Visual Game,1991,5.93,5.52,1.33,18782,143,No,https://boardgamegeek.com/boardgame/10878
3979,Wabanti,1974,6.01,5.52,2.0,19250,103,No,https://boardgamegeek.com/boardgame/3979
5447,Wealth of Nations,1975,5.82,5.52,2.11,18342,363,No,https://boardgamegeek.com/boardgame/5447
1348,Web of Gold,1987,5.73,5.52,1.7,21426,186,No,https://boardgamegeek.com/boardgame/1348
141437,What the Food?!,2013,6.04,5.52,1.6,19704,132,No,https://boardgamegeek.com/boardgame/141437
75668,Whist 22,,6.05,5.52,1.25,18278,110,No,https://boardgamegeek.com/boardgame/75668
2567,Who Stole Ed's Pants?,2001,5.7,5.52,1.53,19636,284,No,https://boardgamegeek.com/boardgame/2567
1691,Whodunit,1972,5.88,5.52,2.0,19295,188,No,https://boardgamegeek.com/boardgame/1691
120781,Wild Fun West,2012,5.83,5.52,1.88,21076,140,No,https://boardgamegeek.com/boardgame/120781
122599,Winter Tales,2012,5.73,5.52,2.52,18480,640,No,https://boardgamegeek.com/boardgame/122599
135557,Wizard's Brew,2013,5.86,5.52,2.0,18324,170,No,https://boardgamegeek.com/boardgame/135557
34843,Wizard's Gambit,2008,5.92,5.52,1.81,19987,197,No,https://boardgamegeek.com/boardgame/34843
10998,Word Jam,2004,5.83,5.52,1.35,20249,147,No,https://boardgamegeek.com/boardgame/10998
3815,"World War II: European Theater of Operations, 1939-45",1973,5.91,5.52,2.46,20265,136,No,https://boardgamegeek.com/boardgame/3815
1235,Yellowstone,1985,5.74,5.52,1.78,19392,237,No,https://boardgamegeek.com/boardgame/1235
35122,"Yetisburg: Titanic Battles in History, Vol. 1",2008,5.75,5.52,1.43,18759,292,No,https://boardgamegeek.com/boardgame/35122
20881,You Must Be an Idiot!,2005,5.71,5.52,1.42,20644,225,No,https://boardgamegeek.com/boardgame/20881
140468,You Suck,2013,5.97,5.52,1.36,18966,143,No,https://boardgamegeek.com/boardgame/140468
13654,Yut Nori,500,5.84,5.52,1.29,19297,221,No,https://boardgamegeek.com/boardgame/13654
102792,Zero,2011,5.75,5.52,1.25,18546,256,No,https://boardgamegeek.com/boardgame/102792
11456,Zilch,1972,5.94,5.52,1.23,20353,116,No,https://boardgamegeek.com/boardgame/11456
79312,Zombie Survival: The Board Game,2010,5.67,5.52,2.0,20656,333,No,https://boardgamegeek.com/boardgame/79312
3499,3-D Chess,1851,5.92,5.51,4.07,23655,131,No,https://boardgamegeek.com/boardgame/3499
80908,4 Monkeys,2010,5.68,5.51,1.5,23155,154,No,https://boardgamegeek.com/boardgame/80908
2940,A Dog's Life,2001,5.59,5.51,1.83,23486,604,No,https://boardgamegeek.com/boardgame/2940
47408,Acqua Dolce,2009,5.88,5.51,1.67,21973,121,No,https://boardgamegeek.com/boardgame/47408
56406,Activity Club-Edition,2002,5.75,5.51,1.14,22200,189,No,https://boardgamegeek.com/boardgame/56406
42644,Activity Junior,1997,5.67,5.51,1.0,24105,135,No,https://boardgamegeek.com/boardgame/42644
2942,Admirals,1972,5.68,5.51,1.7,23565,215,No,https://boardgamegeek.com/boardgame/2942
11187,Advanced Dungeons & Dragons Battlesystem,1985,5.66,5.51,2.97,23885,261,No,https://boardgamegeek.com/boardgame/11187
273,Africa 1880,1997,5.71,5.51,2.56,23165,143,No,https://boardgamegeek.com/boardgame/273
3127,Age of Empires: Expandable Card Game,2000,6.02,5.51,3.14,23763,131,No,https://boardgamegeek.com/boardgame/3127
542,Animocrazy,2000,5.55,5.51,1.29,24241,1217,No,https://boardgamegeek.com/boardgame/542
3305,Anticipation,1987,5.75,5.51,1.2,22692,185,No,https://boardgamegeek.com/boardgame/3305
85338,Antigua,2010,5.74,5.51,1.78,22249,135,No,https://boardgamegeek.com/boardgame/85338
1468,Anybody's Guess,1990,5.84,5.51,1.36,21439,113,No,https://boardgamegeek.com/boardgame/1468
37612,Apples to Apples to Go,2007,5.64,5.51,1.07,22596,430,No,https://boardgamegeek.com/boardgame/37612
16499,Architekton,2005,5.56,5.51,1.61,24178,1075,No,https://boardgamegeek.com/boardgame/16499
35674,Arktia,2008,5.58,5.51,2.31,24867,145,No,https://boardgamegeek.com/boardgame/35674
1138,Army of Darkness,1993,5.75,5.51,1.44,24341,100,No,https://boardgamegeek.com/boardgame/1138
25988,Asalto,1803,5.82,5.51,1.67,23849,104,No,https://boardgamegeek.com/boardgame/25988
25772,Astoria,2006,5.87,5.51,2.83,21540,120,No,https://boardgamegeek.com/boardgame/25772
27291,AtmosFear: Khufu – The Mummy,2006,5.9,5.51,1.4,23923,149,No,https://boardgamegeek.com/boardgame/27291
12453,Atmosfear: The DVD Board Game,2003,5.71,5.51,1.59,22069,1099,No,https://boardgamegeek.com/boardgame/12453
34221,Atoll,2008,5.76,5.51,2.07,22711,150,No,https://boardgamegeek.com/boardgame/34221
1504,Bakschisch,1995,5.75,5.51,1.73,21829,145,No,https://boardgamegeek.com/boardgame/1504
486,Barnyard Buddies,1996,5.66,5.51,1.03,22081,251,No,https://boardgamegeek.com/boardgame/486
829,Battle of the Bands,2001,5.79,5.51,1.43,22999,184,No,https://boardgamegeek.com/boardgame/829
7464,Battleship: Card Game,2002,5.76,5.51,1.5,21639,189,No,https://boardgamegeek.com/boardgame/7464
19671,Battlestar Galactica Collectible Card Game,2006,5.85,5.51,2.0,22541,164,No,https://boardgamegeek.com/boardgame/19671
19877,Beetlez,2005,5.74,5.51,1.1,23472,206,No,https://boardgamegeek.com/boardgame/19877
965,Ben Hurt,1996,5.62,5.51,1.74,23051,287,No,https://boardgamegeek.com/boardgame/965
56197,Bezzerwizzer +,2009,5.84,5.51,1.5,22805,116,No,https://boardgamegeek.com/boardgame/56197
7048,Big Top,2003,5.72,5.51,1.5,23530,108,No,https://boardgamegeek.com/boardgame/7048
166,Black Death,1993,5.75,5.51,1.85,24486,143,No,https://boardgamegeek.com/boardgame/166
3465,Black Hole,1978,5.67,5.51,1.64,24553,107,No,https://boardgamegeek.com/boardgame/3465
2364,Black Monday,1988,5.68,5.51,2.06,24558,133,No,https://boardgamegeek.com/boardgame/2364
127646,Black Stories: Mittelalter Edition,2012,5.79,5.51,1.75,21863,158,No,https://boardgamegeek.com/boardgame/127646
43041,Black Stories: Movie Edition,2009,5.67,5.51,1.0,24123,192,No,https://boardgamegeek.com/boardgame/43041
4979,Blood Berets,1993,5.78,5.51,3.0,23112,147,No,https://boardgamegeek.com/boardgame/4979
2383,Blue Line Hockey,1968,5.76,5.51,1.85,23491,134,No,https://boardgamegeek.com/boardgame/2383
4646,Bommerz over da Sulphur River,1998,5.75,5.51,2.23,24263,114,No,https://boardgamegeek.com/boardgame/4646
37732,Boss Kito,2008,5.69,5.51,1.26,22305,181,No,https://boardgamegeek.com/boardgame/37732
1866,Brainstorm,1990,5.75,5.51,1.6,23196,230,No,https://boardgamegeek.com/boardgame/1866
31274,Budowa zamku,2000,5.69,5.51,1.15,22131,318,No,https://boardgamegeek.com/boardgame/31274
8930,Buffy the Vampire Slayer CCG,2001,5.64,5.51,2.0,24914,139,No,https://boardgamegeek.com/boardgame/8930
69582,Buzz It!,2010,5.63,5.51,1.11,22453,368,No,https://boardgamegeek.com/boardgame/69582
116978,CITY Alarm,2012,5.79,5.51,1.23,23111,161,No,https://boardgamegeek.com/boardgame/116978
35256,Caledea: The Epic Strategy Game,2008,5.86,5.51,1.71,24331,138,No,https://boardgamegeek.com/boardgame/35256
78247,Campos,2010,5.7,5.51,1.56,23945,100,No,https://boardgamegeek.com/boardgame/78247
104633,Castelli,2011,5.66,5.51,2.33,23735,236,No,https://boardgamegeek.com/boardgame/104633
32253,Caveman,2007,5.68,5.51,1.74,21617,264,No,https://boardgamegeek.com/boardgame/32253
8193,Chainmail: Rules for Medieval Miniatures,1971,5.8,5.51,2.27,23969,101,No,https://boardgamegeek.com/boardgame/8193
35017,Chaos Isle: Zombi Deck,2008,6.12,5.51,1.85,24249,124,No,https://boardgamegeek.com/boardgame/35017
3005,Chess for Three,1992,5.95,5.51,2.83,23228,106,No,https://boardgamegeek.com/boardgame/3005
23656,Chuck-It Chicken!,2006,5.62,5.51,1.17,24394,344,No,https://boardgamegeek.com/boardgame/23656
21634,Cincinnati,2006,5.9,5.51,1.29,22605,109,No,https://boardgamegeek.com/boardgame/21634
17517,Clue Mysteries,2005,5.63,5.51,1.49,24326,400,No,https://boardgamegeek.com/boardgame/17517
55222,Clue: The Office,2009,5.84,5.51,1.67,23177,198,No,https://boardgamegeek.com/boardgame/55222
40083,Cluedo: Chocolate Edition,2007,5.77,5.51,1.4,24786,101,No,https://boardgamegeek.com/boardgame/40083
7712,Cluedo: Passport to Murder,2000,5.93,5.51,1.73,22396,113,No,https://boardgamegeek.com/boardgame/7712
17962,Cranium Bumparena,2005,5.68,5.51,1.15,24355,137,No,https://boardgamegeek.com/boardgame/17962
7307,Cranium: Hullabaloo,2003,5.73,5.51,1.04,21488,263,No,https://boardgamegeek.com/boardgame/7307
19796,Cranium: The Family Fun Game,2005,5.61,5.51,1.4,24389,390,No,https://boardgamegeek.com/boardgame/19796
119193,Crazy Creatures of Dr. Gloom,2012,5.59,5.51,1.18,21885,492,No,https://boardgamegeek.com/boardgame/119193
6660,Cubus,1987,5.7,5.51,1.83,23761,116,No,https://boardgamegeek.com/boardgame/6660
5707,Cuckoo Zoo,2002,5.61,5.51,1.0,23366,200,No,https://boardgamegeek.com/boardgame/5707
5298,Curses!,2001,5.63,5.51,1.11,24405,670,No,https://boardgamegeek.com/boardgame/5298
38949,Córdoba,2008,5.68,5.51,1.19,22551,196,No,https://boardgamegeek.com/boardgame/38949
5779,D-Day,1991,5.79,5.51,2.15,21967,188,No,https://boardgamegeek.com/boardgame/5779
17136,Da Vinci's Challenge,2004,5.61,5.51,2.06,23844,700,No,https://boardgamegeek.com/boardgame/17136
1778,Dark World: Dragon's Gate,1993,5.94,5.51,1.5,23898,102,No,https://boardgamegeek.com/boardgame/1778
1777,Dark World: Village of Fear,1993,5.73,5.51,1.62,23733,229,No,https://boardgamegeek.com/boardgame/1777
57458,Darwinci,2009,5.77,5.51,2.38,21977,125,No,https://boardgamegeek.com/boardgame/57458
140179,De Poorters van Nieuwstad,2013,5.73,5.51,2.89,23064,160,No,https://boardgamegeek.com/boardgame/140179
4445,Delphi,2002,5.73,5.51,1.64,23986,113,No,https://boardgamegeek.com/boardgame/4445
1004,Der Feuersalamander,1987,5.88,5.51,2.22,21773,120,No,https://boardgamegeek.com/boardgame/1004
127436,Der Hobbit: Eine unerwartete Reise – Das Spiel zum Film,2012,5.75,5.51,1.69,21536,293,No,https://boardgamegeek.com/boardgame/127436
24083,Desert Bazaar,2006,5.7,5.51,2.05,22433,148,No,https://boardgamegeek.com/boardgame/24083
524,Desperados,1980,5.58,5.51,1.45,23649,365,No,https://boardgamegeek.com/boardgame/524
8755,"Destruction of Army Group Center: The Soviet Summer Offensive, 1944",1973,5.79,5.51,2.42,22437,147,No,https://boardgamegeek.com/boardgame/8755
126728,Dice's Zoo,2012,5.63,5.51,1.36,24935,134,No,https://boardgamegeek.com/boardgame/126728
4799,Dicemaster: Cities of Doom,1996,5.67,5.51,1.67,23904,121,No,https://boardgamegeek.com/boardgame/4799
148,Die Glücksritter,1999,5.73,5.51,1.73,22598,139,No,https://boardgamegeek.com/boardgame/148
1007,Die Hanse,1993,5.65,5.51,2.24,23744,182,No,https://boardgamegeek.com/boardgame/1007
1012,Die Magier,1985,5.75,5.51,1.91,21743,187,No,https://boardgamegeek.com/boardgame/1012
32333,Die Wiege der Renaissance,2007,5.79,5.51,2.71,22904,132,No,https://boardgamegeek.com/boardgame/32333
112445,Disaster Looms!,2012,5.8,5.51,3.06,21824,202,No,https://boardgamegeek.com/boardgame/112445
61902,Disney Apples to Apples,2009,5.65,5.51,1.0,23553,303,No,https://boardgamegeek.com/boardgame/61902
15163,Disney Magic Kingdom Game,2004,5.81,5.51,1.55,22674,186,No,https://boardgamegeek.com/boardgame/15163
40801,Docker,2008,5.74,5.51,1.44,24640,139,No,https://boardgamegeek.com/boardgame/40801
1859,Doomtrooper,1994,5.76,5.51,2.11,23648,530,No,https://boardgamegeek.com/boardgame/1859
131450,DrachenSchatten,2012,5.67,5.51,1.0,24283,100,No,https://boardgamegeek.com/boardgame/131450
26124,Draco Mundis,2006,5.77,5.51,2.18,21793,177,No,https://boardgamegeek.com/boardgame/26124
27408,Dragon Ball Z CCG,2000,5.78,5.51,1.8,24561,127,No,https://boardgamegeek.com/boardgame/27408
37,Dragon Masters,1991,5.8,5.51,2.09,23588,158,No,https://boardgamegeek.com/boardgame/37
3294,Dumm gelaufen!,1998,5.61,5.51,1.17,22266,453,No,https://boardgamegeek.com/boardgame/3294
12267,Dwarves and Dice,1999,5.95,5.51,1.0,21922,100,No,https://boardgamegeek.com/boardgame/12267
30370,E.T.I.: Estimated Time to Invasion,2008,5.76,5.51,2.32,21723,184,No,https://boardgamegeek.com/boardgame/30370
1460,Earthquake,1998,5.71,5.51,1.06,22571,213,No,https://boardgamegeek.com/boardgame/1460
1336,Eden,2001,5.62,5.51,2.21,23694,199,No,https://boardgamegeek.com/boardgame/1336
633,Elixir,1997,5.6,5.51,1.47,22394,1243,No,https://boardgamegeek.com/boardgame/633
20862,Elixir: Alchimie,2002,5.81,5.51,1.33,,122,Yes,https://boardgamegeek.com/boardgame/20862
20861,Elixir: Mandragore,2002,5.83,5.51,1.25,,108,Yes,https://boardgamegeek.com/boardgame/20861
36554,Enuk,2008,5.76,5.51,1.31,21708,154,No,https://boardgamegeek.com/boardgame/36554
304,Evergreen,1999,5.56,5.51,1.86,22958,371,No,https://boardgamegeek.com/boardgame/304
38390,Exalted: Legacy of the Unconquered Sun,2008,5.84,5.51,2.69,21958,134,No,https://boardgamegeek.com/boardgame/38390
29118,Exalted: War for the Throne,2007,5.75,5.51,2.93,24725,115,No,https://boardgamegeek.com/boardgame/29118
25013,Fagin's Gang,2007,5.75,5.51,2.41,22850,126,No,https://boardgamegeek.com/boardgame/25013
60158,Fast Food,2009,5.85,5.51,1.0,21885,111,No,https://boardgamegeek.com/boardgame/60158
89898,Faux•Cabulary,2011,5.77,5.51,1.11,21731,206,No,https://boardgamegeek.com/boardgame/89898
139137,Firefly: Out to the Black,2013,5.65,5.51,1.93,24169,352,No,https://boardgamegeek.com/boardgame/139137
117823,FitzIt,2012,5.73,5.51,1.33,24564,167,No,https://boardgamegeek.com/boardgame/117823
76447,Five Fingered Severance,2011,5.71,5.51,1.94,23077,170,No,https://boardgamegeek.com/boardgame/76447
138748,Flash!,2013,5.66,5.51,1.0,24699,212,No,https://boardgamegeek.com/boardgame/138748
15196,Flunkern,2005,5.67,5.51,1.08,23784,117,No,https://boardgamegeek.com/boardgame/15196
25677,Formidable Foes,2006,5.56,5.51,2.11,24374,474,No,https://boardgamegeek.com/boardgame/25677
32245,Fortuna,1984,5.87,5.51,1.17,23809,134,No,https://boardgamegeek.com/boardgame/32245
122867,Four Taverns,2012,5.81,5.51,1.31,22200,137,No,https://boardgamegeek.com/boardgame/122867
63788,Freecell,,5.69,5.51,1.75,23251,222,No,https://boardgamegeek.com/boardgame/63788
4281,Freeloader,2002,5.64,5.51,1.59,23407,207,No,https://boardgamegeek.com/boardgame/4281
8816,Frenzy,2003,5.59,5.51,1.18,24226,222,No,https://boardgamegeek.com/boardgame/8816
5862,Frigate: Sea War in the Age of Sail,1974,5.91,5.51,3.0,22920,119,No,https://boardgamegeek.com/boardgame/5862
19392,Fruit Bandits,2005,5.67,5.51,1.21,24373,112,No,https://boardgamegeek.com/boardgame/19392
5589,Full House,1979,5.94,5.51,1.33,22017,178,No,https://boardgamegeek.com/boardgame/5589
4909,Fun City Game,1987,5.74,5.51,1.23,23124,146,No,https://boardgamegeek.com/boardgame/4909
4123,Gambler,1975,5.71,5.51,1.13,22484,332,No,https://boardgamegeek.com/boardgame/4123
3926,Gangsters: The Game of Disorganized Crime,1984,5.76,5.51,1.0,23981,100,No,https://boardgamegeek.com/boardgame/3926
80296,Geistertreppe: Das Kartenspiel,2010,5.63,5.51,1.14,24895,111,No,https://boardgamegeek.com/boardgame/80296
231,Geronimo,1995,5.72,5.51,3.19,23776,263,No,https://boardgamegeek.com/boardgame/231
3099,Gettysburg,1958,5.74,5.51,2.23,22354,357,No,https://boardgamegeek.com/boardgame/3099
70488,GloBall,2010,5.75,5.51,1.17,23403,102,No,https://boardgamegeek.com/boardgame/70488
6938,"Global War: The War Against Germany and Japan, 1939-45",1975,6.0,5.51,3.0,21887,129,No,https://boardgamegeek.com/boardgame/6938
2195,Globbo!,1983,5.75,5.51,1.94,24546,114,No,https://boardgamegeek.com/boardgame/2195
119109,"Go Goblin, Go!",2012,5.79,5.51,1.8,23318,137,No,https://boardgamegeek.com/boardgame/119109
2372,Goal!,1960,5.69,5.51,1.07,21637,247,No,https://boardgamegeek.com/boardgame/2372
88960,Godzilla: Stomp!,2011,5.73,5.51,1.12,22411,193,No,https://boardgamegeek.com/boardgame/88960
6824,Gold und Rum,2003,5.6,5.51,1.61,24059,183,No,https://boardgamegeek.com/boardgame/6824
505,Goldener Drache,1992,5.76,5.51,1.78,21554,121,No,https://boardgamegeek.com/boardgame/505
3664,Grand Mastermind,1974,5.75,5.51,2.83,22886,149,No,https://boardgamegeek.com/boardgame/3664
17577,Granny Apples,2005,5.69,5.51,1.27,23168,140,No,https://boardgamegeek.com/boardgame/17577
32016,Gumball Rally,2007,5.61,5.51,1.09,24755,227,No,https://boardgamegeek.com/boardgame/32016
19623,Handy,2005,5.73,5.51,1.0,24158,125,No,https://boardgamegeek.com/boardgame/19623
6406,Hannibal: The Second Punic War,1991,5.7,5.51,2.43,23675,113,No,https://boardgamegeek.com/boardgame/6406
2098,Heresy,1995,5.85,5.51,3.2,22323,111,No,https://boardgamegeek.com/boardgame/2098
29415,HeroCard Nightmare,2007,5.93,5.51,2.25,22085,108,No,https://boardgamegeek.com/boardgame/29415
127994,Heroes of Metro City,2013,5.68,5.51,2.57,24838,252,No,https://boardgamegeek.com/boardgame/127994
8134,History of War,2003,6.03,5.51,2.53,22880,105,No,https://boardgamegeek.com/boardgame/8134
13436,Hopp hopp Häschen,2004,5.67,5.51,1.0,23025,291,No,https://boardgamegeek.com/boardgame/13436
8892,IGOR: The Mad Scientist's Lament,2004,5.68,5.51,1.45,24757,174,No,https://boardgamegeek.com/boardgame/8892
103937,If I'm Going Down...,2012,5.85,5.51,1.43,24418,113,No,https://boardgamegeek.com/boardgame/103937
16110,Il Cucco,,5.64,5.51,1.25,24257,176,No,https://boardgamegeek.com/boardgame/16110
1675,Illuminati: Brainwash,2001,5.8,5.51,2.71,,195,Yes,https://boardgamegeek.com/boardgame/1675
9560,Indus,2004,5.62,5.51,1.88,22778,360,No,https://boardgamegeek.com/boardgame/9560
32969,Innsmouth Escape,2008,5.66,5.51,1.95,23186,252,No,https://boardgamegeek.com/boardgame/32969
1291,Input,1984,5.67,5.51,1.8,24174,150,No,https://boardgamegeek.com/boardgame/1291
2989,Instinct,1998,5.76,5.51,1.36,22319,141,No,https://boardgamegeek.com/boardgame/2989
31335,Jantaris,2007,5.78,5.51,2.5,23569,112,No,https://boardgamegeek.com/boardgame/31335
20810,Jenga Ultimate,1995,5.86,5.51,1.0,23536,125,No,https://boardgamegeek.com/boardgame/20810
6272,Junior Stratego,1997,5.69,5.51,1.0,21833,169,No,https://boardgamegeek.com/boardgame/6272
2597,Jurassic Park III: Island Survival Game,2001,5.88,5.51,1.67,21736,179,No,https://boardgamegeek.com/boardgame/2597
107464,Kabuki,2011,5.65,5.51,1.14,22367,300,No,https://boardgamegeek.com/boardgame/107464
69356,Kalua,2012,5.61,5.51,1.62,23399,224,No,https://boardgamegeek.com/boardgame/69356
41860,Kangaroo,2009,5.64,5.51,1.0,24080,200,No,https://boardgamegeek.com/boardgame/41860
11195,Karottenklau,2004,5.64,5.51,1.0,24058,139,No,https://boardgamegeek.com/boardgame/11195
2581,Kismet,1963,5.68,5.51,1.33,23058,278,No,https://boardgamegeek.com/boardgame/2581
28238,Kitty Bitty,2007,5.66,5.51,1.21,21950,280,No,https://boardgamegeek.com/boardgame/28238
118001,Kleine Fotosafari,2012,5.79,5.51,1.33,22529,109,No,https://boardgamegeek.com/boardgame/118001
2760,Knights of the Dinner Table: Orcs at the Gates,1998,5.7,5.51,1.54,24780,131,No,https://boardgamegeek.com/boardgame/2760
8122,Konane,1775,5.75,5.51,2.0,22293,139,No,https://boardgamegeek.com/boardgame/8122
22644,La Guerra Civil Española (1936),1981,5.98,5.51,2.31,23802,106,No,https://boardgamegeek.com/boardgame/22644
11446,La Ruta del Tesoro,1980,5.87,5.51,1.21,22044,164,No,https://boardgamegeek.com/boardgame/11446
98197,Labyrinth: The Paths of Destiny,2011,5.96,5.51,2.0,24040,139,No,https://boardgamegeek.com/boardgame/98197
33611,Last Night on Earth Special Edition Soundtrack CD,2007,5.64,5.51,2.15,,204,Yes,https://boardgamegeek.com/boardgame/33611
1960,Last Word,1985,5.73,5.51,1.71,23032,124,No,https://boardgamegeek.com/boardgame/1960
11899,Le Docte Rat,1988,5.72,5.51,1.5,24204,112,No,https://boardgamegeek.com/boardgame/11899
136029,Le Tricheur,2012,5.96,5.51,1.0,22581,100,No,https://boardgamegeek.com/boardgame/136029
3360,Lexicon,1932,5.69,5.51,1.45,24179,150,No,https://boardgamegeek.com/boardgame/3360
5897,Lie Detector,1960,5.86,5.51,1.31,22678,125,No,https://boardgamegeek.com/boardgame/5897
13357,Like Minds,2004,5.75,5.51,1.11,22632,139,No,https://boardgamegeek.com/boardgame/13357
114228,Little Circuit,2010,5.83,5.51,1.09,22630,103,No,https://boardgamegeek.com/boardgame/114228
3155,Lumberjack,2002,5.71,5.51,1.47,22511,169,No,https://boardgamegeek.com/boardgame/3155
29352,Lupusburg,2008,5.56,5.51,1.69,24500,198,No,https://boardgamegeek.com/boardgame/29352
80869,MUNERA: Familia Gladiatoria,2010,6.08,5.51,3.0,21737,158,No,https://boardgamegeek.com/boardgame/80869
5135,Malarky,1996,5.67,5.51,1.48,21645,468,No,https://boardgamegeek.com/boardgame/5135
4213,Mao,,5.66,5.51,1.9,21839,476,No,https://boardgamegeek.com/boardgame/4213
33024,Mapominoes: Europe,2007,5.66,5.51,1.58,22697,310,No,https://boardgamegeek.com/boardgame/33024
40416,Martians!!!,2009,5.74,5.51,2.0,23017,185,No,https://boardgamegeek.com/boardgame/40416
33962,Match of the Season,2008,5.92,5.51,2.33,24800,126,No,https://boardgamegeek.com/boardgame/33962
7256,Matchstix,1987,5.71,5.51,1.3,22296,214,No,https://boardgamegeek.com/boardgame/7256
1087,Matschig,1998,5.74,5.51,1.0,23561,145,No,https://boardgamegeek.com/boardgame/1087
86882,Medieval Mastery,2011,5.74,5.51,2.0,23607,179,No,https://boardgamegeek.com/boardgame/86882
55828,"Mees, kes teadis ussisõnu",2009,6.15,5.51,1.25,21767,111,No,https://boardgamegeek.com/boardgame/55828
55492,MegaCorps,2009,5.65,5.51,2.45,23710,271,No,https://boardgamegeek.com/boardgame/55492
13830,Metallurgie,2004,5.72,5.51,1.38,23546,101,No,https://boardgamegeek.com/boardgame/13830
90375,Mieses Karma,2011,5.82,5.51,1.58,21744,114,No,https://boardgamegeek.com/boardgame/90375
83199,Mille Grazie,2010,5.78,5.51,1.29,22643,139,No,https://boardgamegeek.com/boardgame/83199
1173,Millionenspiel,1982,5.73,5.51,1.17,21841,126,No,https://boardgamegeek.com/boardgame/1173
24280,Mimic,2006,6.16,5.51,2.4,21968,101,No,https://boardgamegeek.com/boardgame/24280
112840,Mine Shift,2011,5.74,5.51,1.17,23357,133,No,https://boardgamegeek.com/boardgame/112840
31380,Modern Society,2009,5.55,5.51,2.11,23835,154,No,https://boardgamegeek.com/boardgame/31380
35254,Monopoly: Indiana Jones,2008,6.13,5.51,1.62,21544,123,No,https://boardgamegeek.com/boardgame/35254
3065,Monopoly: Stock Exchange,2001,5.77,5.51,2.28,24552,210,No,https://boardgamegeek.com/boardgame/3065
684,Monopoly: The Card Game,2000,5.58,5.51,1.47,24302,689,No,https://boardgamegeek.com/boardgame/684
51067,Monopoly: The Nightmare Before Christmas,2009,6.02,5.51,1.83,22370,143,No,https://boardgamegeek.com/boardgame/51067
29676,Monopoly: Tropical Tycoon DVD Game,2007,5.77,5.51,2.0,22332,246,No,https://boardgamegeek.com/boardgame/29676
39802,Mountain of Inferno,2009,5.63,5.51,1.9,23893,183,No,https://boardgamegeek.com/boardgame/39802
519,Mush,1994,5.86,5.51,1.71,21440,117,No,https://boardgamegeek.com/boardgame/519
7973,My Haunted Castle,1989,5.71,5.51,1.1,22843,123,No,https://boardgamegeek.com/boardgame/7973
1953,Mystic War,1992,5.8,5.51,1.57,21772,125,No,https://boardgamegeek.com/boardgame/1953
67695,Nab-It!,2010,5.7,5.51,1.93,22503,158,No,https://boardgamegeek.com/boardgame/67695
137931,Nada!,2013,5.57,5.51,1.04,24407,355,No,https://boardgamegeek.com/boardgame/137931
126471,Nowhere to Go,2012,5.75,5.51,1.2,22117,142,No,https://boardgamegeek.com/boardgame/126471
94571,Oh Gnome You Don't!,2011,5.68,5.51,1.56,24853,165,No,https://boardgamegeek.com/boardgame/94571
126168,Oh no... INVASION!!!,2012,5.76,5.51,1.8,22957,101,No,https://boardgamegeek.com/boardgame/126168
5382,Oil War: American Intervention in the Persian Gulf,1975,5.71,5.51,2.24,24395,201,No,https://boardgamegeek.com/boardgame/5382
110160,Old Men of the Forest,2011,5.57,5.51,1.54,24326,265,No,https://boardgamegeek.com/boardgame/110160
1133,Organized Crime,1974,5.78,5.51,2.38,22762,116,No,https://boardgamegeek.com/boardgame/1133
129988,Over/Under,2008,5.68,5.51,1.0,23882,146,No,https://boardgamegeek.com/boardgame/129988
37686,Où étiez-vous?,2008,5.67,5.51,1.0,23372,158,No,https://boardgamegeek.com/boardgame/37686
13972,Party & Co,1993,5.61,5.51,1.46,22228,812,No,https://boardgamegeek.com/boardgame/13972
29020,Party & Co: Extreme,2005,5.64,5.51,1.06,23158,348,No,https://boardgamegeek.com/boardgame/29020
69602,Phase 10: Das Brettspiel,2010,5.63,5.51,1.47,24530,381,No,https://boardgamegeek.com/boardgame/69602
23777,Pieces of Eight,2006,5.74,5.51,1.71,23608,146,No,https://boardgamegeek.com/boardgame/23777
3793,Pig Pong,1986,5.82,5.51,1.0,22357,102,No,https://boardgamegeek.com/boardgame/3793
118515,Piranhas,2012,5.9,5.51,1.0,23486,166,No,https://boardgamegeek.com/boardgame/118515
20953,Piratissimo,2005,5.78,5.51,1.23,22032,205,No,https://boardgamegeek.com/boardgame/20953
125609,Pixel Lincoln: The Deckbuilding Game,2013,5.69,5.51,1.79,22757,287,No,https://boardgamegeek.com/boardgame/125609
2645,Prize Property,1974,5.9,5.51,1.59,22735,143,No,https://boardgamegeek.com/boardgame/2645
5002,Pro Golf,1981,5.74,5.51,1.69,22469,175,No,https://boardgamegeek.com/boardgame/5002
3725,Qwitch,2002,5.66,5.51,1.09,22140,288,No,https://boardgamegeek.com/boardgame/3725
1211,Race Through Space,1988,5.6,5.51,1.1,24152,244,No,https://boardgamegeek.com/boardgame/1211
18891,Raceway 57,2005,5.72,5.51,1.72,22995,137,No,https://boardgamegeek.com/boardgame/18891
4516,Ragnarok: The Twilight of the Gods,1981,5.86,5.51,2.46,22866,137,No,https://boardgamegeek.com/boardgame/4516
5437,Raid on Iran,1980,5.95,5.51,1.86,21662,108,No,https://boardgamegeek.com/boardgame/5437
15139,Rapidcroco,2004,5.64,5.51,1.0,24267,169,No,https://boardgamegeek.com/boardgame/15139
4479,Ratrace,1967,5.81,5.51,1.56,23308,268,No,https://boardgamegeek.com/boardgame/4479
10291,Ready! Set! Spaghetti!,1989,5.73,5.51,1.0,24671,179,No,https://boardgamegeek.com/boardgame/10291
3059,Rebound,1971,5.63,5.51,1.0,23460,386,No,https://boardgamegeek.com/boardgame/3059
21219,Red Hot Silly Dragon,2005,5.73,5.51,1.33,23378,121,No,https://boardgamegeek.com/boardgame/21219
3657,Redemption: City of Bondage,1996,5.86,5.51,1.88,23012,133,No,https://boardgamegeek.com/boardgame/3657
1171,Ricochet,1996,5.74,5.51,1.29,22811,110,No,https://boardgamegeek.com/boardgame/1171
91394,Ring-A-Ding-Ding,2011,5.74,5.51,1.0,22304,146,No,https://boardgamegeek.com/boardgame/91394
99791,Road to Enlightenment,2012,5.65,5.51,3.15,24575,222,No,https://boardgamegeek.com/boardgame/99791
93577,Rocket Jockey,2012,5.59,5.51,2.15,24544,167,No,https://boardgamegeek.com/boardgame/93577
98960,Rogue Agent,2013,5.71,5.51,2.33,21910,263,No,https://boardgamegeek.com/boardgame/98960
19046,Ruckus,2005,5.6,5.51,1.0,24346,252,No,https://boardgamegeek.com/boardgame/19046
98046,Sake & Samurai,2011,5.91,5.51,2.22,21449,200,No,https://boardgamegeek.com/boardgame/98046
1571,Sanctuary: Thieves World,1982,5.66,5.51,1.87,21651,292,No,https://boardgamegeek.com/boardgame/1571
4000,Scan,1970,5.75,5.51,1.0,23442,107,No,https://boardgamegeek.com/boardgame/4000
13767,Scene It? 007,2004,5.76,5.51,1.67,23916,164,No,https://boardgamegeek.com/boardgame/13767
32682,Scene It? Disney Second Edition,2007,5.83,5.51,1.0,23055,176,No,https://boardgamegeek.com/boardgame/32682
32688,Scene It? Movie Second Edition,2007,5.68,5.51,1.64,22328,277,No,https://boardgamegeek.com/boardgame/32688
31935,Scrabble Express,2007,5.74,5.51,1.69,21713,164,No,https://boardgamegeek.com/boardgame/31935
43168,Scrappers,2009,5.85,5.51,1.71,22207,194,No,https://boardgamegeek.com/boardgame/43168
26353,Scum,2005,5.9,5.51,1.14,21848,114,No,https://boardgamegeek.com/boardgame/26353
40440,Sector 41,2009,5.88,5.51,2.24,23638,123,No,https://boardgamegeek.com/boardgame/40440
5966,Sequence Dice,1999,5.7,5.51,1.0,22376,365,No,https://boardgamegeek.com/boardgame/5966
18765,Shabadabada,2002,5.61,5.51,1.0,24495,184,No,https://boardgamegeek.com/boardgame/18765
6698,Shadowrun Duels,2003,5.74,5.51,2.27,22387,155,No,https://boardgamegeek.com/boardgame/6698
128219,Shafausa,2012,5.93,5.51,3.31,22874,159,No,https://boardgamegeek.com/boardgame/128219
12372,Shakespeare: The Bard Game,2004,5.72,5.51,1.79,24459,180,No,https://boardgamegeek.com/boardgame/12372
18580,Skallywaggs,2005,5.78,5.51,1.78,21986,235,No,https://boardgamegeek.com/boardgame/18580
2038,Skirrid,1977,5.68,5.51,2.0,24034,155,No,https://boardgamegeek.com/boardgame/2038
3924,Smart Mouth,2001,5.64,5.51,1.41,23637,173,No,https://boardgamegeek.com/boardgame/3924
19399,Socken zocken,2004,5.66,5.51,1.06,22639,273,No,https://boardgamegeek.com/boardgame/19399
3958,Songburst: 70's & 80's Edition,1992,5.68,5.51,1.2,23988,141,No,https://boardgamegeek.com/boardgame/3958
34342,Sorts,2006,5.67,5.51,1.23,24013,146,No,https://boardgamegeek.com/boardgame/34342
132188,Spin Monkeys,2012,5.74,5.51,1.62,22930,197,No,https://boardgamegeek.com/boardgame/132188
6610,Spinergy,2000,5.65,5.51,1.38,24391,108,No,https://boardgamegeek.com/boardgame/6610
3914,Splat!,1990,5.75,5.51,1.0,24564,200,No,https://boardgamegeek.com/boardgame/3914
93678,Spring Fever,2011,5.79,5.51,1.2,22569,107,No,https://boardgamegeek.com/boardgame/93678
46957,Square Shooters,2010,5.68,5.51,1.3,24481,222,No,https://boardgamegeek.com/boardgame/46957
2970,Squatter,1962,5.72,5.51,1.47,23132,299,No,https://boardgamegeek.com/boardgame/2970
2725,Star Wars: Escape From The Death Star,1990,5.69,5.51,1.96,22548,173,No,https://boardgamegeek.com/boardgame/2725
6810,Star Wars: The Interactive Video Board Game,1996,5.78,5.51,1.85,24555,206,No,https://boardgamegeek.com/boardgame/6810
5837,Steam Tunnel,2003,5.61,5.51,1.53,24821,158,No,https://boardgamegeek.com/boardgame/5837
1622,Strata 5,1984,5.83,5.51,2.33,22187,129,No,https://boardgamegeek.com/boardgame/1622
130841,Stratego Card Game,2012,5.74,5.51,1.33,23792,181,No,https://boardgamegeek.com/boardgame/130841
12963,Succession: Intrigue in the Royal Court,2004,5.71,5.51,2.03,22199,283,No,https://boardgamegeek.com/boardgame/12963
25470,Summertime,2006,5.65,5.51,1.56,23284,153,No,https://boardgamegeek.com/boardgame/25470
1727,Summit,1961,5.75,5.51,2.08,23238,127,No,https://boardgamegeek.com/boardgame/1727
2203,Suppenkasper,1987,5.64,5.51,1.7,24509,116,No,https://boardgamegeek.com/boardgame/2203
22392,T.E.G.: Plan Táctico y Estratégico de la Guerra,1976,6.04,5.51,2.15,21468,316,No,https://boardgamegeek.com/boardgame/22392
15407,TATATA!,2005,5.93,5.51,1.24,24252,129,No,https://boardgamegeek.com/boardgame/15407
3457,Tabula,1990,5.78,5.51,1.38,21985,104,No,https://boardgamegeek.com/boardgame/3457
133637,Temple Run: Danger Chase,2012,5.64,5.51,1.16,22760,321,No,https://boardgamegeek.com/boardgame/133637
20645,Tenakee,2005,5.63,5.51,1.23,24801,183,No,https://boardgamegeek.com/boardgame/20645
6902,Tetris,1989,5.75,5.51,1.56,23432,105,No,https://boardgamegeek.com/boardgame/6902
137332,That's It!,2013,5.75,5.51,1.0,24791,130,No,https://boardgamegeek.com/boardgame/137332
2749,The American Civil War,2001,5.79,5.51,2.59,22435,420,No,https://boardgamegeek.com/boardgame/2749
5039,"The Battle for North Africa: War in the Desert, 1940-42",1996,5.66,5.51,2.94,24549,134,No,https://boardgamegeek.com/boardgame/5039
117908,The Big Fat Tomato Game,2012,5.94,5.51,1.29,22144,146,No,https://boardgamegeek.com/boardgame/117908
103638,The Bridge to Treasure Cave,2011,5.69,5.51,1.38,23726,139,No,https://boardgamegeek.com/boardgame/103638
8324,The China War: Sino-Soviet Conflict in the 1980s,1979,5.67,5.51,2.58,24217,197,No,https://boardgamegeek.com/boardgame/8324
32047,The Circle,2007,5.76,5.51,3.31,21867,158,No,https://boardgamegeek.com/boardgame/32047
94123,The Forgotten Planet,2011,5.91,5.51,2.38,21590,121,No,https://boardgamegeek.com/boardgame/94123
15731,The Game of Life: Card Game,2002,5.75,5.51,1.55,23040,197,No,https://boardgamegeek.com/boardgame/15731
3077,The Game of Real Life,1998,5.77,5.51,1.17,24593,125,No,https://boardgamegeek.com/boardgame/3077
8652,The Haunted Clock Tower,1994,5.91,5.51,1.0,22280,189,No,https://boardgamegeek.com/boardgame/8652
15739,The Haunting House 3: A Ghost Story,2005,5.85,5.51,1.43,,110,Yes,https://boardgamegeek.com/boardgame/15739
37680,The Heavens of Olympus,2011,5.67,5.51,2.69,24301,142,No,https://boardgamegeek.com/boardgame/37680
38328,The Looney Bin,2008,6.3,5.51,1.38,23453,122,No,https://boardgamegeek.com/boardgame/38328
6460,The Testimony of Jacob Hollow,2003,5.7,5.51,1.73,21615,245,No,https://boardgamegeek.com/boardgame/6460
2139,The X-Files Collectible Card Game,1996,5.71,5.51,2.45,24332,402,No,https://boardgamegeek.com/boardgame/2139
76442,Those Pesky Humans!,2009,5.78,5.51,1.83,23478,157,No,https://boardgamegeek.com/boardgame/76442
96672,TieBreaker,2011,5.78,5.51,1.0,22215,135,No,https://boardgamegeek.com/boardgame/96672
848,Tip Tap,1999,5.74,5.51,1.0,23349,118,No,https://boardgamegeek.com/boardgame/848
6766,Top Gun: The Game of Modern Fighter Combat,1986,6.03,5.51,1.71,24207,108,No,https://boardgamegeek.com/boardgame/6766
1132,Top Secret,1985,5.74,5.51,1.46,22216,189,No,https://boardgamegeek.com/boardgame/1132
124647,Top This! A Pizza Flicking Game,2014,5.63,5.51,1.09,24037,163,No,https://boardgamegeek.com/boardgame/124647
40961,Topas,2009,5.76,5.51,1.13,21638,155,No,https://boardgamegeek.com/boardgame/40961
22035,Travel Sequence,1994,5.82,5.51,1.44,22374,146,No,https://boardgamegeek.com/boardgame/22035
8471,Trenchfoot: Bullets & Bayonets in the Great War,1981,5.87,5.51,1.73,24482,100,No,https://boardgamegeek.com/boardgame/8471
3417,Tribulation,1974,5.75,5.51,1.5,24017,111,No,https://boardgamegeek.com/boardgame/3417
56759,Tricky Trek,2009,5.72,5.51,1.11,23495,101,No,https://boardgamegeek.com/boardgame/56759
2001,Trivial Pursuit: Family Edition,1993,5.59,5.51,1.67,23243,1128,No,https://boardgamegeek.com/boardgame/2001
4789,Trivial Pursuit: Genus III,1991,5.66,5.51,1.59,23534,428,No,https://boardgamegeek.com/boardgame/4789
40853,Trivial Pursuit: Genus VI,2006,5.69,5.51,1.73,24357,192,No,https://boardgamegeek.com/boardgame/40853
5660,Trivial Pursuit: RPM Edition,1985,5.75,5.51,1.8,,105,Yes,https://boardgamegeek.com/boardgame/5660
43927,Trivial Pursuit: Team,2009,5.7,5.51,1.56,23086,163,No,https://boardgamegeek.com/boardgame/43927
877,Troia,2000,5.6,5.51,1.88,24478,165,No,https://boardgamegeek.com/boardgame/877
58707,Truth Be Told,2009,5.78,5.51,1.0,22771,114,No,https://boardgamegeek.com/boardgame/58707
70912,UNO MOD,2010,5.99,5.51,1.0,21474,105,No,https://boardgamegeek.com/boardgame/70912
97990,UNO Roboto,2011,5.9,5.51,1.33,23175,109,No,https://boardgamegeek.com/boardgame/97990
24318,UNO Spin,2005,5.7,5.51,1.12,22753,536,No,https://boardgamegeek.com/boardgame/24318
25204,UNO: Cars,2006,5.81,5.51,1.2,22002,133,No,https://boardgamegeek.com/boardgame/25204
3677,Ultimatum: A Game of Nuclear Confrontation,1979,5.79,5.51,3.05,21786,128,No,https://boardgamegeek.com/boardgame/3677
2599,Valkenburg Castle,1980,6.0,5.51,2.07,22468,102,No,https://boardgamegeek.com/boardgame/2599
5554,Vampire,2003,5.67,5.51,1.23,24737,139,No,https://boardgamegeek.com/boardgame/5554
67034,VeloCity,2010,5.73,5.51,2.0,21671,139,No,https://boardgamegeek.com/boardgame/67034
6566,VisualEyes,2003,5.65,5.51,1.41,21976,350,No,https://boardgamegeek.com/boardgame/6566
64656,Wampum,2010,5.76,5.51,2.12,21924,119,No,https://boardgamegeek.com/boardgame/64656
2833,Wanted!,1999,5.78,5.51,1.0,22084,418,No,https://boardgamegeek.com/boardgame/2833
29317,War: Império Romano,2007,5.7,5.51,2.08,24679,145,No,https://boardgamegeek.com/boardgame/29317
7267,"Warlords: China in Disarray, 1916-1950",1986,5.8,5.51,3.0,23967,100,No,https://boardgamegeek.com/boardgame/7267
333,Waterworks,1972,5.56,5.51,1.21,23995,2214,No,https://boardgamegeek.com/boardgame/333
80012,We Didn't Playtest This at All: Blue Deck,2010,5.94,5.51,1.0,,113,Yes,https://boardgamegeek.com/boardgame/80012
33359,Weilong,2007,5.7,5.51,1.48,24010,117,No,https://boardgamegeek.com/boardgame/33359
33208,What?,2007,5.99,5.51,1.0,21489,100,No,https://boardgamegeek.com/boardgame/33208
3801,When Darkness Comes,2002,5.58,5.51,2.45,24884,560,No,https://boardgamegeek.com/boardgame/3801
4580,Who Is Going to Do the Dishes?,1991,5.76,5.51,1.29,21890,120,No,https://boardgamegeek.com/boardgame/4580
2487,Why,1958,5.74,5.51,1.22,23770,117,No,https://boardgamegeek.com/boardgame/2487
1325,Wild Pirates,1989,5.62,5.51,1.25,24715,152,No,https://boardgamegeek.com/boardgame/1325
2176,Willi,1999,5.74,5.51,1.54,21840,108,No,https://boardgamegeek.com/boardgame/2176
53279,Wo war's?,2009,5.71,5.51,1.0,24822,107,No,https://boardgamegeek.com/boardgame/53279
109643,World Conquerors,2012,5.7,5.51,2.0,23100,164,No,https://boardgamegeek.com/boardgame/109643
129290,YOU are the Maniac!,2012,5.68,5.51,2.0,24175,111,No,https://boardgamegeek.com/boardgame/129290
88900,Yaniv,,5.66,5.51,1.33,24638,146,No,https://boardgamegeek.com/boardgame/88900
5502,Yu-Gi-Oh! Dungeon Dice Monsters,2002,6.12,5.51,2.11,23739,155,No,https://boardgamegeek.com/boardgame/5502
3159,Zahltag,2002,5.77,5.51,1.47,21495,137,No,https://boardgamegeek.com/boardgame/3159
1354,Zaubercocktail,2001,5.61,5.51,1.59,24833,156,No,https://boardgamegeek.com/boardgame/1354
134618,Zen Garden,2013,5.67,5.51,1.78,21663,243,No,https://boardgamegeek.com/boardgame/134618
22266,Zig-Zag,2006,5.66,5.51,1.12,21678,337,No,https://boardgamegeek.com/boardgame/22266
3435,Zwergen Ziehen,1997,5.7,5.51,1.13,23341,114,No,https://boardgamegeek.com/boardgame/3435
12956,futuRisiKo!,1992,5.63,5.51,1.96,24442,323,No,https://boardgamegeek.com/boardgame/12956
3525,Act One,1995,5.4,5.5,1.25,27101,102,No,https://boardgamegeek.com/boardgame/3525
141087,Agora,2013,5.66,5.5,2.4,25901,193,No,https://boardgamegeek.com/boardgame/141087
130682,Air King,2012,5.57,5.5,1.35,25973,172,No,https://boardgamegeek.com/boardgame/130682
1407,Alcatraz,1999,5.53,5.5,1.91,26321,287,No,https://boardgamegeek.com/boardgame/1407
136415,Alles Käse!,2013,5.69,5.5,1.05,25161,264,No,https://boardgamegeek.com/boardgame/136415
20018,Aloha,2005,5.51,5.5,2.18,27266,169,No,https://boardgamegeek.com/boardgame/20018
11464,Alquerque,1000,5.62,5.5,1.85,24941,127,No,https://boardgamegeek.com/boardgame/11464
455,Am Fuß des Kilimandscharo,1995,5.58,5.5,1.18,25158,108,No,https://boardgamegeek.com/boardgame/455
12291,Animal Party,2004,5.54,5.5,1.11,25489,313,No,https://boardgamegeek.com/boardgame/12291
2169,Arcadia: The Wyld Hunt,1996,5.71,5.5,2.14,26405,160,No,https://boardgamegeek.com/boardgame/2169
140386,Assassin's Creed: Arena,2014,5.69,5.5,1.71,26325,170,No,https://boardgamegeek.com/boardgame/140386
22268,Asterix & Obelix,2006,5.5,5.5,1.18,27224,131,No,https://boardgamegeek.com/boardgame/22268
77344,Atlantis Treasure,2010,5.46,5.5,1.55,27462,121,No,https://boardgamegeek.com/boardgame/77344
8128,Atta Ants,2003,5.58,5.5,1.87,24990,383,No,https://boardgamegeek.com/boardgame/8128
3189,BAS-KET,1938,5.45,5.5,1.0,27486,129,No,https://boardgamegeek.com/boardgame/3189
7553,Babylon,2003,5.52,5.5,1.59,26541,323,No,https://boardgamegeek.com/boardgame/7553
40629,Bakong,2009,5.52,5.5,1.29,25701,567,No,https://boardgamegeek.com/boardgame/40629
5304,Basketball Strategy,1974,5.55,5.5,2.12,26560,164,No,https://boardgamegeek.com/boardgame/5304
2428,Battle-Cry,1961,5.6,5.5,1.61,25272,383,No,https://boardgamegeek.com/boardgame/2428
34745,Battleship Express,2007,5.5,5.5,1.11,27385,331,No,https://boardgamegeek.com/boardgame/34745
3271,Battlesuit,1983,5.52,5.5,2.38,27361,150,No,https://boardgamegeek.com/boardgame/3271
4402,Bayon,2002,5.52,5.5,1.57,26842,185,No,https://boardgamegeek.com/boardgame/4402
136585,Bejeweled,2013,5.45,5.5,1.5,26634,115,No,https://boardgamegeek.com/boardgame/136585
28298,Bendomino,2007,5.61,5.5,1.72,27477,122,No,https://boardgamegeek.com/boardgame/28298
133337,Bezzerwizzer Mini,2011,5.58,5.5,1.44,25709,101,No,https://boardgamegeek.com/boardgame/133337
1207,Big Deal,2001,5.56,5.5,3.0,26052,131,No,https://boardgamegeek.com/boardgame/1207
111327,Black Stories: Christmas Edition,2011,5.58,5.5,1.0,26652,117,No,https://boardgamegeek.com/boardgame/111327
19957,Blitz,,5.53,5.5,1.1,25723,468,No,https://boardgamegeek.com/boardgame/19957
5640,Bombay Bazar,2001,5.5,5.5,1.33,26049,141,No,https://boardgamegeek.com/boardgame/5640
32164,Borneo,2007,5.53,5.5,2.2,26812,190,No,https://boardgamegeek.com/boardgame/32164
3089,Bounty Hunter: Shootout at the Saloon,1982,5.46,5.5,1.89,26811,160,No,https://boardgamegeek.com/boardgame/3089
22080,Brain Trainer,1975,5.53,5.5,1.7,26202,136,No,https://boardgamegeek.com/boardgame/22080
2856,BrewMaster: The Craft Beer Game,2001,5.6,5.5,1.62,25993,166,No,https://boardgamegeek.com/boardgame/2856
12317,Brouhaha,2004,5.58,5.5,1.0,25291,122,No,https://boardgamegeek.com/boardgame/12317
36690,Bump in the Night,2008,5.64,5.5,2.4,25874,201,No,https://boardgamegeek.com/boardgame/36690
27387,Bungee,2007,5.49,5.5,1.11,27009,106,No,https://boardgamegeek.com/boardgame/27387
1162,Burp,1995,5.6,5.5,1.55,25094,118,No,https://boardgamegeek.com/boardgame/1162
119856,Button Up!,2012,5.53,5.5,1.11,26186,193,No,https://boardgamegeek.com/boardgame/119856
20781,Café Race,2005,5.51,5.5,1.25,26912,159,No,https://boardgamegeek.com/boardgame/20781
997,Canaletto,1995,5.39,5.5,1.71,27565,106,No,https://boardgamegeek.com/boardgame/997
307,Candidate,1991,5.55,5.5,1.94,26678,188,No,https://boardgamegeek.com/boardgame/307
83278,Captain Cool,2010,5.53,5.5,2.36,26370,162,No,https://boardgamegeek.com/boardgame/83278
19114,Captain Treasure Boots,2005,5.53,5.5,1.5,26839,123,No,https://boardgamegeek.com/boardgame/19114
116948,Cartoona,2012,5.76,5.5,1.6,25203,282,No,https://boardgamegeek.com/boardgame/116948
36523,Castellers,2008,5.58,5.5,1.35,25059,175,No,https://boardgamegeek.com/boardgame/36523
3273,Cat Attack,2002,5.55,5.5,1.69,27327,116,No,https://boardgamegeek.com/boardgame/3273
7493,Caves & Claws,1998,5.56,5.5,1.27,25521,132,No,https://boardgamegeek.com/boardgame/7493
4119,Challenge Yahtzee,1974,5.48,5.5,1.6,26972,125,No,https://boardgamegeek.com/boardgame/4119
22169,Chez Guevara,2006,5.55,5.5,1.59,26268,214,No,https://boardgamegeek.com/boardgame/22169
1322,Chip-Chip Hurra!,1999,5.46,5.5,1.1,26645,122,No,https://boardgamegeek.com/boardgame/1322
24158,Christian Fluxx,2006,5.65,5.5,1.69,,176,Yes,https://boardgamegeek.com/boardgame/24158
87288,Cinco,2010,5.61,5.5,1.3,25286,223,No,https://boardgamegeek.com/boardgame/87288
900,City,1988,5.58,5.5,1.62,25116,123,No,https://boardgamegeek.com/boardgame/900
24795,Cleopatra's Caboose,2010,5.51,5.5,2.31,27095,216,No,https://boardgamegeek.com/boardgame/24795
36560,Click Clack,2008,5.47,5.5,1.0,26608,108,No,https://boardgamegeek.com/boardgame/36560
17700,Cluedo?: Card Game,1990,5.6,5.5,1.14,26342,144,No,https://boardgamegeek.com/boardgame/17700
124954,Color Addict,2009,5.61,5.5,1.0,26368,390,No,https://boardgamegeek.com/boardgame/124954
125028,Colorpop,2011,5.51,5.5,1.2,26591,821,No,https://boardgamegeek.com/boardgame/125028
23576,CooCoo the Rocking Clown!,2005,5.49,5.5,1.07,27406,139,No,https://boardgamegeek.com/boardgame/23576
2674,Coppertwaddle,2000,5.63,5.5,1.92,25209,109,No,https://boardgamegeek.com/boardgame/2674
121295,Coven,2015,5.68,5.5,3.25,25304,112,No,https://boardgamegeek.com/boardgame/121295
13284,Cowpoker,2006,5.5,5.5,1.52,26354,276,No,https://boardgamegeek.com/boardgame/13284
1397,Crash Pilot,1999,5.43,5.5,1.12,26777,112,No,https://boardgamegeek.com/boardgame/1397
32107,Cro-Magnon,2007,5.47,5.5,1.19,27575,169,No,https://boardgamegeek.com/boardgame/32107
39,Darkover,1979,5.39,5.5,2.44,27479,116,No,https://boardgamegeek.com/boardgame/39
4555,Das Blaue Amulett,1986,5.66,5.5,1.67,25518,117,No,https://boardgamegeek.com/boardgame/4555
1414,Decathlon,1972,5.49,5.5,1.14,27231,144,No,https://boardgamegeek.com/boardgame/1414
12304,Deluxe Pass the Pigs,2004,5.6,5.5,1.07,27506,218,No,https://boardgamegeek.com/boardgame/12304
3626,Demons: The Game of Evil Spirits,1979,5.6,5.5,2.0,25477,138,No,https://boardgamegeek.com/boardgame/3626
40417,Der Palast von Eschnapur,2009,5.62,5.5,2.21,25226,165,No,https://boardgamegeek.com/boardgame/40417
20146,Der Weg nach Drakonia,2005,5.54,5.5,2.31,25629,103,No,https://boardgamegeek.com/boardgame/20146
21613,Diabolo,2006,5.53,5.5,1.34,25450,498,No,https://boardgamegeek.com/boardgame/21613
2937,Diceland,2002,5.5,5.5,1.95,25155,215,No,https://boardgamegeek.com/boardgame/2937
5886,Die Dracheninsel,2003,5.53,5.5,1.29,25777,121,No,https://boardgamegeek.com/boardgame/5886
1006,Die Erbraffer,1994,5.47,5.5,1.57,26924,133,No,https://boardgamegeek.com/boardgame/1006
124378,Die kleinen Drachenritter,2012,5.55,5.5,1.2,27161,102,No,https://boardgamegeek.com/boardgame/124378
54395,Difference,2009,5.57,5.5,1.08,26416,297,No,https://boardgamegeek.com/boardgame/54395
24387,Dilbert: The Board Game,2006,5.57,5.5,1.7,27029,203,No,https://boardgamegeek.com/boardgame/24387
86270,Discover India,2010,5.46,5.5,1.73,27104,145,No,https://boardgamegeek.com/boardgame/86270
25920,Do You Worship Cthulhu?,2006,5.62,5.5,1.0,25020,150,No,https://boardgamegeek.com/boardgame/25920
2394,Dominoes,1500,5.57,5.5,1.36,25349,8324,No,https://boardgamegeek.com/boardgame/2394
23334,Doodle Dice,2006,5.59,5.5,1.05,26193,566,No,https://boardgamegeek.com/boardgame/23334
1654,Double Crossing,1988,5.56,5.5,1.29,27129,113,No,https://boardgamegeek.com/boardgame/1654
32154,Down Under,2007,5.57,5.5,1.79,24979,251,No,https://boardgamegeek.com/boardgame/32154
1099,Downspin,1970,5.52,5.5,1.13,26945,1019,No,https://boardgamegeek.com/boardgame/1099
2537,Draco & Co,2001,5.56,5.5,1.47,25546,391,No,https://boardgamegeek.com/boardgame/2537
4329,Drake & Drake,2002,5.5,5.5,1.52,25083,246,No,https://boardgamegeek.com/boardgame/4329
141102,DuCo,2013,5.65,5.5,1.62,25580,124,No,https://boardgamegeek.com/boardgame/141102
12544,Dungeons & Dragons Adventure Game: Diablo II Edition,2000,5.58,5.5,2.43,26573,136,No,https://boardgamegeek.com/boardgame/12544
117987,Einfach Genial: Das Würfelspiel,2012,5.53,5.5,1.22,26273,178,No,https://boardgamegeek.com/boardgame/117987
4257,Elephant's Trunk,2000,5.45,5.5,1.0,27335,160,No,https://boardgamegeek.com/boardgame/4257
41898,Epäillyt,2009,5.58,5.5,1.69,26680,123,No,https://boardgamegeek.com/boardgame/41898
2499,Equate,1996,5.52,5.5,1.92,27019,133,No,https://boardgamegeek.com/boardgame/2499
731,Escape from New York,1981,5.67,5.5,1.46,26177,110,No,https://boardgamegeek.com/boardgame/731
462,Esels-Rennen,1989,5.54,5.5,1.17,26003,129,No,https://boardgamegeek.com/boardgame/462
5882,Europe Aflame,1989,5.59,5.5,2.36,26829,107,No,https://boardgamegeek.com/boardgame/5882
15121,Exago,2004,5.56,5.5,1.41,26823,234,No,https://boardgamegeek.com/boardgame/15121
76546,Expedition: Congo River 1884,2012,5.46,5.5,2.1,27490,132,No,https://boardgamegeek.com/boardgame/76546
2854,Exploration,1967,5.67,5.5,1.36,25718,135,No,https://boardgamegeek.com/boardgame/2854
2972,Fantasy Business,2002,5.54,5.5,1.55,25337,407,No,https://boardgamegeek.com/boardgame/2972
10196,Farlander,2002,5.58,5.5,1.62,25159,254,No,https://boardgamegeek.com/boardgame/10196
130624,Feed the Woozle,2012,5.38,5.5,1.0,27272,113,No,https://boardgamegeek.com/boardgame/130624
14032,Finders Keepers!,1993,5.55,5.5,1.14,26910,385,No,https://boardgamegeek.com/boardgame/14032
22122,Fleeced!,2007,5.56,5.5,1.2,26376,101,No,https://boardgamegeek.com/boardgame/22122
794,Foil,1968,5.6,5.5,1.5,25601,195,No,https://boardgamegeek.com/boardgame/794
18499,Fuldrigger,1985,5.49,5.5,1.93,27529,116,No,https://boardgamegeek.com/boardgame/18499
1908,G.O.O.T.M.U.,1992,5.53,5.5,1.44,26191,127,No,https://boardgamegeek.com/boardgame/1908
7270,GOLO,1999,5.62,5.5,1.16,27086,273,No,https://boardgamegeek.com/boardgame/7270
1247,Gangland!,1996,5.57,5.5,2.3,26391,103,No,https://boardgamegeek.com/boardgame/1247
20499,Gangster II: Le Pro,2004,5.75,5.5,1.45,26022,179,No,https://boardgamegeek.com/boardgame/20499
135431,Geek Battle: The Game Of Extreme Geekdom,2012,5.59,5.5,1.0,26749,207,No,https://boardgamegeek.com/boardgame/135431
37376,Gem Dealer,2008,5.53,5.5,1.25,26096,413,No,https://boardgamegeek.com/boardgame/37376
42636,Gemischtes Doppel,2006,5.56,5.5,1.29,25751,133,No,https://boardgamegeek.com/boardgame/42636
1522,Get Out,1998,5.52,5.5,1.48,26846,252,No,https://boardgamegeek.com/boardgame/1522
32751,Ghosts,2007,5.66,5.5,1.0,25433,211,No,https://boardgamegeek.com/boardgame/32751
2401,Globetrotters,1984,5.84,5.5,1.71,25722,245,No,https://boardgamegeek.com/boardgame/2401
7097,Go: The International Travel Game,1961,5.79,5.5,1.72,25605,170,No,https://boardgamegeek.com/boardgame/7097
4219,Goal,2000,5.42,5.5,1.1,27591,179,No,https://boardgamegeek.com/boardgame/4219
23292,Gold Thief,2006,5.57,5.5,1.45,26780,111,No,https://boardgamegeek.com/boardgame/23292
17521,Golf,,5.55,5.5,1.25,26511,629,No,https://boardgamegeek.com/boardgame/17521
16184,Gracias,2005,5.52,5.5,1.21,25731,221,No,https://boardgamegeek.com/boardgame/16184
69292,Guardians of Graxia,2010,5.75,5.5,3.0,26483,109,No,https://boardgamegeek.com/boardgame/69292
15311,Halli Galli Extreme,2005,5.73,5.5,1.19,25101,452,No,https://boardgamegeek.com/boardgame/15311
119639,Heap,2012,5.66,5.5,1.89,24938,127,No,https://boardgamegeek.com/boardgame/119639
1512,Hexagony,1977,5.68,5.5,2.08,25175,140,No,https://boardgamegeek.com/boardgame/1512
19914,Hexxagon,1992,5.54,5.5,1.93,26861,149,No,https://boardgamegeek.com/boardgame/19914
19120,High Stakes Drifter,2005,5.54,5.5,2.05,26759,111,No,https://boardgamegeek.com/boardgame/19120
16500,Highland Clans,2005,5.54,5.5,2.13,25919,386,No,https://boardgamegeek.com/boardgame/16500
41783,Hochstapler,2009,5.44,5.5,1.24,27488,127,No,https://boardgamegeek.com/boardgame/41783
56244,Honfoglaló,2012,5.61,5.5,1.83,27033,113,No,https://boardgamegeek.com/boardgame/56244
38897,Illusio,2008,5.54,5.5,1.67,27439,251,No,https://boardgamegeek.com/boardgame/38897
1480,Imperator,1992,5.53,5.5,2.1,26998,103,No,https://boardgamegeek.com/boardgame/1480
1450,Jagd der Vampire,1991,5.71,5.5,1.23,25704,205,No,https://boardgamegeek.com/boardgame/1450
24159,Jewish Fluxx,2006,5.53,5.5,1.8,,121,Yes,https://boardgamegeek.com/boardgame/24159
336,Jumpin,1964,5.52,5.5,1.59,26648,231,No,https://boardgamegeek.com/boardgame/336
16160,Junior Alias,1994,5.44,5.5,1.17,27379,136,No,https://boardgamegeek.com/boardgame/16160
141725,Justice League: Axis of Villains Strategy Game,2013,5.55,5.5,1.44,27056,247,No,https://boardgamegeek.com/boardgame/141725
7051,"Kampfpanzer: Armored Combat, 1937-40",1973,5.77,5.5,2.7,26164,115,No,https://boardgamegeek.com/boardgame/7051
17284,Kazink,2005,5.58,5.5,1.0,26103,102,No,https://boardgamegeek.com/boardgame/17284
47462,Killer Bunnies and the Quest for the Magic Carrot: Remix,2009,5.67,5.5,1.7,25863,241,No,https://boardgamegeek.com/boardgame/47462
83117,Kings of Mithril,2010,5.57,5.5,1.88,26173,119,No,https://boardgamegeek.com/boardgame/83117
7334,Knockout,1991,5.51,5.5,1.18,27470,125,No,https://boardgamegeek.com/boardgame/7334
11760,Knuckling Knights,2004,5.49,5.5,1.08,27165,352,No,https://boardgamegeek.com/boardgame/11760
119472,Konito?,2012,5.57,5.5,1.0,26398,141,No,https://boardgamegeek.com/boardgame/119472
125148,Lap Dance,2014,5.52,5.5,1.88,25577,384,No,https://boardgamegeek.com/boardgame/125148
24245,Laser Battle,2006,5.57,5.5,2.0,25261,159,No,https://boardgamegeek.com/boardgame/24245
76684,Launch Pad,2010,5.58,5.5,1.38,26249,189,No,https://boardgamegeek.com/boardgame/76684
22799,Legie,2005,5.56,5.5,2.54,26698,103,No,https://boardgamegeek.com/boardgame/22799
6383,Life Style,1989,5.54,5.5,1.12,25833,245,No,https://boardgamegeek.com/boardgame/6383
13648,Ligretto 2,2004,5.49,5.5,1.06,26940,167,No,https://boardgamegeek.com/boardgame/13648
104617,Little Dead Riding Hood,2011,5.5,5.5,2.0,26235,146,No,https://boardgamegeek.com/boardgame/104617
36985,Logger,2008,5.57,5.5,1.89,25989,133,No,https://boardgamegeek.com/boardgame/36985
41834,Lunar Command,2009,5.48,5.5,1.46,26813,106,No,https://boardgamegeek.com/boardgame/41834
2002,Magical Maze,1994,5.47,5.5,1.0,27358,151,No,https://boardgamegeek.com/boardgame/2002
12633,Mall World,2004,5.53,5.5,2.82,26512,323,No,https://boardgamegeek.com/boardgame/12633
7259,Management Material: Information Technology Edition,2003,5.53,5.5,1.2,27008,113,No,https://boardgamegeek.com/boardgame/7259
13164,Mastermind for Kids,1996,5.46,5.5,1.54,27160,174,No,https://boardgamegeek.com/boardgame/13164
13576,Math Dice,2003,5.39,5.5,1.55,27450,104,No,https://boardgamegeek.com/boardgame/13576
406,Meteo,1989,5.54,5.5,2.18,25920,110,No,https://boardgamegeek.com/boardgame/406
112210,Metro 2033,2011,5.73,5.5,2.67,25579,411,No,https://boardgamegeek.com/boardgame/112210
15738,MidEvil,2005,5.52,5.5,1.57,26685,464,No,https://boardgamegeek.com/boardgame/15738
6977,Mission Command Land,2003,5.56,5.5,1.36,26689,211,No,https://boardgamegeek.com/boardgame/6977
25567,Mozaika,2006,5.56,5.5,1.7,26008,106,No,https://boardgamegeek.com/boardgame/25567
137152,Mucca Pazza,2013,5.46,5.5,1.14,27070,127,No,https://boardgamegeek.com/boardgame/137152
33825,Munchkin Cthulhu Cursed Demo,2008,5.71,5.5,1.2,,113,Yes,https://boardgamegeek.com/boardgame/33825
24733,Munchkin Promotional Bookmarks,2001,5.68,5.5,1.54,,282,Yes,https://boardgamegeek.com/boardgame/24733
42980,Myth: Pantheons,2010,5.6,5.5,2.38,25393,251,No,https://boardgamegeek.com/boardgame/42980
195,NASCAR Champions,1998,5.63,5.5,1.1,25771,116,No,https://boardgamegeek.com/boardgame/195
27674,Nacho Loco,2007,5.56,5.5,1.0,26748,207,No,https://boardgamegeek.com/boardgame/27674
22254,Narnia Risk Junior,2006,5.51,5.5,1.95,27380,122,No,https://boardgamegeek.com/boardgame/22254
94002,Nitro Dice,2011,5.4,5.5,2.27,27428,106,No,https://boardgamegeek.com/boardgame/94002
2110,No Bluff!,1997,5.39,5.5,1.33,27363,121,No,https://boardgamegeek.com/boardgame/2110
9681,Nosey Neighbor Card Game,1981,5.61,5.5,1.07,26263,167,No,https://boardgamegeek.com/boardgame/9681
109456,Nova Cry,2016,5.46,5.5,1.71,27077,172,No,https://boardgamegeek.com/boardgame/109456
66551,Odin's Table,2010,5.75,5.5,1.73,25774,117,No,https://boardgamegeek.com/boardgame/66551
1672,Open Fire: Solitaire Tank Combat in WWII,1988,5.81,5.5,2.75,25842,164,No,https://boardgamegeek.com/boardgame/1672
3516,Option,1982,5.64,5.5,2.0,25688,100,No,https://boardgamegeek.com/boardgame/3516
31767,Outburst II,1991,5.64,5.5,1.0,25378,143,No,https://boardgamegeek.com/boardgame/31767
137017,Ovo,2013,5.52,5.5,1.5,26730,108,No,https://boardgamegeek.com/boardgame/137017
90919,PRRRT...,2011,5.58,5.5,1.4,25590,108,No,https://boardgamegeek.com/boardgame/90919
91759,Pamplona: Viva San Fermín!,2011,5.72,5.5,2.64,25922,183,No,https://boardgamegeek.com/boardgame/91759
135107,Paradise Fallen: The Card Game,2013,5.67,5.5,1.73,25869,153,No,https://boardgamegeek.com/boardgame/135107
92497,Pass the Pigs: Pig Party Edition,2011,5.58,5.5,1.0,25330,249,No,https://boardgamegeek.com/boardgame/92497
3209,Pennant Race,1983,5.6,5.5,1.86,26248,101,No,https://boardgamegeek.com/boardgame/3209
49435,Penny Arcade: The Card Game,2009,5.57,5.5,1.55,25917,237,No,https://boardgamegeek.com/boardgame/49435
61470,Phase 10 Master,2008,5.59,5.5,1.34,25871,839,No,https://boardgamegeek.com/boardgame/61470
31159,Piratatak,2008,5.6,5.5,1.15,25356,470,No,https://boardgamegeek.com/boardgame/31159
63900,Pirate Plank,2010,5.53,5.5,1.07,27134,210,No,https://boardgamegeek.com/boardgame/63900
24168,Pirates: Quest for Davy Jones' Gold,2006,5.55,5.5,1.54,26625,180,No,https://boardgamegeek.com/boardgame/24168
1267,Polar Dare!,1991,5.54,5.5,1.21,26575,128,No,https://boardgamegeek.com/boardgame/1267
6047,Port Arthur: The Russo-Japanese War,1992,5.67,5.5,2.09,25644,115,No,https://boardgamegeek.com/boardgame/6047
603,Putsch,1998,5.48,5.5,3.12,26687,100,No,https://boardgamegeek.com/boardgame/603
35247,Qubix,2011,5.49,5.5,1.83,27236,188,No,https://boardgamegeek.com/boardgame/35247
4221,Quest for the Dragonlords,2002,5.55,5.5,2.61,26923,298,No,https://boardgamegeek.com/boardgame/4221
133633,RARRR!!,2014,5.42,5.5,1.79,27391,171,No,https://boardgamegeek.com/boardgame/133633
121787,RYŪ,2015,5.54,5.5,1.6,26502,286,No,https://boardgamegeek.com/boardgame/121787
4268,Razzle,1981,5.6,5.5,1.32,25831,172,No,https://boardgamegeek.com/boardgame/4268
8332,Red Beach One: Tarawa,1991,5.66,5.5,2.67,26041,101,No,https://boardgamegeek.com/boardgame/8332
8725,Red Star/White Star: Tactical Combat in Europe in the 1970's,1972,5.69,5.5,2.96,26514,108,No,https://boardgamegeek.com/boardgame/8725
1240,"Right Turn, Left Turn",2000,5.49,5.5,1.13,26368,158,No,https://boardgamegeek.com/boardgame/1240
23695,Robot Face Race,1984,5.65,5.5,1.0,25456,136,No,https://boardgamegeek.com/boardgame/23695
29626,Robotics,2007,5.51,5.5,1.71,26637,189,No,https://boardgamegeek.com/boardgame/29626
2637,Rome At War I: Hannibal at Bay,2000,5.69,5.5,2.11,25471,126,No,https://boardgamegeek.com/boardgame/2637
20138,Rotundo,2005,5.56,5.5,1.41,26073,115,No,https://boardgamegeek.com/boardgame/20138
34014,Ruin,2008,5.61,5.5,1.62,25078,115,No,https://boardgamegeek.com/boardgame/34014
5308,Sahara,2002,5.59,5.5,1.36,25925,123,No,https://boardgamegeek.com/boardgame/5308
3373,San Gimignano,2002,5.52,5.5,1.91,25237,154,No,https://boardgamegeek.com/boardgame/3373
1330,Savannah Café,2001,5.5,5.5,1.15,27579,415,No,https://boardgamegeek.com/boardgame/1330
8997,Scattergories Junior,1989,5.63,5.5,1.2,25663,102,No,https://boardgamegeek.com/boardgame/8997
40115,Scattergories: The Card Game,2008,5.67,5.5,1.0,27025,109,No,https://boardgamegeek.com/boardgame/40115
15830,Scene It? Disney,2004,5.62,5.5,1.59,26252,552,No,https://boardgamegeek.com/boardgame/15830
32683,Scene It? Harry Potter Second Edition,2007,5.67,5.5,1.0,25135,153,No,https://boardgamegeek.com/boardgame/32683
15509,Scene It? Movie Deluxe,2005,5.59,5.5,1.69,25270,205,No,https://boardgamegeek.com/boardgame/15509
21677,Scene It? Music,2005,5.59,5.5,1.22,26928,123,No,https://boardgamegeek.com/boardgame/21677
38340,Scene It? Seinfeld,2008,5.5,5.5,1.53,27186,204,No,https://boardgamegeek.com/boardgame/38340
54745,Scene It? The Simpsons Deluxe Edition,2009,5.67,5.5,1.36,25160,173,No,https://boardgamegeek.com/boardgame/54745
18117,Schoko-Hexe,1990,5.62,5.5,1.08,25641,226,No,https://boardgamegeek.com/boardgame/18117
1063,Schraumen,1992,5.46,5.5,1.14,27400,112,No,https://boardgamegeek.com/boardgame/1063
1981,Schwarzmarkt,1996,5.61,5.5,1.58,25739,101,No,https://boardgamegeek.com/boardgame/1981
41573,Schweinebammel,2008,5.56,5.5,1.5,25328,188,No,https://boardgamegeek.com/boardgame/41573
2974,Scoop,1953,5.77,5.5,1.5,25112,146,No,https://boardgamegeek.com/boardgame/2974
19028,Secret Tijuana Deathmatch,2005,5.58,5.5,1.72,25373,190,No,https://boardgamegeek.com/boardgame/19028
12296,Senator,2004,5.53,5.5,2.03,26576,520,No,https://boardgamegeek.com/boardgame/12296
65889,Seven Card Samurai,2010,5.57,5.5,1.27,26772,176,No,https://boardgamegeek.com/boardgame/65889
32968,Shark Alarm!!!,2008,5.51,5.5,1.13,27143,250,No,https://boardgamegeek.com/boardgame/32968
11394,Shopping List,1995,5.64,5.5,1.0,25119,171,No,https://boardgamegeek.com/boardgame/11394
3633,Sid Meier's Civilization: The Boardgame,2002,5.6,5.5,3.68,27293,2872,No,https://boardgamegeek.com/boardgame/3633
10915,Simply Suspects,2003,5.56,5.5,1.31,25896,162,No,https://boardgamegeek.com/boardgame/10915
34958,Six,2008,5.51,5.5,1.0,26803,114,No,https://boardgamegeek.com/boardgame/34958
482,Sky Runner,1999,5.55,5.5,1.55,25310,449,No,https://boardgamegeek.com/boardgame/482
13513,Skåål,2004,5.56,5.5,1.82,26180,155,No,https://boardgamegeek.com/boardgame/13513
10962,Smugglers of the Galaxy,2004,5.66,5.5,2.48,27277,165,No,https://boardgamegeek.com/boardgame/10962
21729,Snake Lake,2006,5.5,5.5,1.44,27332,113,No,https://boardgamegeek.com/boardgame/21729
5012,Snit Smashing,1977,5.58,5.5,1.53,25941,142,No,https://boardgamegeek.com/boardgame/5012
3585,Sorcerer: The Game of Magical Conflict,1975,5.66,5.5,2.69,25269,239,No,https://boardgamegeek.com/boardgame/3585
13295,Sorry! Card Revenge,2004,5.78,5.5,1.17,25099,115,No,https://boardgamegeek.com/boardgame/13295
104234,Sour Apples to Apples,2011,5.57,5.5,1.11,26401,265,No,https://boardgamegeek.com/boardgame/104234
5465,Space Fleet,1991,5.61,5.5,1.83,26825,152,No,https://boardgamegeek.com/boardgame/5465
42360,Space Pirates,2009,5.69,5.5,1.79,25395,153,No,https://boardgamegeek.com/boardgame/42360
12964,Space Station Assault,2004,5.69,5.5,1.47,25105,151,No,https://boardgamegeek.com/boardgame/12964
14001,Speed,1938,5.48,5.5,1.09,26822,106,No,https://boardgamegeek.com/boardgame/14001
22571,Spit!,2004,5.53,5.5,1.08,27279,115,No,https://boardgamegeek.com/boardgame/22571
18902,Sputnik,2005,5.53,5.5,1.28,26690,171,No,https://boardgamegeek.com/boardgame/18902
1686,Spy vs Spy,1986,5.65,5.5,1.43,25066,154,No,https://boardgamegeek.com/boardgame/1686
8945,Stadium Checkers,1952,5.55,5.5,1.38,25578,176,No,https://boardgamegeek.com/boardgame/8945
5646,Stap op,1950,5.53,5.5,1.06,26741,209,No,https://boardgamegeek.com/boardgame/5646
2190,Star Trek: The Card Game,1996,5.56,5.5,2.43,26406,202,No,https://boardgamegeek.com/boardgame/2190
16067,Star Wars: Electronic Galactic Battle,1997,5.53,5.5,1.5,27122,132,No,https://boardgamegeek.com/boardgame/16067
117862,Step by Step,2012,5.57,5.5,1.22,25561,100,No,https://boardgamegeek.com/boardgame/117862
94484,Stone Soup,2011,5.79,5.5,1.0,26696,101,No,https://boardgamegeek.com/boardgame/94484
98472,Strain,2011,5.49,5.5,2.19,27387,180,No,https://boardgamegeek.com/boardgame/98472
4606,Sucking Vacuum,2004,5.61,5.5,1.76,26194,454,No,https://boardgamegeek.com/boardgame/4606
65556,Sumo Ham Slam,2010,5.51,5.5,1.19,26062,247,No,https://boardgamegeek.com/boardgame/65556
108554,Super Showdown,2012,5.5,5.5,1.85,27136,133,No,https://boardgamegeek.com/boardgame/108554
30741,"Surf's Up, Dude!",2008,5.55,5.5,1.74,26546,226,No,https://boardgamegeek.com/boardgame/30741
112844,Swintus 2.0,2011,5.76,5.5,1.25,25325,239,No,https://boardgamegeek.com/boardgame/112844
174,T-Rex,1999,5.5,5.5,1.91,26129,272,No,https://boardgamegeek.com/boardgame/174
1031,TV Wars,1987,5.56,5.5,1.93,26374,287,No,https://boardgamegeek.com/boardgame/1031
13115,Taki,1985,5.65,5.5,1.0,26909,249,No,https://boardgamegeek.com/boardgame/13115
2598,Tank Battle,1975,5.57,5.5,1.65,26760,490,No,https://boardgamegeek.com/boardgame/2598
9049,Teenage Mutant Ninja Turtles Game,2003,5.5,5.5,1.18,27218,163,No,https://boardgamegeek.com/boardgame/9049
38359,The 3 Commandments,2008,5.52,5.5,1.64,26902,598,No,https://boardgamegeek.com/boardgame/38359
80028,The Game of LIFE: The Haunted Mansion – The Disney Theme Park Edition,2009,5.72,5.5,1.6,25230,131,No,https://boardgamegeek.com/boardgame/80028
761,The Great Brain Robbery,2000,5.55,5.5,1.3,25667,573,No,https://boardgamegeek.com/boardgame/761
3091,The Great Game of Britain,1973,5.69,5.5,1.45,25041,216,No,https://boardgamegeek.com/boardgame/3091
15880,The Hollywood! Card Game,2005,5.51,5.5,1.3,26667,345,No,https://boardgamegeek.com/boardgame/15880
5998,The Italian Campaign: Sicily,1991,5.65,5.5,3.4,26439,101,No,https://boardgamegeek.com/boardgame/5998
103714,The Lord of the Rings: Nazgul,2012,5.58,5.5,3.0,25975,244,No,https://boardgamegeek.com/boardgame/103714
108711,The Mystery of the Templars,2013,5.66,5.5,3.95,25152,169,No,https://boardgamegeek.com/boardgame/108711
3575,The Plot to Assassinate Hitler,1976,5.7,5.5,2.86,25442,238,No,https://boardgamegeek.com/boardgame/3575
136117,The Walking Dead Card Game,2013,5.5,5.5,1.27,27197,519,No,https://boardgamegeek.com/boardgame/136117
30952,The Witcher: The Adventure Card Game,2007,5.66,5.5,2.04,25978,294,No,https://boardgamegeek.com/boardgame/30952
138201,They Who Were 8,2013,5.42,5.5,1.88,26903,204,No,https://boardgamegeek.com/boardgame/138201
24998,Tiki Mountain!,2007,5.6,5.5,1.8,26712,222,No,https://boardgamegeek.com/boardgame/24998
495,Time Pirates,2000,5.55,5.5,2.04,25109,263,No,https://boardgamegeek.com/boardgame/495
5957,"Tito and his Partisan Army: Yugoslavia, 1941-45",1980,5.66,5.5,2.68,24992,178,No,https://boardgamegeek.com/boardgame/5957
40651,Too Many Monkeys,2009,5.63,5.5,1.05,25936,260,No,https://boardgamegeek.com/boardgame/40651
8497,Torches & Pitchforks,2003,5.52,5.5,1.63,26869,233,No,https://boardgamegeek.com/boardgame/8497
5709,Touché,1979,5.58,5.5,1.38,26824,448,No,https://boardgamegeek.com/boardgame/5709
9284,Treasure Falls,2004,5.59,5.5,1.0,25091,177,No,https://boardgamegeek.com/boardgame/9284
3668,Tribbles Customizable Card Game,2000,5.59,5.5,1.44,27259,181,No,https://boardgamegeek.com/boardgame/3668
37988,Trivial Pursuit: 25th Anniversary Edition,2008,5.53,5.5,1.29,27365,345,No,https://boardgamegeek.com/boardgame/37988
22048,Trivial Pursuit: DVD – Disney Edition,2005,5.76,5.5,1.33,24966,103,No,https://boardgamegeek.com/boardgame/22048
15431,Trivial Pursuit: Globetrotter,2002,5.55,5.5,1.3,25485,123,No,https://boardgamegeek.com/boardgame/15431
1998,Tutankhamen's Revenge,1990,5.54,5.5,1.35,26952,162,No,https://boardgamegeek.com/boardgame/1998
2143,UNO Hearts,1994,5.69,5.5,2.0,26442,166,No,https://boardgamegeek.com/boardgame/2143
24779,UNO House Rules,1998,5.77,5.5,1.0,25878,105,No,https://boardgamegeek.com/boardgame/24779
25004,Valley of the Pharaohs,2006,5.75,5.5,1.53,24952,153,No,https://boardgamegeek.com/boardgame/25004
1559,Wabbit's Wevenge,1986,5.53,5.5,1.55,26133,106,No,https://boardgamegeek.com/boardgame/1559
2718,War! Age of Imperialism,2001,5.61,5.5,2.78,26808,830,No,https://boardgamegeek.com/boardgame/2718
67609,Way of the Dragon,2010,5.64,5.5,1.25,25235,197,No,https://boardgamegeek.com/boardgame/67609
63595,We Didn't Playtest This at All: Dice are Fun,2009,5.7,5.5,1.0,,105,Yes,https://boardgamegeek.com/boardgame/63595
31216,Whack a Catgirl,2007,5.54,5.5,1.19,26427,158,No,https://boardgamegeek.com/boardgame/31216
33406,Who Am I?,,5.44,5.5,1.38,27482,155,No,https://boardgamegeek.com/boardgame/33406
3357,Wie Hund und Katz!,2002,5.58,5.5,1.44,26313,125,No,https://boardgamegeek.com/boardgame/3357
32409,Wiochmen 2,2007,5.68,5.5,1.48,25738,252,No,https://boardgamegeek.com/boardgame/32409
39180,Wordquest,2009,5.56,5.5,1.0,26868,208,No,https://boardgamegeek.com/boardgame/39180
132717,Words with Friends,2012,5.6,5.5,1.33,25818,113,No,https://boardgamegeek.com/boardgame/132717
2243,Yahtzee,1956,5.57,5.5,1.17,25632,17941,No,https://boardgamegeek.com/boardgame/2243
4519,Yum,1959,5.47,5.5,1.11,27255,168,No,https://boardgamegeek.com/boardgame/4519
28246,Zanzibar,2007,5.54,5.5,2.17,26210,165,No,https://boardgamegeek.com/boardgame/28246
1435,4000 A.D.,1972,5.47,5.49,2.16,29041,398,No,https://boardgamegeek.com/boardgame/1435
556,7 Safari,2000,5.33,5.49,1.14,28223,111,No,https://boardgamegeek.com/boardgame/556
10999,Abracadabra,2004,5.37,5.49,1.5,28409,118,No,https://boardgamegeek.com/boardgame/10999
13464,Alfapet,1993,5.53,5.49,1.85,27737,495,No,https://boardgamegeek.com/boardgame/13464
1417,Alibi,1993,5.52,5.49,1.79,28386,737,No,https://boardgamegeek.com/boardgame/1417
1723,Alpha Omega,1977,5.44,5.49,3.08,28479,180,No,https://boardgamegeek.com/boardgame/1723
32431,Altamira,2007,5.38,5.49,2.41,28469,142,No,https://boardgamegeek.com/boardgame/32431
6718,Anathema,2003,5.43,5.49,1.5,27852,126,No,https://boardgamegeek.com/boardgame/6718
21809,Apples to Apples: Bible Edition,2006,5.41,5.49,1.27,28381,185,No,https://boardgamegeek.com/boardgame/21809
36649,Aquarium,2011,5.54,5.49,1.9,27958,247,No,https://boardgamegeek.com/boardgame/36649
43231,Balance of Power,2012,5.49,5.49,1.83,29085,132,No,https://boardgamegeek.com/boardgame/43231
2990,Balanx,1993,5.31,5.49,1.95,29151,175,No,https://boardgamegeek.com/boardgame/2990
13490,Ballons,2003,5.39,5.49,1.0,27776,108,No,https://boardgamegeek.com/boardgame/13490
605,Banana Republic,1993,5.35,5.49,1.43,28789,172,No,https://boardgamegeek.com/boardgame/605
22085,Baron,2006,5.2,5.49,2.18,28991,118,No,https://boardgamegeek.com/boardgame/22085
4745,Battlecards: World Conflict – Western European Campaign: Starter Set,2002,5.44,5.49,1.95,28868,162,No,https://boardgamegeek.com/boardgame/4745
24009,Battleship Command: Pirates of the Caribbean,2006,5.21,5.49,1.18,29194,118,No,https://boardgamegeek.com/boardgame/24009
5430,Best of TriBond,2001,5.39,5.49,1.22,29039,168,No,https://boardgamegeek.com/boardgame/5430
122868,Blackrock City,2012,5.35,5.49,1.92,28061,120,No,https://boardgamegeek.com/boardgame/122868
3427,Blockhead!,1952,5.46,5.49,1.04,29088,317,No,https://boardgamegeek.com/boardgame/3427
1607,Blurt!,1992,5.47,5.49,1.27,28987,335,No,https://boardgamegeek.com/boardgame/1607
38981,Bobby Sitter,2008,5.41,5.49,1.0,28035,188,No,https://boardgamegeek.com/boardgame/38981
21631,Bohnkick,2006,5.27,5.49,1.56,28783,151,No,https://boardgamegeek.com/boardgame/21631
26516,Boxers or Briefs?,2005,5.53,5.49,1.05,28575,246,No,https://boardgamegeek.com/boardgame/26516
40247,BrainBox: The World,2008,5.49,5.49,1.38,28392,115,No,https://boardgamegeek.com/boardgame/40247
58696,Bugs,2010,5.46,5.49,1.25,27997,172,No,https://boardgamegeek.com/boardgame/58696
89976,Bugs & Co,2011,5.38,5.49,1.0,28951,185,No,https://boardgamegeek.com/boardgame/89976
1126,Car Wars: The Card Game,1991,5.51,5.49,1.41,28736,812,No,https://boardgamegeek.com/boardgame/1126
4561,Carrera de Mente,1985,5.44,5.49,1.17,28599,116,No,https://boardgamegeek.com/boardgame/4561
11573,Celebrity Taboo,1991,5.37,5.49,1.46,28136,158,No,https://boardgamegeek.com/boardgame/11573
22790,Cephalopod,2006,5.41,5.49,2.45,28125,164,No,https://boardgamegeek.com/boardgame/22790
13367,Charades for Kids,1999,5.3,5.49,1.09,29121,170,No,https://boardgamegeek.com/boardgame/13367
19040,ChiZo RISING,2005,5.59,5.49,2.11,27988,169,No,https://boardgamegeek.com/boardgame/19040
1398,Chicago,1986,5.47,5.49,2.12,27709,232,No,https://boardgamegeek.com/boardgame/1398
4922,Clever Endeavor,1989,5.35,5.49,1.89,28375,246,No,https://boardgamegeek.com/boardgame/4922
17166,Clout Fantasy,2005,5.57,5.49,1.76,27746,413,No,https://boardgamegeek.com/boardgame/17166
41095,Clue: Secrets & Spies,2009,5.47,5.49,1.67,27716,273,No,https://boardgamegeek.com/boardgame/41095
4325,Conflict,1940,5.21,5.49,1.33,28908,100,No,https://boardgamegeek.com/boardgame/4325
24932,Cranium Zooreka!,2006,5.45,5.49,1.22,27901,194,No,https://boardgamegeek.com/boardgame/24932
109252,Creature Clash! Card Game,2011,5.48,5.49,1.15,28212,254,No,https://boardgamegeek.com/boardgame/109252
4374,Crosstrack,1994,5.3,5.49,1.57,28478,103,No,https://boardgamegeek.com/boardgame/4374
37349,Cthulhu Rising,2008,5.46,5.49,1.3,28373,285,No,https://boardgamegeek.com/boardgame/37349
31294,Dead End,2007,5.46,5.49,1.7,28756,171,No,https://boardgamegeek.com/boardgame/31294
19115,Dead Money,2006,5.44,5.49,1.39,27693,180,No,https://boardgamegeek.com/boardgame/19115
30239,Der Goldene Kompass,2007,5.41,5.49,1.88,28556,254,No,https://boardgamegeek.com/boardgame/30239
16873,Dividends,2005,5.43,5.49,2.24,28340,107,No,https://boardgamegeek.com/boardgame/16873
2492,Doctor Faust,1990,5.36,5.49,1.6,28397,135,No,https://boardgamegeek.com/boardgame/2492
3090,Doctor Who: The Game of Time & Space,1980,5.39,5.49,2.04,28875,244,No,https://boardgamegeek.com/boardgame/3090
6513,Don't Panic!,1987,5.37,5.49,1.17,28901,186,No,https://boardgamegeek.com/boardgame/6513
6731,Donkey Kong,1981,5.35,5.49,1.14,28963,160,No,https://boardgamegeek.com/boardgame/6731
126206,Dragon Whisperer,2013,5.58,5.49,1.56,28214,108,No,https://boardgamegeek.com/boardgame/126206
3941,Dragonriders of Pern,1983,5.41,5.49,2.65,28918,159,No,https://boardgamegeek.com/boardgame/3941
26089,Dschingis Khan: Bewegung an der Großen Mauer,2006,5.32,5.49,2.0,28441,100,No,https://boardgamegeek.com/boardgame/26089
6531,Dwarven Dig!,2002,5.51,5.49,2.09,28253,322,No,https://boardgamegeek.com/boardgame/6531
31057,Easy School,2007,5.61,5.49,1.07,28302,122,No,https://boardgamegeek.com/boardgame/31057
11037,El Capitán Alatriste,2002,5.19,5.49,1.94,28747,132,No,https://boardgamegeek.com/boardgame/11037
37168,El Palé,1935,5.56,5.49,1.67,28168,118,No,https://boardgamegeek.com/boardgame/37168
10293,En busca del Imperio Cobra,1981,5.57,5.49,1.27,28401,528,No,https://boardgamegeek.com/boardgame/10293
140675,Enchanted Cupcake Party Game,2013,5.38,5.49,1.0,28529,145,No,https://boardgamegeek.com/boardgame/140675
137201,Epic Death!,2014,5.4,5.49,2.0,28691,111,No,https://boardgamegeek.com/boardgame/137201
595,Escape from Elba,1999,5.47,5.49,1.65,28004,170,No,https://boardgamegeek.com/boardgame/595
131006,Evil Intent,2014,5.67,5.49,2.29,28101,103,No,https://boardgamegeek.com/boardgame/131006
75,Falling,1998,5.5,5.49,1.22,28899,1447,No,https://boardgamegeek.com/boardgame/75
40480,Fantasía S.A.,2008,5.4,5.49,1.57,27980,135,No,https://boardgamegeek.com/boardgame/40480
1524,Fight City,1999,5.45,5.49,1.83,28555,189,No,https://boardgamegeek.com/boardgame/1524
38337,Fishing for Terrorists Version 2.0,2008,5.3,5.49,1.12,28713,104,No,https://boardgamegeek.com/boardgame/38337
10565,Fits,1999,5.49,5.49,1.0,28009,125,No,https://boardgamegeek.com/boardgame/10565
7960,Flags of the World,1998,5.43,5.49,1.56,28276,230,No,https://boardgamegeek.com/boardgame/7960
4279,Flux,1986,5.46,5.49,1.38,28974,299,No,https://boardgamegeek.com/boardgame/4279
41890,Food Chain,2009,5.43,5.49,1.23,28426,160,No,https://boardgamegeek.com/boardgame/41890
129609,Foreclosed!,2012,5.54,5.49,2.0,28026,104,No,https://boardgamegeek.com/boardgame/129609
4023,Frag Deadlands,2001,5.46,5.49,1.94,28271,252,No,https://boardgamegeek.com/boardgame/4023
16141,Fredericus,2005,5.39,5.49,2.0,28867,179,No,https://boardgamegeek.com/boardgame/16141
2669,Frog Juice,1995,5.54,5.49,1.22,28366,611,No,https://boardgamegeek.com/boardgame/2669
116596,Fruit Ninja Card Game,2011,5.39,5.49,1.0,27930,129,No,https://boardgamegeek.com/boardgame/116596
3850,Galactic Empires,1994,5.39,5.49,2.4,29023,168,No,https://boardgamegeek.com/boardgame/3850
3846,Ghostly Galleon,1991,5.53,5.49,1.6,27833,117,No,https://boardgamegeek.com/boardgame/3846
34277,Gisborne: Die ersten Kartographen,2008,5.38,5.49,1.59,27647,111,No,https://boardgamegeek.com/boardgame/34277
42006,Glücks-Piraten,2008,5.4,5.49,1.0,28202,143,No,https://boardgamegeek.com/boardgame/42006
39552,GoLong Football Dice Game,2008,5.22,5.49,1.2,29187,104,No,https://boardgamegeek.com/boardgame/39552
813,Goosebumps: Terror in the Graveyard Game,1995,5.58,5.49,1.21,29140,217,No,https://boardgamegeek.com/boardgame/813
4282,Greed,1984,5.51,5.49,1.03,28500,516,No,https://boardgamegeek.com/boardgame/4282
113312,Grill Party,2012,5.44,5.49,1.46,28048,131,No,https://boardgamegeek.com/boardgame/113312
13951,Guess Where?,2004,5.12,5.49,1.0,29192,106,No,https://boardgamegeek.com/boardgame/13951
31512,Habitat,2008,5.42,5.49,1.94,29033,275,No,https://boardgamegeek.com/boardgame/31512
42969,Hagoth: Builder of Ships,2010,5.48,5.49,1.53,27915,164,No,https://boardgamegeek.com/boardgame/42969
20832,Halli Galli Junior,1998,5.44,5.49,1.0,27793,281,No,https://boardgamegeek.com/boardgame/20832
9388,Halloween Party,2004,5.44,5.49,1.22,28654,289,No,https://boardgamegeek.com/boardgame/9388
38950,Halma,1884,5.48,5.49,1.84,28473,297,No,https://boardgamegeek.com/boardgame/38950
65581,Hamunaptra: Aventures dans la Grande Pyramide,2010,5.38,5.49,2.2,28569,124,No,https://boardgamegeek.com/boardgame/65581
10869,Heart of Africa,2004,5.47,5.49,2.83,29015,377,No,https://boardgamegeek.com/boardgame/10869
8970,Herd Your Horses!,1993,5.58,5.49,1.12,27750,135,No,https://boardgamegeek.com/boardgame/8970
72482,Heroes of Graxia,2010,5.48,5.49,2.59,28043,412,No,https://boardgamegeek.com/boardgame/72482
33959,Het Huis Anubis,2007,5.49,5.49,1.57,27830,101,No,https://boardgamegeek.com/boardgame/33959
26522,High School Drama!,2006,5.45,5.49,1.66,28793,176,No,https://boardgamegeek.com/boardgame/26522
5272,Hilarium,2001,5.44,5.49,1.08,27834,160,No,https://boardgamegeek.com/boardgame/5272
3160,Holy War,1979,5.26,5.49,2.07,29055,109,No,https://boardgamegeek.com/boardgame/3160
62854,Humpty Dumpty's Wall Game,2009,5.21,5.49,1.0,28948,102,No,https://boardgamegeek.com/boardgame/62854
38504,Hurry'Cup!,2008,5.46,5.49,1.31,28454,347,No,https://boardgamegeek.com/boardgame/38504
14423,Husker Du?,1970,5.56,5.49,1.09,28406,126,No,https://boardgamegeek.com/boardgame/14423
2148,Huzzah!,1997,5.37,5.49,1.61,28112,127,No,https://boardgamegeek.com/boardgame/2148
27155,I Betcha...,2006,5.48,5.49,1.03,28722,584,No,https://boardgamegeek.com/boardgame/27155
12829,Ice Cream,2005,5.44,5.49,1.08,28192,272,No,https://boardgamegeek.com/boardgame/12829
2106,Imperium: 3rd Millennium,2001,5.42,5.49,3.0,29114,164,No,https://boardgamegeek.com/boardgame/2106
2897,In Pursuit,2001,5.46,5.49,1.77,27719,174,No,https://boardgamegeek.com/boardgame/2897
353,Inkognito: The Card Game,1997,5.47,5.49,1.65,28753,557,No,https://boardgamegeek.com/boardgame/353
2962,Inner Circle,1981,5.46,5.49,1.59,28122,390,No,https://boardgamegeek.com/boardgame/2962
42368,Inquisitio,2009,5.35,5.49,1.89,28419,146,No,https://boardgamegeek.com/boardgame/42368
674,J.U.M.P. Into the Unknown,1999,5.36,5.49,2.78,28595,102,No,https://boardgamegeek.com/boardgame/674
42702,Jackal,2009,5.65,5.49,1.35,27855,556,No,https://boardgamegeek.com/boardgame/42702
15031,Jochen der Rochen,2004,5.39,5.49,1.07,28289,110,No,https://boardgamegeek.com/boardgame/15031
6368,King Arthur,2003,5.49,5.49,1.42,28465,382,No,https://boardgamegeek.com/boardgame/6368
1306,Krakatoa,1983,5.5,5.49,1.29,27982,156,No,https://boardgamegeek.com/boardgame/1306
1703,Kula Kula,1991,5.25,5.49,1.17,28928,116,No,https://boardgamegeek.com/boardgame/1703
4502,König der Maulwürfel,2002,5.4,5.49,1.07,27678,101,No,https://boardgamegeek.com/boardgame/4502
89931,LEGO Frog Rush,2011,5.42,5.49,1.0,27975,108,No,https://boardgamegeek.com/boardgame/89931
16153,Labyrinth Treasure Hunt,2005,5.41,5.49,1.26,28207,252,No,https://boardgamegeek.com/boardgame/16153
6873,Letra-Mix,1977,5.35,5.49,1.33,28572,165,No,https://boardgamegeek.com/boardgame/6873
28508,Loaded Questions: Adult Version,2007,5.53,5.49,1.0,29132,196,No,https://boardgamegeek.com/boardgame/28508
19991,London 1888,2005,5.31,5.49,2.67,28816,124,No,https://boardgamegeek.com/boardgame/19991
2348,Lotus,1998,5.39,5.49,1.5,28947,238,No,https://boardgamegeek.com/boardgame/2348
58713,Lübeck,2009,5.34,5.49,1.8,28081,116,No,https://boardgamegeek.com/boardgame/58713
3314,Lügenbeutel,1978,5.36,5.49,1.33,28358,113,No,https://boardgamegeek.com/boardgame/3314
26778,Machina II: Przeładowanie,2006,5.28,5.49,1.74,28715,115,No,https://boardgamegeek.com/boardgame/26778
32471,Mafia,2007,5.5,5.49,1.26,28847,411,No,https://boardgamegeek.com/boardgame/32471
2771,Maginor,2001,5.48,5.49,1.84,28304,369,No,https://boardgamegeek.com/boardgame/2771
63899,Magma Monster,2010,5.36,5.49,1.17,27828,105,No,https://boardgamegeek.com/boardgame/63899
67948,Mahjong Solitaire,1981,5.38,5.49,1.09,28598,129,No,https://boardgamegeek.com/boardgame/67948
4076,Management Material (General Office Edition),2002,5.4,5.49,1.11,29179,204,No,https://boardgamegeek.com/boardgame/4076
119622,Massilia,2014,5.41,5.49,2.68,28885,230,No,https://boardgamegeek.com/boardgame/119622
140271,Maximum Throwdown,2013,5.5,5.49,1.08,28380,465,No,https://boardgamegeek.com/boardgame/140271
31069,Medievalia,2007,5.57,5.49,2.16,27922,169,No,https://boardgamegeek.com/boardgame/31069
139779,Migrato,2013,5.29,5.49,1.33,28871,121,No,https://boardgamegeek.com/boardgame/139779
131221,MindMaze,2012,5.35,5.49,1.0,28887,174,No,https://boardgamegeek.com/boardgame/131221
109932,Miskatonic School for Girls,2012,5.54,5.49,1.91,28516,900,No,https://boardgamegeek.com/boardgame/109932
41186,Monopoly City,2009,5.57,5.49,2.08,28914,1267,No,https://boardgamegeek.com/boardgame/41186
137244,Monopoly Hotels,2013,5.38,5.49,1.25,28280,118,No,https://boardgamegeek.com/boardgame/137244
37498,Monopoly: The Beatles Collector's Edition,2008,5.48,5.49,1.6,27953,109,No,https://boardgamegeek.com/boardgame/37498
19616,Monopoly: Vintage Game Collection,2005,5.5,5.49,1.4,29093,150,No,https://boardgamegeek.com/boardgame/19616
28717,Monster Mayhem,2007,5.44,5.49,1.87,28068,134,No,https://boardgamegeek.com/boardgame/28717
120268,Monsters & Maidens,2014,5.34,5.49,1.08,29129,170,No,https://boardgamegeek.com/boardgame/120268
23598,Mother Sheep,2006,5.35,5.49,1.17,28499,169,No,https://boardgamegeek.com/boardgame/23598
32495,Murder City,2007,5.46,5.49,2.29,28021,154,No,https://boardgamegeek.com/boardgame/32495
14134,My Dwarves Fly,2004,5.44,5.49,1.41,29139,406,No,https://boardgamegeek.com/boardgame/14134
50912,Nichtlustig: Labor Chaos,2009,5.48,5.49,1.21,27949,269,No,https://boardgamegeek.com/boardgame/50912
8522,Ninja Burger,2003,5.59,5.49,1.63,28186,1315,No,https://boardgamegeek.com/boardgame/8522
4096,Nodwick: The Card Game,2002,5.53,5.49,1.08,27931,188,No,https://boardgamegeek.com/boardgame/4096
13460,Obscura Tempora,2005,5.38,5.49,1.48,28356,146,No,https://boardgamegeek.com/boardgame/13460
2314,Off to the Tower,1978,5.19,5.49,1.0,28828,106,No,https://boardgamegeek.com/boardgame/2314
958,Orcz,2000,5.42,5.49,1.78,28001,278,No,https://boardgamegeek.com/boardgame/958
1973,Outburst Junior,1989,5.35,5.49,1.56,29182,185,No,https://boardgamegeek.com/boardgame/1973
19876,Palatinus,2005,5.45,5.49,2.05,27612,268,No,https://boardgamegeek.com/boardgame/19876
999,Panda Monium,1994,5.4,5.49,1.0,27944,154,No,https://boardgamegeek.com/boardgame/999
127048,Penny Arcade: Paint The Line ECG – Red Tide,2012,5.42,5.49,1.92,28299,117,No,https://boardgamegeek.com/boardgame/127048
103191,Pergamemnon,2011,5.43,5.49,2.27,28605,220,No,https://boardgamegeek.com/boardgame/103191
5715,Petropolis,1976,5.47,5.49,1.42,27925,140,No,https://boardgamegeek.com/boardgame/5715
76065,Pictionary Card Game,2009,5.44,5.49,1.14,28649,239,No,https://boardgamegeek.com/boardgame/76065
8996,Pictionary Junior,1988,5.41,5.49,1.28,29188,290,No,https://boardgamegeek.com/boardgame/8996
2946,Pipeline,1993,5.47,5.49,1.14,27918,173,No,https://boardgamegeek.com/boardgame/2946
24002,Pirate King,2006,5.58,5.49,2.32,28731,273,No,https://boardgamegeek.com/boardgame/24002
386,Pirateer,1978,5.57,5.49,1.46,28470,1354,No,https://boardgamegeek.com/boardgame/386
24487,Pirates of the Caribbean Buccaneer,2006,5.42,5.49,1.45,27640,105,No,https://boardgamegeek.com/boardgame/24487
33599,Pirates' Blast,2007,5.39,5.49,1.0,27829,114,No,https://boardgamegeek.com/boardgame/33599
3114,Poleconomy,1977,5.5,5.49,2.08,29102,440,No,https://boardgamegeek.com/boardgame/3114
954,Pony Express,1991,5.26,5.49,1.75,28623,127,No,https://boardgamegeek.com/boardgame/954
60579,Poo: The Card Game,2009,5.55,5.49,1.1,28754,1908,No,https://boardgamegeek.com/boardgame/60579
535,Power Barons,1986,5.53,5.49,2.0,28053,207,No,https://boardgamegeek.com/boardgame/535
127,Princess Ryan's Star Marines,1997,5.41,5.49,2.42,28806,224,No,https://boardgamegeek.com/boardgame/127
360,Quests of the Round Table,1995,5.46,5.49,1.84,29079,316,No,https://boardgamegeek.com/boardgame/360
4037,"Raid! Commando Operations, in the 20th Century",1977,5.5,5.49,2.62,29094,176,No,https://boardgamegeek.com/boardgame/4037
3324,Railroader,1963,5.33,5.49,1.48,28784,128,No,https://boardgamegeek.com/boardgame/3324
89927,Ramses Return,2011,5.36,5.49,1.0,28930,180,No,https://boardgamegeek.com/boardgame/89927
21249,Recess!,2006,5.18,5.49,1.4,28552,102,No,https://boardgamegeek.com/boardgame/21249
98203,Redakai,2011,5.61,5.49,1.67,28876,115,No,https://boardgamegeek.com/boardgame/98203
9017,Rummikub Rummy Dice Game,1995,5.3,5.49,1.25,28588,128,No,https://boardgamegeek.com/boardgame/9017
18064,"Run for Your Life, Candyman!",2005,5.5,5.49,1.18,28563,457,No,https://boardgamegeek.com/boardgame/18064
118315,Ruse,2014,5.45,5.49,1.21,28765,160,No,https://boardgamegeek.com/boardgame/118315
42691,RÖK,2009,5.5,5.49,1.17,28084,218,No,https://boardgamegeek.com/boardgame/42691
32194,Saba: Palast der Königin,2007,5.5,5.49,2.5,27994,124,No,https://boardgamegeek.com/boardgame/32194
110525,Sagaland Mitbringspiel,2011,5.35,5.49,1.0,28711,138,No,https://boardgamegeek.com/boardgame/110525
97824,Sanitarium,2012,5.37,5.49,1.89,28711,168,No,https://boardgamegeek.com/boardgame/97824
8335,Say What!?!,2003,5.4,5.49,1.0,27763,102,No,https://boardgamegeek.com/boardgame/8335
21705,Scene It? Friends,2005,5.47,5.49,1.38,28861,211,No,https://boardgamegeek.com/boardgame/21705
14342,Scene It? TV,2004,5.4,5.49,1.62,29103,198,No,https://boardgamegeek.com/boardgame/14342
125326,Sedition Wars: Battle for Alabaster,2013,5.57,5.49,2.96,28073,318,No,https://boardgamegeek.com/boardgame/125326
3476,Shadowrun: DMZ Downtown Militarized Zone,1990,5.35,5.49,2.5,29091,128,No,https://boardgamegeek.com/boardgame/3476
400,Shanghai,1997,5.4,5.49,1.73,28425,151,No,https://boardgamegeek.com/boardgame/400
63897,Shave a Sheep,2010,5.54,5.49,1.03,28089,371,No,https://boardgamegeek.com/boardgame/63897
653,Shit!,1996,5.42,5.49,1.17,27996,121,No,https://boardgamegeek.com/boardgame/653
23025,Shoot Out,1995,5.27,5.49,1.18,29048,139,No,https://boardgamegeek.com/boardgame/23025
8319,Sixth Fleet: US/Soviet Naval Operations in the Mediterranean in the 1970's,1975,5.61,5.49,2.73,27800,154,No,https://boardgamegeek.com/boardgame/8319
1941,Sjörövarön,1949,5.5,5.49,1.4,28007,116,No,https://boardgamegeek.com/boardgame/1941
40507,Skip-Bo Junior,2003,5.36,5.49,1.0,28796,178,No,https://boardgamegeek.com/boardgame/40507
109105,Sparta,2011,5.47,5.49,1.6,27960,151,No,https://boardgamegeek.com/boardgame/109105
20217,Splash Attack,2005,5.3,5.49,1.0,29069,113,No,https://boardgamegeek.com/boardgame/20217
94684,Spontuneous,2010,5.33,5.49,1.0,28566,137,No,https://boardgamegeek.com/boardgame/94684
9201,Spy,2004,5.49,5.49,1.26,28236,695,No,https://boardgamegeek.com/boardgame/9201
21150,Stack Market,2004,5.44,5.49,1.36,27836,372,No,https://boardgamegeek.com/boardgame/21150
297,Stadens nyckel,1998,5.28,5.49,2.3,28422,127,No,https://boardgamegeek.com/boardgame/297
24627,Star Wars Miniatures: Starship Battles,2006,5.48,5.49,1.66,28567,439,No,https://boardgamegeek.com/boardgame/24627
5244,Star Wars: Destroy Death Star Game,1977,5.53,5.49,1.14,27916,117,No,https://boardgamegeek.com/boardgame/5244
13478,StrataGem,2004,5.21,5.49,1.73,29063,117,No,https://boardgamegeek.com/boardgame/13478
11585,Sum Swamp,2002,5.63,5.49,1.0,28214,132,No,https://boardgamegeek.com/boardgame/11585
41646,Sushi Roll!,2009,5.38,5.49,1.17,28840,145,No,https://boardgamegeek.com/boardgame/41646
10960,Swärje,2004,5.46,5.49,1.5,27902,100,No,https://boardgamegeek.com/boardgame/10960
8998,Taboo Junior,2001,5.41,5.49,1.0,27904,104,No,https://boardgamegeek.com/boardgame/8998
9710,Take Off,1999,5.35,5.49,1.57,27879,102,No,https://boardgamegeek.com/boardgame/9710
4558,Take Off!,1987,5.52,5.49,1.28,28458,182,No,https://boardgamegeek.com/boardgame/4558
124833,Tentacle Bento,2012,5.51,5.49,1.27,28085,341,No,https://boardgamegeek.com/boardgame/124833
5996,"The Battle for Cassino: Assaulting the Gustav Line, 1944",1978,5.45,5.49,3.16,28311,174,No,https://boardgamegeek.com/boardgame/5996
131530,The Hobbit: An Unexpected Journey,2012,5.52,5.49,1.3,28245,168,No,https://boardgamegeek.com/boardgame/131530
3378,The Inventors,1974,5.54,5.49,1.36,29172,377,No,https://boardgamegeek.com/boardgame/3378
42892,The Isle of Doctor Necreaux,2009,5.47,5.49,1.92,28593,611,No,https://boardgamegeek.com/boardgame/42892
103828,The Jam,2011,5.42,5.49,1.5,27722,116,No,https://boardgamegeek.com/boardgame/103828
85394,The Last Banquet,2012,5.5,5.49,1.88,29097,364,No,https://boardgamegeek.com/boardgame/85394
2866,The London Game,1972,5.49,5.49,1.48,29046,329,No,https://boardgamegeek.com/boardgame/2866
27800,The Market of Alturien,2007,5.47,5.49,1.9,27932,419,No,https://boardgamegeek.com/boardgame/27800
92646,The Million Pound Drop,2010,5.28,5.49,1.25,28443,124,No,https://boardgamegeek.com/boardgame/92646
6235,The Perilous Parlor Game,2002,5.56,5.49,1.76,27683,238,No,https://boardgamegeek.com/boardgame/6235
1636,The Quest of the Philosopher's Stone,1986,5.46,5.49,2.33,27897,166,No,https://boardgamegeek.com/boardgame/1636
4893,The Real Ghostbusters Game,1986,5.43,5.49,1.22,28403,124,No,https://boardgamegeek.com/boardgame/4893
2258,The Stock Market Game,1970,5.54,5.49,2.07,28507,214,No,https://boardgamegeek.com/boardgame/2258
5856,The Wonderful World of Disney Trivia Game,1997,5.54,5.49,1.41,28940,297,No,https://boardgamegeek.com/boardgame/5856
12420,Throw 'n Go Jenga,1986,5.29,5.49,1.17,28895,104,No,https://boardgamegeek.com/boardgame/12420
857,Titanic: Der Mythos,1998,5.42,5.49,1.06,27969,164,No,https://boardgamegeek.com/boardgame/857
27870,Toss Your Cookies,2007,5.33,5.49,1.36,29142,178,No,https://boardgamegeek.com/boardgame/27870
471,Totem,1995,5.47,5.49,2.36,27702,125,No,https://boardgamegeek.com/boardgame/471
14361,Trivial Pursuit: Disney – The Animated Picture Edition,1999,5.45,5.49,1.5,29019,147,No,https://boardgamegeek.com/boardgame/14361
2819,Trivial Pursuit: Genus 5,2000,5.52,5.49,1.82,28291,676,No,https://boardgamegeek.com/boardgame/2819
1299,Trivial Pursuit: Genus IV,1996,5.55,5.49,1.78,28663,1093,No,https://boardgamegeek.com/boardgame/1299
82216,Trivial Pursuit: Steal Card Game,2009,5.44,5.49,1.44,29009,295,No,https://boardgamegeek.com/boardgame/82216
11883,Trivial Pursuit: Volume 6,2003,5.44,5.49,1.76,28472,256,No,https://boardgamegeek.com/boardgame/11883
5839,Trivial Pursuit: Walt Disney Family Edition Card Set,1985,5.5,5.49,2.0,,128,Yes,https://boardgamegeek.com/boardgame/5839
2821,UNO Stacko,1994,5.62,5.49,1.13,27755,825,No,https://boardgamegeek.com/boardgame/2821
5585,UNO: Harry Potter,2000,5.61,5.49,1.07,27933,549,No,https://boardgamegeek.com/boardgame/5585
9583,UNO: SpongeBob SquarePants,2002,5.6,5.49,1.14,27894,116,No,https://boardgamegeek.com/boardgame/9583
2517,Ulcers,1969,5.43,5.49,1.06,28959,199,No,https://boardgamegeek.com/boardgame/2517
84173,Van Helsing,2010,5.43,5.49,1.75,27718,150,No,https://boardgamegeek.com/boardgame/84173
119500,Wanna Bet?,2012,5.55,5.49,1.5,28348,228,No,https://boardgamegeek.com/boardgame/119500
16191,War II,1981,5.6,5.49,2.28,29056,269,No,https://boardgamegeek.com/boardgame/16191
9227,Weed!,2002,5.36,5.49,1.08,28898,123,No,https://boardgamegeek.com/boardgame/9227
5532,Where in the USA is Carmen Sandiego?,1993,5.36,5.49,1.27,29006,132,No,https://boardgamegeek.com/boardgame/5532
18464,White Rabbit,1988,5.29,5.49,1.0,28820,146,No,https://boardgamegeek.com/boardgame/18464
2406,Whosit?,1976,5.44,5.49,1.33,28094,133,No,https://boardgamegeek.com/boardgame/2406
9251,Whot,1935,5.44,5.49,1.17,28208,152,No,https://boardgamegeek.com/boardgame/9251
2311,Wild Life,1964,5.44,5.49,1.46,28517,237,No,https://boardgamegeek.com/boardgame/2311
33569,Wildcraft!,2006,5.54,5.49,1.11,28873,158,No,https://boardgamegeek.com/boardgame/33569
19484,Wiochmen Rejser,2005,5.41,5.49,1.31,28964,234,No,https://boardgamegeek.com/boardgame/19484
38227,Wolsung: The Boardgame,2008,5.42,5.49,2.19,29029,224,No,https://boardgamegeek.com/boardgame/38227
5662,Word Mastermind,1972,5.25,5.49,1.6,29075,127,No,https://boardgamegeek.com/boardgame/5662
4598,Word Rummikub,1983,5.42,5.49,1.92,28526,249,No,https://boardgamegeek.com/boardgame/4598
8593,Wreckage,2003,5.51,5.49,1.72,28060,616,No,https://boardgamegeek.com/boardgame/8593
18498,Zimbbos!,2004,5.32,5.49,1.1,28632,117,No,https://boardgamegeek.com/boardgame/18498
134615,Zogar's Gaze,2013,5.59,5.49,1.31,28098,151,No,https://boardgamegeek.com/boardgame/134615
125395,Zombies!!! The Card Game,2012,5.5,5.49,1.3,29171,162,No,https://boardgamegeek.com/boardgame/125395
408,Zoon,1999,5.49,5.49,1.55,28191,306,No,https://boardgamegeek.com/boardgame/408
6647,Ökolopoly,1983,5.42,5.49,2.58,27795,115,No,https://boardgamegeek.com/boardgame/6647
7463,"'CA' Tactical Naval Warfare in the Pacific, 1941-45",1973,5.4,5.48,2.5,29424,121,No,https://boardgamegeek.com/boardgame/7463
68606,12 Realms,2010,5.55,5.48,2.0,29604,657,No,https://boardgamegeek.com/boardgame/68606
124960,3012,2012,5.43,5.48,2.31,29322,325,No,https://boardgamegeek.com/boardgame/124960
8308,3D Labyrinth,2002,5.2,5.48,1.06,29878,171,No,https://boardgamegeek.com/boardgame/8308
375,6 Billion,1999,5.29,5.48,2.71,29443,139,No,https://boardgamegeek.com/boardgame/375
356,Ab die Post!,1996,5.29,5.48,1.32,29581,225,No,https://boardgamegeek.com/boardgame/356
3889,Ali Baba,2002,5.22,5.48,1.0,29975,188,No,https://boardgamegeek.com/boardgame/3889
1517,Ani-Mayhem,1996,5.38,5.48,3.2,29538,130,No,https://boardgamegeek.com/boardgame/1517
58253,Appletters,2009,5.3,5.48,1.27,29400,220,No,https://boardgamegeek.com/boardgame/58253
2799,Arabian Nightmare: The Kuwait War,1990,5.12,5.48,3.58,29804,107,No,https://boardgamegeek.com/boardgame/2799
2156,Arch Rival,1992,5.35,5.48,1.26,29533,300,No,https://boardgamegeek.com/boardgame/2156
117784,Army vs. Aliens,2012,5.27,5.48,1.2,29631,173,No,https://boardgamegeek.com/boardgame/117784
14953,Backpacker,2004,5.55,5.48,1.33,29322,331,No,https://boardgamegeek.com/boardgame/14953
4150,Bakari,2002,5.32,5.48,1.32,29506,163,No,https://boardgamegeek.com/boardgame/4150
8173,Battleship: Tactical Capital Ship Combat 1925-1945,1986,5.16,5.48,2.14,29963,137,No,https://boardgamegeek.com/boardgame/8173
50458,Billy Biber,2009,5.23,5.48,1.0,29860,230,No,https://boardgamegeek.com/boardgame/50458
32743,Black Stories: Mystery Edition,2007,5.46,5.48,1.12,29297,371,No,https://boardgamegeek.com/boardgame/32743
89222,Bloodsuckers,2011,5.29,5.48,2.3,29339,139,No,https://boardgamegeek.com/boardgame/89222
67486,Bubble Talk,2010,5.41,5.48,1.06,29264,295,No,https://boardgamegeek.com/boardgame/67486
128028,CLASH: Jihad vs. McWorld,2012,5.1,5.48,1.69,29926,170,No,https://boardgamegeek.com/boardgame/128028
71402,CUPONK,2010,5.11,5.48,1.11,29310,106,No,https://boardgamegeek.com/boardgame/71402
14812,Camelot,2005,5.26,5.48,1.63,29425,138,No,https://boardgamegeek.com/boardgame/14812
1964,Campaign,1971,5.49,5.48,2.28,29822,455,No,https://boardgamegeek.com/boardgame/1964
8567,Cargo,2004,5.08,5.48,1.7,29779,127,No,https://boardgamegeek.com/boardgame/8567
98189,Casse-toi Pov'con!,2011,5.01,5.48,1.12,29305,103,No,https://boardgamegeek.com/boardgame/98189
2557,Castle Risk,1986,5.53,5.48,1.98,29573,1443,No,https://boardgamegeek.com/boardgame/2557
131389,Castle: The Detective Card Game,2013,5.38,5.48,1.11,29278,107,No,https://boardgamegeek.com/boardgame/131389
32849,Cat in The Hat:  I Can do that!,2007,5.06,5.48,1.0,29831,113,No,https://boardgamegeek.com/boardgame/32849
30379,Change Horses,2008,5.36,5.48,1.62,29887,451,No,https://boardgamegeek.com/boardgame/30379
622,Change!,1999,5.28,5.48,1.21,,163,No,https://boardgamegeek.com/boardgame/622
55597,Chaos Marauders (Second Edition),2009,5.49,5.48,1.68,29487,884,No,https://boardgamegeek.com/boardgame/55597
2446,Chopper Strike,1976,5.35,5.48,1.5,29635,243,No,https://boardgamegeek.com/boardgame/2446
138195,City Blocks,2013,5.25,5.48,1.64,29238,128,No,https://boardgamegeek.com/boardgame/138195
13260,Clown,1975,5.08,5.48,1.0,29640,117,No,https://boardgamegeek.com/boardgame/13260
2792,Coco Crazy,1992,5.42,5.48,1.12,29225,386,No,https://boardgamegeek.com/boardgame/2792
6798,Concentration,1958,5.31,5.48,1.56,29671,216,No,https://boardgamegeek.com/boardgame/6798
12876,Cranium Balloon Lagoon,2004,5.31,5.48,1.0,29249,163,No,https://boardgamegeek.com/boardgame/12876
8860,Cranium Conga,2003,5.24,5.48,1.26,29945,243,No,https://boardgamegeek.com/boardgame/8860
40871,Crunch: The Game for Utter Bankers,2009,5.52,5.48,1.75,29486,401,No,https://boardgamegeek.com/boardgame/40871
62,Curse of the Mummy's Tomb,1988,5.32,5.48,1.85,29987,361,No,https://boardgamegeek.com/boardgame/62
948,Dao,1999,5.32,5.48,1.5,29674,228,No,https://boardgamegeek.com/boardgame/948
25144,Dart Wars,2006,5.19,5.48,1.38,29579,143,No,https://boardgamegeek.com/boardgame/25144
116975,Diam's,2011,5.04,5.48,1.88,29897,106,No,https://boardgamegeek.com/boardgame/116975
136058,Dice Devils,2013,5.31,5.48,1.22,29290,185,No,https://boardgamegeek.com/boardgame/136058
2566,Die Erbtante,1997,5.21,5.48,1.54,29431,128,No,https://boardgamegeek.com/boardgame/2566
1497,Dino Hunt,1996,5.38,5.48,1.45,29600,336,No,https://boardgamegeek.com/boardgame/1497
785,Dog Eat Dog,1999,5.14,5.48,2.45,29790,136,No,https://boardgamegeek.com/boardgame/785
3194,Dots,1998,5.15,5.48,1.0,29873,139,No,https://boardgamegeek.com/boardgame/3194
795,Dragonlance,1988,5.41,5.48,1.82,29484,442,No,https://boardgamegeek.com/boardgame/795
15020,Draw Out,2000,5.22,5.48,1.12,29711,149,No,https://boardgamegeek.com/boardgame/15020
1464,Duo,1986,5.2,5.48,1.67,29706,136,No,https://boardgamegeek.com/boardgame/1464
100670,Défis Nature,2009,5.02,5.48,1.0,29978,110,No,https://boardgamegeek.com/boardgame/100670
11147,Ea$y Money,1988,5.22,5.48,1.33,29861,177,No,https://boardgamegeek.com/boardgame/11147
2144,Ebola Monkey Hunt,1998,5.09,5.48,1.4,29906,130,No,https://boardgamegeek.com/boardgame/2144
38154,Electronic Pictionary Man,2008,5.41,5.48,1.25,29815,344,No,https://boardgamegeek.com/boardgame/38154
55279,Ergo,2009,5.48,5.48,3.6,29265,219,No,https://boardgamegeek.com/boardgame/55279
72535,Exile Sun,2012,5.41,5.48,3.0,29362,159,No,https://boardgamegeek.com/boardgame/72535
5166,Express Monopoly Card Game,1993,5.06,5.48,1.11,29862,128,No,https://boardgamegeek.com/boardgame/5166
5312,Family Feud,1977,5.51,5.48,1.14,29396,595,No,https://boardgamegeek.com/boardgame/5312
2916,File 13,1983,5.17,5.48,1.0,29510,124,No,https://boardgamegeek.com/boardgame/2916
61,Fossil,1998,5.43,5.48,1.75,29594,688,No,https://boardgamegeek.com/boardgame/61
4509,Funny Bones,1968,5.24,5.48,1.18,29386,122,No,https://boardgamegeek.com/boardgame/4509
66251,Galapagos,2010,5.29,5.48,2.3,29267,137,No,https://boardgamegeek.com/boardgame/66251
23249,Game of Games,1986,5.2,5.48,1.11,29992,185,No,https://boardgamegeek.com/boardgame/23249
137669,Gearworld: The Borderlands,2013,5.46,5.48,2.9,29392,409,No,https://boardgamegeek.com/boardgame/137669
16985,Gelb gewinnt!,2005,5.04,5.48,1.27,29979,138,No,https://boardgamegeek.com/boardgame/16985
4382,Go For It!,1986,5.31,5.48,1.36,29693,178,No,https://boardgamegeek.com/boardgame/4382
112692,Goblins: Epic Death,2011,5.28,5.48,1.82,29785,126,No,https://boardgamegeek.com/boardgame/112692
38694,Godzilla: Kaiju World Wars,2011,5.3,5.48,2.05,29768,197,No,https://boardgamegeek.com/boardgame/38694
16226,Gone Fishing!,2005,5.36,5.48,1.37,29778,351,No,https://boardgamegeek.com/boardgame/16226
92776,Guards! Guards! A Discworld Boardgame,2011,5.63,5.48,2.61,29630,454,No,https://boardgamegeek.com/boardgame/92776
14379,Harry Potter and the Sorcerer's Stone Mystery at Hogwarts Game,2000,5.55,5.48,1.47,29525,629,No,https://boardgamegeek.com/boardgame/14379
32679,Hero: Immortal King – The Den of Dementia,2007,5.27,5.48,1.38,29282,129,No,https://boardgamegeek.com/boardgame/32679
32680,Hero: Immortal King – The Infernal Forge,2007,5.19,5.48,1.33,29730,144,No,https://boardgamegeek.com/boardgame/32680
32678,Hero: Immortal King – The Lair of the Lich,2007,5.25,5.48,1.47,29641,191,No,https://boardgamegeek.com/boardgame/32678
2426,Hit the Beach,1965,5.33,5.48,1.12,29239,175,No,https://boardgamegeek.com/boardgame/2426
4162,Horse Show,1997,5.23,5.48,1.4,29857,197,No,https://boardgamegeek.com/boardgame/4162
29142,I Spy Eagle Eye,2006,4.99,5.48,1.0,29699,111,No,https://boardgamegeek.com/boardgame/29142
111299,I Will Survive,2011,5.17,5.48,1.0,29741,127,No,https://boardgamegeek.com/boardgame/111299
4384,Im Schatten des Sonnenkönigs,2002,5.12,5.48,1.6,29440,114,No,https://boardgamegeek.com/boardgame/4384
2750,Imaginiff,1998,5.53,5.48,1.22,29378,1655,No,https://boardgamegeek.com/boardgame/2750
35294,Indiana Jones DVD Adventure Game,2008,5.14,5.48,1.25,29824,132,No,https://boardgamegeek.com/boardgame/35294
66590,Just4Fun Colours,2010,5.39,5.48,1.07,29354,344,No,https://boardgamegeek.com/boardgame/66590
16860,Kaboodl,2004,5.03,5.48,1.0,29656,102,No,https://boardgamegeek.com/boardgame/16860
66603,Killer Bunnies and the Ultimate Odyssey,2010,5.22,5.48,1.17,29497,111,No,https://boardgamegeek.com/boardgame/66603
82449,King's Vineyard,2010,5.37,5.48,1.79,29368,188,No,https://boardgamegeek.com/boardgame/82449
20525,Knock Out Whist,1800,5.21,5.48,1.42,29292,117,No,https://boardgamegeek.com/boardgame/20525
6953,Lara Croft: Tomb Raider – The Angel of Darkness,2003,5.41,5.48,1.55,29350,195,No,https://boardgamegeek.com/boardgame/6953
866,"Lie, Cheat & Steal",1971,5.31,5.48,1.48,29969,196,No,https://boardgamegeek.com/boardgame/866
10575,Lightning Reaction,,5.16,5.48,1.14,29684,122,No,https://boardgamegeek.com/boardgame/10575
2280,Marco Polo,1983,5.29,5.48,1.78,29787,159,No,https://boardgamegeek.com/boardgame/2280
24473,Megastar,2006,5.38,5.48,1.4,29884,524,No,https://boardgamegeek.com/boardgame/24473
16052,Merlin,1978,5.11,5.48,1.5,29591,106,No,https://boardgamegeek.com/boardgame/16052
94486,Mermaid Island,2011,5.11,5.48,1.0,29910,115,No,https://boardgamegeek.com/boardgame/94486
1503,Mid-East Peace,1990,5.13,5.48,2.44,29687,125,No,https://boardgamegeek.com/boardgame/1503
133687,MimiQ,2011,5.17,5.48,1.0,29589,128,No,https://boardgamegeek.com/boardgame/133687
20634,MiniMonFa (MiniMonsterFantasy),2005,5.39,5.48,1.76,29957,222,No,https://boardgamegeek.com/boardgame/20634
96628,Miscellaneous Game Compilation,,5.5,5.48,1.39,,364,No,https://boardgamegeek.com/boardgame/96628
10283,Monkey Madness,2001,5.19,5.48,1.0,29866,190,No,https://boardgamegeek.com/boardgame/10283
13817,Monopoly: 1935 Commemorative Edition,1985,5.3,5.48,1.67,29415,104,No,https://boardgamegeek.com/boardgame/13817
38577,Monopoly: Clone Wars,2008,5.14,5.48,1.43,29879,123,No,https://boardgamegeek.com/boardgame/38577
132320,Monopoly: Doctor Who 50th Anniversary Collectors Edition,2012,5.46,5.48,1.67,29583,160,No,https://boardgamegeek.com/boardgame/132320
70653,Monopoly: Nintendo Collector's Edition,2010,5.44,5.48,1.45,29213,197,No,https://boardgamegeek.com/boardgame/70653
6363,Monopoly: World Cup France '98 Edition,1998,5.26,5.48,2.11,29621,123,No,https://boardgamegeek.com/boardgame/6363
126703,Monopoly: World of Warcraft Collector's Edition,2012,5.56,5.48,1.62,29819,249,No,https://boardgamegeek.com/boardgame/126703
46746,Monster 4,2009,5.21,5.48,1.08,29983,171,No,https://boardgamegeek.com/boardgame/46746
1216,Mystery Garden,1989,5.19,5.48,1.05,29933,204,No,https://boardgamegeek.com/boardgame/1216
3319,Neutreeko,2001,5.3,5.48,1.75,29480,180,No,https://boardgamegeek.com/boardgame/3319
89956,Ninjago: The Board Game,2011,5.28,5.48,1.33,29657,185,No,https://boardgamegeek.com/boardgame/89956
4442,Oraklos,1997,5.16,5.48,1.33,29834,161,No,https://boardgamegeek.com/boardgame/4442
4696,Outwit,1978,5.1,5.48,1.7,29842,141,No,https://boardgamegeek.com/boardgame/4696
367,Overthrone,1999,5.36,5.48,2.13,29495,286,No,https://boardgamegeek.com/boardgame/367
6010,Phantom Rallye,2003,5.1,5.48,1.3,29907,122,No,https://boardgamegeek.com/boardgame/6010
46743,Pirate Code,2009,5.18,5.48,1.33,29988,163,No,https://boardgamegeek.com/boardgame/46743
92094,Pointless: The Board Game,2013,5.18,5.48,1.17,29848,206,No,https://boardgamegeek.com/boardgame/92094
14132,Project Pornstar,2004,5.35,5.48,1.38,29295,140,No,https://boardgamegeek.com/boardgame/14132
13714,Qubic,1947,5.31,5.48,1.58,29584,237,No,https://boardgamegeek.com/boardgame/13714
1225,Quest,1984,5.16,5.48,1.79,29874,162,No,https://boardgamegeek.com/boardgame/1225
55706,Ren Faire,2009,5.12,5.48,1.15,29976,116,No,https://boardgamegeek.com/boardgame/55706
36634,Rice Wars,2008,5.3,5.48,2.83,29707,213,No,https://boardgamegeek.com/boardgame/36634
27961,Risk: Transformers – Cybertron Battle Edition,2007,5.4,5.48,1.83,29803,521,No,https://boardgamegeek.com/boardgame/27961
139769,Robotech RPG Tactics,2014,5.14,5.48,3.38,29456,149,No,https://boardgamegeek.com/boardgame/139769
36231,Rorschach,2008,5.18,5.48,1.05,29959,174,No,https://boardgamegeek.com/boardgame/36231
1249,Safari Jack,1998,5.31,5.48,1.41,29724,269,No,https://boardgamegeek.com/boardgame/1249
2496,Saloon,2001,5.03,5.48,1.06,29937,117,No,https://boardgamegeek.com/boardgame/2496
4864,Scene It?: The DVD Movie Game,2002,5.51,5.48,1.37,29760,1552,No,https://boardgamegeek.com/boardgame/4864
28472,Scooby-Doo! Haunted House 3D Board Game,2007,5.15,5.48,1.0,29335,110,No,https://boardgamegeek.com/boardgame/28472
6994,Scrabble Card Game,1997,5.49,5.48,1.65,29501,356,No,https://boardgamegeek.com/boardgame/6994
18812,"Ship, Captain, and Crew",2017,5.26,5.48,1.0,29549,105,No,https://boardgamegeek.com/boardgame/18812
34173,"Si, Oscuro Padrino!",2007,5.25,5.48,1.0,29702,137,No,https://boardgamegeek.com/boardgame/34173
13309,Sicilianos,2004,5.12,5.48,1.53,29288,102,No,https://boardgamegeek.com/boardgame/13309
7860,Simpsons Trading Card Game,2003,5.1,5.48,1.38,29727,120,No,https://boardgamegeek.com/boardgame/7860
72630,Smart Ass: The Card Game,2009,5.17,5.48,1.2,29318,107,No,https://boardgamegeek.com/boardgame/72630
72766,SmileyFace,2010,5.45,5.48,1.23,29324,479,No,https://boardgamegeek.com/boardgame/72766
3636,SongBurst 50's & 60's Edition,1990,5.15,5.48,1.14,29569,120,No,https://boardgamegeek.com/boardgame/3636
65134,Sorry! Revenge Card Game,2009,5.37,5.48,1.05,29717,353,No,https://boardgamegeek.com/boardgame/65134
13982,Sorry!: Pokémon,2000,5.41,5.48,1.0,29325,115,No,https://boardgamegeek.com/boardgame/13982
2331,Spill and Spell,1956,5.24,5.48,1.26,29238,162,No,https://boardgamegeek.com/boardgame/2331
3640,Spy Ring,1965,5.26,5.48,1.47,29817,185,No,https://boardgamegeek.com/boardgame/3640
9912,Stacrobats,1970,5.31,5.48,1.0,29382,230,No,https://boardgamegeek.com/boardgame/9912
12043,Stadt - Land - Fluss,1998,5.2,5.48,1.17,29567,114,No,https://boardgamegeek.com/boardgame/12043
4477,Station Manager,2002,5.16,5.48,1.26,29492,122,No,https://boardgamegeek.com/boardgame/4477
23870,"Strange Defeat:  The Fall of France, 1940",2006,5.08,5.48,2.17,29655,104,No,https://boardgamegeek.com/boardgame/23870
24786,SuDoku: The Card Game,2006,5.24,5.48,1.22,29548,136,No,https://boardgamegeek.com/boardgame/24786
20005,Sushi Express,2005,5.25,5.48,1.38,29823,192,No,https://boardgamegeek.com/boardgame/20005
14992,Sword & Skull,2005,5.48,5.48,1.49,29226,762,No,https://boardgamegeek.com/boardgame/14992
33967,Take the Train,2007,5.23,5.48,1.2,29928,178,No,https://boardgamegeek.com/boardgame/33967
135648,Tales & Games: Baba Yaga,2013,5.41,5.48,1.23,29795,478,No,https://boardgamegeek.com/boardgame/135648
3574,Tank! Armored Combat in the 20th Century,1974,5.16,5.48,2.64,29849,110,No,https://boardgamegeek.com/boardgame/3574
101718,Terra Evolution,2011,5.35,5.48,2.04,29776,261,No,https://boardgamegeek.com/boardgame/101718
7958,The 80's Game,2001,5.18,5.48,1.7,29944,115,No,https://boardgamegeek.com/boardgame/7958
104527,The Game of Life Adventure Edition,2011,5.09,5.48,1.0,29794,134,No,https://boardgamegeek.com/boardgame/104527
24116,The Game of Life: Pirates of the Caribbean – Dead Man's Chest,2006,5.39,5.48,1.48,29795,215,No,https://boardgamegeek.com/boardgame/24116
2738,The Gnumies,2001,5.32,5.48,1.17,29309,225,No,https://boardgamegeek.com/boardgame/2738
8636,The Grape Escape,1992,5.45,5.48,1.19,29550,299,No,https://boardgamegeek.com/boardgame/8636
9559,The Hamburger Game,1987,5.44,5.48,1.11,29520,155,No,https://boardgamegeek.com/boardgame/9559
71837,The Hunger Games: Training Days,2010,5.29,5.48,2.0,29304,151,No,https://boardgamegeek.com/boardgame/71837
95893,The Impossible Machine,2011,5.39,5.48,1.32,29432,301,No,https://boardgamegeek.com/boardgame/95893
35524,The Princess Bride: Storming the Castle,2008,5.32,5.48,1.33,29977,280,No,https://boardgamegeek.com/boardgame/35524
13886,The Princess and the Pea,2004,5.29,5.48,1.0,29791,205,No,https://boardgamegeek.com/boardgame/13886
32157,The T-Shirt Game,2007,5.1,5.48,1.0,29916,123,No,https://boardgamegeek.com/boardgame/32157
4105,The Wheel of Time Collectible Card Game,2000,5.4,5.48,2.86,29406,156,No,https://boardgamegeek.com/boardgame/4105
20096,Toru,2005,5.45,5.48,1.1,29447,228,No,https://boardgamegeek.com/boardgame/20096
2253,Touring,1906,5.3,5.48,1.21,29919,262,No,https://boardgamegeek.com/boardgame/2253
13682,Travel Clue,1990,5.41,5.48,1.36,29450,188,No,https://boardgamegeek.com/boardgame/13682
19466,Trivial Pursuit: 1980s,2000,5.3,5.48,2.0,29352,151,No,https://boardgamegeek.com/boardgame/19466
22839,Trivial Pursuit: DVD,2005,5.05,5.48,1.54,29708,113,No,https://boardgamegeek.com/boardgame/22839
5917,Trivial Pursuit: Silver Screen Edition,1983,5.28,5.48,1.55,,224,Yes,https://boardgamegeek.com/boardgame/5917
11628,Trivial Pursuit: Young Players Edition Master Game,1984,5.35,5.48,1.83,29469,231,No,https://boardgamegeek.com/boardgame/11628
1437,Trust Me,1981,5.07,5.48,1.38,29875,136,No,https://boardgamegeek.com/boardgame/1437
120264,Turista Mundial,,5.98,5.48,1.0,29206,138,No,https://boardgamegeek.com/boardgame/120264
32992,Tàin,2007,5.35,5.48,1.67,29298,114,No,https://boardgamegeek.com/boardgame/32992
42920,UNO Moo!,2008,5.35,5.48,1.0,29527,195,No,https://boardgamegeek.com/boardgame/42920
4578,UNO Wild Tiles,1982,5.08,5.48,1.08,29821,112,No,https://boardgamegeek.com/boardgame/4578
25412,Vampire: Dark Influences,2006,5.42,5.48,1.85,29920,294,No,https://boardgamegeek.com/boardgame/25412
1255,Vegas,1996,5.04,5.48,1.56,29941,121,No,https://boardgamegeek.com/boardgame/1255
74936,War Cards,2010,5.15,5.48,1.91,29623,106,No,https://boardgamegeek.com/boardgame/74936
69175,Wobble,2010,5.25,5.48,1.0,29306,114,No,https://boardgamegeek.com/boardgame/69175
46147,Свинтус (Svintus),2006,5.48,5.48,1.0,29509,420,No,https://boardgamegeek.com/boardgame/46147
137167,...I should have known that!,2011,5.23,5.47,1.0,30035,224,No,https://boardgamegeek.com/boardgame/137167
334,Advance to Boardwalk,1985,5.44,5.47,1.53,30238,848,No,https://boardgamegeek.com/boardgame/334
1629,Air War: Modern Tactical Air Combat,1977,5.38,5.47,4.59,30297,347,No,https://boardgamegeek.com/boardgame/1629
27668,Apache,2007,4.84,5.47,1.29,30259,102,No,https://boardgamegeek.com/boardgame/27668
5420,Assassin: The Final Game,1980,4.96,5.47,1.56,30319,100,No,https://boardgamegeek.com/boardgame/5420
20040,Badaboom,2005,5.18,5.47,1.69,30188,213,No,https://boardgamegeek.com/boardgame/20040
2458,Battle Cattle: The Card Game,2001,5.38,5.47,1.27,30041,298,No,https://boardgamegeek.com/boardgame/2458
40851,Battleship: The Tactical Combat Game,2008,5.22,5.47,1.35,30005,224,No,https://boardgamegeek.com/boardgame/40851
17687,Bernini Mysterie,2005,5.01,5.47,1.6,30136,134,No,https://boardgamegeek.com/boardgame/17687
5423,Bible Trivia,1984,5.04,5.47,1.69,30018,136,No,https://boardgamegeek.com/boardgame/5423
40503,Birds on a Wire,2009,5.22,5.47,1.48,30173,241,No,https://boardgamegeek.com/boardgame/40503
2303,Blast-Off!,1969,4.81,5.47,1.31,30415,103,No,https://boardgamegeek.com/boardgame/2303
4597,Blood Wars,1995,5.33,5.47,2.11,30310,218,No,https://boardgamegeek.com/boardgame/4597
1333,Boom-O,2000,5.37,5.47,1.16,30377,715,No,https://boardgamegeek.com/boardgame/1333
2693,Bottle Topps,1993,5.2,5.47,1.0,30357,267,No,https://boardgamegeek.com/boardgame/2693
129469,Card of the Dead,2011,5.4,5.47,1.17,30334,541,No,https://boardgamegeek.com/boardgame/129469
13328,Chromino,2001,5.46,5.47,1.24,30373,1083,No,https://boardgamegeek.com/boardgame/13328
120515,Chupacabra: Survive the Night,2012,5.48,5.47,1.04,30168,994,No,https://boardgamegeek.com/boardgame/120515
5354,Colorama,1996,5.02,5.47,1.0,30121,144,No,https://boardgamegeek.com/boardgame/5354
23631,Conquest of Pangea,2006,5.31,5.47,2.45,30116,300,No,https://boardgamegeek.com/boardgame/23631
1771,Cosmic Coasters,2000,5.2,5.47,1.21,30215,207,No,https://boardgamegeek.com/boardgame/1771
121414,Countdown: Special Ops,2013,5.09,5.47,2.65,30112,142,No,https://boardgamegeek.com/boardgame/121414
7821,Creepy Freaks,2003,5.06,5.47,1.67,30019,121,No,https://boardgamegeek.com/boardgame/7821
2816,Crossfire,1971,5.46,5.47,1.11,30303,583,No,https://boardgamegeek.com/boardgame/2816
76668,Diary of a Wimpy Kid: Cheese Touch,2010,4.76,5.47,1.0,30345,108,No,https://boardgamegeek.com/boardgame/76668
4889,Dizzy Dizzy Dinosaur,1987,5.21,5.47,1.14,30242,156,No,https://boardgamegeek.com/boardgame/4889
9824,Employee of the Month,2004,5.07,5.47,1.3,30419,192,No,https://boardgamegeek.com/boardgame/9824
21859,Figaro,2006,5.34,5.47,1.1,30158,373,No,https://boardgamegeek.com/boardgame/21859
4242,Foxbat & Phantom: Tactical Aerial Combat in the 1970's,1973,5.06,5.47,2.88,30228,132,No,https://boardgamegeek.com/boardgame/4242
2115,Free Parking,1988,5.29,5.47,1.11,30350,338,No,https://boardgamegeek.com/boardgame/2115
28989,Garçon,2007,4.88,5.47,1.0,30213,100,No,https://boardgamegeek.com/boardgame/28989
56246,Goblins,2009,5.13,5.47,1.57,30167,123,No,https://boardgamegeek.com/boardgame/56246
3352,Gouda! Gouda! Cat Attack,2002,5.23,5.47,1.18,30069,233,No,https://boardgamegeek.com/boardgame/3352
3715,Gregory Horror Show,2002,4.93,5.47,1.29,30283,121,No,https://boardgamegeek.com/boardgame/3715
138091,Guile,2013,4.87,5.47,1.0,30172,113,No,https://boardgamegeek.com/boardgame/138091
129939,Ha! Ha! Moustache,2012,4.77,5.47,1.25,30339,111,No,https://boardgamegeek.com/boardgame/129939
3910,Harry Potter: Diagon Alley Board Game,2001,5.33,5.47,1.13,30071,263,No,https://boardgamegeek.com/boardgame/3910
6868,Hear Me Out,2002,5.06,5.47,1.38,30057,113,No,https://boardgamegeek.com/boardgame/6868
73228,Hecho,2010,5.11,5.47,1.3,30083,126,No,https://boardgamegeek.com/boardgame/73228
8450,Hector and Achilles,2003,5.41,5.47,1.81,30138,531,No,https://boardgamegeek.com/boardgame/8450
12634,Hispaniola,2004,5.19,5.47,1.55,30075,218,No,https://boardgamegeek.com/boardgame/12634
1502,Hotel,1974,5.57,5.47,1.39,30273,4345,No,https://boardgamegeek.com/boardgame/1502
16498,Inka,2005,5.39,5.47,2.25,30020,663,No,https://boardgamegeek.com/boardgame/16498
20281,Inkan Aarre,2005,4.91,5.47,1.06,30311,122,No,https://boardgamegeek.com/boardgame/20281
43890,Jenga Max,2009,4.98,5.47,1.2,30104,110,No,https://boardgamegeek.com/boardgame/43890
8915,Jenga Xtreme,2003,5.3,5.47,1.09,30150,235,No,https://boardgamegeek.com/boardgame/8915
2766,Jeopardy!,1964,5.31,5.47,1.33,30220,292,No,https://boardgamegeek.com/boardgame/2766
13350,Jeu du Nain Jaune,1760,5.06,5.47,1.5,30155,152,No,https://boardgamegeek.com/boardgame/13350
95765,Joe Name It,2011,5.2,5.47,1.0,30232,201,No,https://boardgamegeek.com/boardgame/95765
2197,Kensington,1979,5.37,5.47,2.23,30099,474,No,https://boardgamegeek.com/boardgame/2197
1933,Key to the Kingdom,1990,5.56,5.47,1.59,30388,1386,No,https://boardgamegeek.com/boardgame/1933
33876,Killer Bunnies and the Journey to Jupiter,2008,5.54,5.47,2.48,30058,355,No,https://boardgamegeek.com/boardgame/33876
140830,King Size,2012,5.17,5.47,1.0,30018,117,No,https://boardgamegeek.com/boardgame/140830
21734,Krumble!,2006,4.78,5.47,1.43,30342,104,No,https://boardgamegeek.com/boardgame/21734
6474,L-Game,1968,5.05,5.47,1.93,30105,137,No,https://boardgamegeek.com/boardgame/6474
17709,Last Word,2005,5.45,5.47,1.26,30068,881,No,https://boardgamegeek.com/boardgame/17709
14736,Let's Kill!,1997,5.33,5.47,1.32,30400,392,No,https://boardgamegeek.com/boardgame/14736
927,Lift Off,2000,5.1,5.47,1.36,30078,166,No,https://boardgamegeek.com/boardgame/927
138311,Machine of Death: The Game of Creative Assassination,2014,5.34,5.47,1.52,30381,509,No,https://boardgamegeek.com/boardgame/138311
5428,Mad Gab Card Game,2000,5.02,5.47,1.0,30338,160,No,https://boardgamegeek.com/boardgame/5428
28576,Magia i Miecz: Jaskinia,,5.08,5.47,2.62,,156,Yes,https://boardgamegeek.com/boardgame/28576
40421,Malta!,2010,5.04,5.47,1.25,30205,157,No,https://boardgamegeek.com/boardgame/40421
20182,Maxi Yatzy,1983,5.3,5.47,1.0,30107,232,No,https://boardgamegeek.com/boardgame/20182
5425,MindTrap II,1997,5.32,5.47,1.94,30280,445,No,https://boardgamegeek.com/boardgame/5425
1174,Minister,1975,4.98,5.47,1.25,30274,145,No,https://boardgamegeek.com/boardgame/1174
25623,Mmm ... Brains!,2006,5.26,5.47,1.06,30340,409,No,https://boardgamegeek.com/boardgame/25623
8393,Monopoly: NHL Collector's Edition,2001,4.93,5.47,1.71,30070,107,No,https://boardgamegeek.com/boardgame/8393
9725,Monopoly: National Parks Edition,1998,5.16,5.47,1.62,30066,167,No,https://boardgamegeek.com/boardgame/9725
23671,Monopoly: SpongeBob SquarePants,2005,5.38,5.47,1.45,30174,301,No,https://boardgamegeek.com/boardgame/23671
9090,My First UNO,1991,4.95,5.47,1.06,30286,151,No,https://boardgamegeek.com/boardgame/9090
5259,Oh Snap!,1965,5.41,5.47,1.03,30346,766,No,https://boardgamegeek.com/boardgame/5259
12237,Oil: The Great Adventure,1960,5.25,5.47,2.0,30212,273,No,https://boardgamegeek.com/boardgame/12237
6210,On Assignment with National Geographic,1990,5.01,5.47,1.38,30210,114,No,https://boardgamegeek.com/boardgame/6210
2099,Online: Internet Card Game,2000,4.99,5.47,1.29,30112,112,No,https://boardgamegeek.com/boardgame/2099
60311,Pairs in Pears,2009,5.11,5.47,1.14,30358,204,No,https://boardgamegeek.com/boardgame/60311
7556,Panzer Battles: Tactical Armored Warfare in World War II,1979,5.18,5.47,2.94,30172,133,No,https://boardgamegeek.com/boardgame/7556
22889,Pictureka!,2006,5.5,5.47,1.1,30353,1498,No,https://boardgamegeek.com/boardgame/22889
716,Pizza Party,1987,5.07,5.47,1.12,30339,162,No,https://boardgamegeek.com/boardgame/716
1969,Point Of Law,1972,4.88,5.47,1.53,30376,134,No,https://boardgamegeek.com/boardgame/1969
629,Q-Turn,1999,5.06,5.47,1.23,30281,165,No,https://boardgamegeek.com/boardgame/629
30640,Rio,1981,4.95,5.47,1.0,30413,140,No,https://boardgamegeek.com/boardgame/30640
181,Risk,1959,5.61,5.47,2.06,30182,39063,No,https://boardgamegeek.com/boardgame/181
136554,Rock Me Archimedes,2012,5.35,5.47,1.09,30304,358,No,https://boardgamegeek.com/boardgame/136554
2777,Safari,2000,4.82,5.47,1.25,30390,121,No,https://boardgamegeek.com/boardgame/2777
42132,Scary Tales: Little Red vs. Pinocchio,2009,5.15,5.47,1.35,30324,196,No,https://boardgamegeek.com/boardgame/42132
41334,Scary Tales: Snow White vs. The Giant,2009,5.15,5.47,1.47,30049,168,No,https://boardgamegeek.com/boardgame/41334
8295,Secrets of the Pyramids,2000,5.1,5.47,1.09,30156,150,No,https://boardgamegeek.com/boardgame/8295
34583,Set Cubed,2008,5.3,5.47,1.93,30236,431,No,https://boardgamegeek.com/boardgame/34583
8813,Shocking Roulette,2003,5.02,5.47,1.61,30077,138,No,https://boardgamegeek.com/boardgame/8813
5468,Snap: The Interlocking Dragon-Making Game,2002,5.27,5.47,1.25,30261,248,No,https://boardgamegeek.com/boardgame/5468
55,Sophie's World,1998,4.87,5.47,1.5,30288,106,No,https://boardgamegeek.com/boardgame/55
75991,Sorry! Spin,2010,4.77,5.47,1.0,30385,111,No,https://boardgamegeek.com/boardgame/75991
5956,South Africa: The Death of Colonialism,1977,5.13,5.47,2.67,30344,167,No,https://boardgamegeek.com/boardgame/5956
1178,Sphinx,1999,5.33,5.47,1.48,30091,305,No,https://boardgamegeek.com/boardgame/1178
4770,Star Trek: The Next Generation Collectible Dice Game,1996,5.14,5.47,2.14,30096,130,No,https://boardgamegeek.com/boardgame/4770
6388,Star Wars: Return of the Jedi – Battle at Sarlacc's Pit,1983,5.11,5.47,1.08,30307,183,No,https://boardgamegeek.com/boardgame/6388
2855,Stare!,1993,5.12,5.47,1.6,30316,175,No,https://boardgamegeek.com/boardgame/2855
20436,Stonehenge: An Anthology Board Game,2007,5.34,5.47,2.19,,491,No,https://boardgamegeek.com/boardgame/20436
29582,Stoplights,2007,5.18,5.47,1.37,30014,199,No,https://boardgamegeek.com/boardgame/29582
20801,Sudoku,2005,5.18,5.47,1.65,30418,206,No,https://boardgamegeek.com/boardgame/20801
40974,Superpoly,1979,4.88,5.47,1.56,30079,107,No,https://boardgamegeek.com/boardgame/40974
1574,Tactics II,1958,5.53,5.47,2.01,30127,896,No,https://boardgamegeek.com/boardgame/1574
123991,Taggle,2011,5.26,5.47,1.0,30180,216,No,https://boardgamegeek.com/boardgame/123991
7563,The Game of Jaws,1975,4.99,5.47,1.15,30355,137,No,https://boardgamegeek.com/boardgame/7563
36895,The Office Trivia Game,2008,5.04,5.47,1.0,30189,122,No,https://boardgamegeek.com/boardgame/36895
4902,The Price Is Right,1973,4.93,5.47,1.67,30314,114,No,https://boardgamegeek.com/boardgame/4902
7710,Tip-It,1965,5.13,5.47,1.07,30248,153,No,https://boardgamegeek.com/boardgame/7710
10687,Tipsy Tower,1985,5.02,5.47,1.0,30404,174,No,https://boardgamegeek.com/boardgame/10687
17026,Top Dogs,2005,5.05,5.47,1.06,30416,177,No,https://boardgamegeek.com/boardgame/17026
20589,Trivial Pursuit: DVD – Pop Culture 2,2005,5.2,5.47,1.5,30052,169,No,https://boardgamegeek.com/boardgame/20589
39415,Trivial Pursuit: Digital Choice,2008,5.05,5.47,1.25,30073,145,No,https://boardgamegeek.com/boardgame/39415
2957,Trivial Pursuit: The 1980's,1989,5.28,5.47,1.76,30243,247,No,https://boardgamegeek.com/boardgame/2957
9802,Tuchulcha,2004,5.04,5.47,1.74,30153,171,No,https://boardgamegeek.com/boardgame/9802
1706,UFO: Game of Close Encounters,1976,5.1,5.47,1.69,30383,166,No,https://boardgamegeek.com/boardgame/1706
3004,UNO Dice,1987,4.92,5.47,1.12,30226,113,No,https://boardgamegeek.com/boardgame/3004
12623,UWO,2004,5.21,5.47,1.71,30187,236,No,https://boardgamegeek.com/boardgame/12623
1482,Ubi,1986,5.34,5.47,2.23,30084,345,No,https://boardgamegeek.com/boardgame/1482
119316,United Square,2011,5.15,5.47,1.62,30174,176,No,https://boardgamegeek.com/boardgame/119316
10831,Vapor's Gambit,2004,4.8,5.47,1.73,30257,102,No,https://boardgamegeek.com/boardgame/10831
8337,Wapi,2003,4.97,5.47,1.12,30130,121,No,https://boardgamegeek.com/boardgame/8337
33112,War,1972,5.6,5.47,2.39,30224,408,No,https://boardgamegeek.com/boardgame/33112
12199,Warriors: Dragon Hordes Expansion,2004,5.32,5.47,1.42,,286,Yes,https://boardgamegeek.com/boardgame/12199
132203,What Do You Meme?,2012,4.92,5.47,1.0,30355,139,No,https://boardgamegeek.com/boardgame/132203
6800,"Win, Lose or Draw",1987,5.27,5.47,1.05,30209,266,No,https://boardgamegeek.com/boardgame/6800
3584,World War 3: 1976-1984,1975,5.21,5.47,3.25,30347,193,No,https://boardgamegeek.com/boardgame/3584
1514,Yali,1996,5.19,5.47,1.75,30152,201,No,https://boardgamegeek.com/boardgame/1514
20790,You've Been Sentenced!,2005,5.33,5.47,1.41,30006,273,No,https://boardgamegeek.com/boardgame/20790
134777,Zombies!!! Roll Them Bones!,2013,4.63,5.47,1.09,30408,100,No,https://boardgamegeek.com/boardgame/134777
2094,4 First Games,1974,4.87,5.46,1.0,30660,145,No,https://boardgamegeek.com/boardgame/2094
53376,7,2009,4.98,5.46,3.1,30562,156,No,https://boardgamegeek.com/boardgame/53376
1467,Abduction,1998,5.25,5.46,1.46,30532,278,No,https://boardgamegeek.com/boardgame/1467
2707,Alibi,2001,4.83,5.46,1.0,30511,127,No,https://boardgamegeek.com/boardgame/2707
4852,Armada: The War With Spain 1585-1604,1978,5.1,5.46,3.0,30499,210,No,https://boardgamegeek.com/boardgame/4852
12642,Army of Darkness Card Game,2004,5.06,5.46,1.32,30662,217,No,https://boardgamegeek.com/boardgame/12642
54559,Bacchus,2009,4.82,5.46,1.25,30501,105,No,https://boardgamegeek.com/boardgame/54559
34390,Bakugan Battle Brawlers,2006,4.84,5.46,1.15,30644,134,No,https://boardgamegeek.com/boardgame/34390
33020,Bata-Waf,2006,5.09,5.46,1.0,30439,174,No,https://boardgamegeek.com/boardgame/33020
164,"Before I Kill You, Mister Spy...",1996,5.44,5.46,1.26,30433,1263,No,https://boardgamegeek.com/boardgame/164
39342,Bet Your Brain,2008,4.72,5.46,2.18,30671,130,No,https://boardgamegeek.com/boardgame/39342
21702,Big Fish Lil' Fish,2005,4.56,5.46,1.0,30582,113,No,https://boardgamegeek.com/boardgame/21702
1436,Billionaire,1973,5.34,5.46,1.36,30516,316,No,https://boardgamegeek.com/boardgame/1436
38001,Black Stories: Das Spiel,2008,4.72,5.46,1.4,30483,120,No,https://boardgamegeek.com/boardgame/38001
107829,Building an Elder God,2011,4.81,5.46,1.0,30578,124,No,https://boardgamegeek.com/boardgame/107829
3028,By Jove,1983,5.06,5.46,1.22,30440,135,No,https://boardgamegeek.com/boardgame/3028
1190,Continuo,1982,5.3,5.46,1.36,30598,473,No,https://boardgamegeek.com/boardgame/1190
28047,Covert Action,2007,5.14,5.46,1.34,30486,253,No,https://boardgamegeek.com/boardgame/28047
101425,Cucumber,1970,4.59,5.46,1.17,30621,111,No,https://boardgamegeek.com/boardgame/101425
1867,Curse of the Idol,1990,5.39,5.46,1.19,30520,457,No,https://boardgamegeek.com/boardgame/1867
26137,Deal or No Deal: Electronic Game,2006,4.65,5.46,1.17,30517,102,No,https://boardgamegeek.com/boardgame/26137
185,Devil Bunny Needs a Ham,1998,5.39,5.46,1.18,30458,727,No,https://boardgamegeek.com/boardgame/185
67026,Diamoniak,2009,5.24,5.46,1.0,30491,263,No,https://boardgamegeek.com/boardgame/67026
7473,Drag Strip!,1965,4.78,5.46,1.0,30505,108,No,https://boardgamegeek.com/boardgame/7473
4779,Easy Money,1935,5.2,5.46,1.4,30485,223,No,https://boardgamegeek.com/boardgame/4779
4781,Electronic Talking Battleship,1989,5.03,5.46,1.4,30420,183,No,https://boardgamegeek.com/boardgame/4781
5775,Electronic Whac-a-Mole,1999,4.7,5.46,1.0,30493,111,No,https://boardgamegeek.com/boardgame/5775
127798,Express 01,2012,4.93,5.46,2.9,30544,162,No,https://boardgamegeek.com/boardgame/127798
18399,Fan Tan,,5.18,5.46,1.24,30616,330,No,https://boardgamegeek.com/boardgame/18399
130347,Fibber,2012,4.53,5.46,1.0,30660,109,No,https://boardgamegeek.com/boardgame/130347
8964,Funny Bunny,1999,5.44,5.46,1.0,30528,1278,No,https://boardgamegeek.com/boardgame/8964
1972,Game of the Year,1989,4.85,5.46,1.14,30596,128,No,https://boardgamegeek.com/boardgame/1972
89423,Garbage,,4.62,5.46,1.0,30637,109,No,https://boardgamegeek.com/boardgame/89423
22629,Giggle Wiggle,1991,4.74,5.46,1.12,30457,109,No,https://boardgamegeek.com/boardgame/22629
3676,Global Pursuit,1987,5.26,5.46,1.76,30565,290,No,https://boardgamegeek.com/boardgame/3676
2901,GolfMania,1997,5.12,5.46,1.24,30447,239,No,https://boardgamegeek.com/boardgame/2901
5750,Harry Potter and the Sorcerer's Stone: Trivia Game,2000,5.3,5.46,1.4,30605,420,No,https://boardgamegeek.com/boardgame/5750
2367,Haunted Wood,1974,4.7,5.46,1.19,30488,100,No,https://boardgamegeek.com/boardgame/2367
23049,Hedbanz for Kids,,5.34,5.46,1.0,30446,543,No,https://boardgamegeek.com/boardgame/23049
2387,Huggermugger,1989,5.36,5.46,1.63,30640,511,No,https://boardgamegeek.com/boardgame/2387
1428,Image,1971,5.05,5.46,1.7,30632,203,No,https://boardgamegeek.com/boardgame/1428
136609,Jenga BOOM,2012,5.0,5.46,1.0,30587,172,No,https://boardgamegeek.com/boardgame/136609
7462,Jumpin' Monkeys,1991,5.15,5.46,1.07,30608,252,No,https://boardgamegeek.com/boardgame/7462
2206,Jurassic Park Game,1993,5.26,5.46,1.42,30572,262,No,https://boardgamegeek.com/boardgame/2206
13121,Kablamo,2004,5.19,5.46,1.85,30556,312,No,https://boardgamegeek.com/boardgame/13121
89928,LEGO Banana Balance,2011,4.61,5.46,1.11,30629,124,No,https://boardgamegeek.com/boardgame/89928
7400,LEGO Creator,1999,5.26,5.46,1.26,30514,302,No,https://boardgamegeek.com/boardgame/7400
46745,Lava Dragon,2009,5.12,5.46,1.17,30589,283,No,https://boardgamegeek.com/boardgame/46745
35652,Log Jam,2008,5.11,5.46,1.19,30470,242,No,https://boardgamegeek.com/boardgame/35652
5878,Loteria,1887,5.81,5.46,1.14,30453,315,No,https://boardgamegeek.com/boardgame/5878
8127,Lucky Loop,2003,5.32,5.46,1.41,30595,597,No,https://boardgamegeek.com/boardgame/8127
8327,Men At Arms,1990,4.67,5.46,2.27,30619,119,No,https://boardgamegeek.com/boardgame/8327
54239,Mindflex,2009,4.76,5.46,1.38,30424,115,No,https://boardgamegeek.com/boardgame/54239
66213,Monopoly Revolution,2010,5.03,5.46,1.42,30573,188,No,https://boardgamegeek.com/boardgame/66213
15046,Monopoly: Star Wars Saga Edition,2005,5.39,5.46,1.71,30645,459,No,https://boardgamegeek.com/boardgame/15046
7410,Monty Python and the Holy Grail CCG,1996,4.65,5.46,2.56,30510,115,No,https://boardgamegeek.com/boardgame/7410
6387,Mr. Mouth,1976,5.03,5.46,1.0,30673,225,No,https://boardgamegeek.com/boardgame/6387
452,Mummy Rummy,1994,5.09,5.46,1.19,30474,200,No,https://boardgamegeek.com/boardgame/452
7314,Mystery Date,1965,4.73,5.46,1.17,30623,122,No,https://boardgamegeek.com/boardgame/7314
3007,Noteability,1990,4.61,5.46,1.18,30633,121,No,https://boardgamegeek.com/boardgame/3007
33292,Operation,2005,4.45,5.46,1.0,30581,104,No,https://boardgamegeek.com/boardgame/33292
2593,Pass the Pigs,1977,5.51,5.46,1.07,30683,7241,No,https://boardgamegeek.com/boardgame/2593
140840,Personally Incorrect,2013,5.49,5.46,1.0,30552,191,No,https://boardgamegeek.com/boardgame/140840
58698,Pickles to Penguins,2009,4.67,5.46,1.0,30663,139,No,https://boardgamegeek.com/boardgame/58698
31111,Picture Dominoes,,4.73,5.46,1.0,30477,125,No,https://boardgamegeek.com/boardgame/31111
23959,Piranha Panic,2005,5.13,5.46,1.0,30626,190,No,https://boardgamegeek.com/boardgame/23959
24258,Pounce!,2005,4.73,5.46,1.0,30539,115,No,https://boardgamegeek.com/boardgame/24258
107971,QI the Board Game,2011,4.46,5.46,1.2,30638,108,No,https://boardgamegeek.com/boardgame/107971
30393,Quao,2007,5.03,5.46,1.1,30669,228,No,https://boardgamegeek.com/boardgame/30393
2518,Quicksand,1989,4.95,5.46,1.06,30502,160,No,https://boardgamegeek.com/boardgame/2518
12996,Quips,1972,4.88,5.46,1.0,30566,152,No,https://boardgamegeek.com/boardgame/12996
28857,Rail/Road,2007,4.73,5.46,1.21,30460,107,No,https://boardgamegeek.com/boardgame/28857
46586,Ratuki,2009,5.26,5.46,1.11,30476,299,No,https://boardgamegeek.com/boardgame/46586
19027,Redneck Life,2003,5.47,5.46,1.39,30601,643,No,https://boardgamegeek.com/boardgame/19027
14535,SPANC: Space Pirate Amazon Ninja Catgirls,2005,5.37,5.46,1.3,30613,525,No,https://boardgamegeek.com/boardgame/14535
19578,Scene It? Harry Potter,2005,5.37,5.46,1.56,30471,334,No,https://boardgamegeek.com/boardgame/19578
7826,Secrets of the Tombs,2003,4.98,5.46,1.73,30536,193,No,https://boardgamegeek.com/boardgame/7826
3606,Shakespeare,1966,4.73,5.46,1.71,30472,109,No,https://boardgamegeek.com/boardgame/3606
33964,Shokoba,2007,5.05,5.46,1.17,30677,208,No,https://boardgamegeek.com/boardgame/33964
27389,Smart Ass,2006,5.47,5.46,1.29,30594,1673,No,https://boardgamegeek.com/boardgame/27389
131199,Soluna,2012,5.15,5.46,1.17,30668,292,No,https://boardgamegeek.com/boardgame/131199
31936,Sorry! Express,2007,4.61,5.46,1.0,30670,118,No,https://boardgamegeek.com/boardgame/31936
5260,Star Wars: Jedi Knights CCG,2001,4.8,5.46,2.0,30622,142,No,https://boardgamegeek.com/boardgame/5260
19990,SuDoku: Das Brettspiel,2005,4.74,5.46,1.25,30649,140,No,https://boardgamegeek.com/boardgame/19990
31117,Sudoku Moyo,2007,4.65,5.46,1.91,30620,115,No,https://boardgamegeek.com/boardgame/31117
2421,Tell Me: The Grand Quiz Game,1933,5.21,5.46,1.15,30531,404,No,https://boardgamegeek.com/boardgame/2421
1556,Tenjo,2001,5.04,5.46,3.63,30530,202,No,https://boardgamegeek.com/boardgame/1556
2841,Tennis,1975,4.8,5.46,1.08,30590,134,No,https://boardgamegeek.com/boardgame/2841
107733,The Big Bang Theory: The Party Game,2012,5.18,5.46,1.0,30470,214,No,https://boardgamegeek.com/boardgame/107733
23181,The Da Vinci Code Board Game: The Quest for the Truth,2006,5.16,5.46,1.95,30650,291,No,https://boardgamegeek.com/boardgame/23181
88691,The Game of Life: Adventures Card Game,2010,5.2,5.46,1.1,30508,266,No,https://boardgamegeek.com/boardgame/88691
13703,The Game of Life: Pirates of the Caribbean,2004,5.09,5.46,1.17,30526,190,No,https://boardgamegeek.com/boardgame/13703
1958,The Game of Nations,1973,5.24,5.46,2.17,30509,290,No,https://boardgamegeek.com/boardgame/1958
5248,The Lord of the Rings Tarot Deck and Card Game,1997,4.74,5.46,1.38,30503,125,No,https://boardgamegeek.com/boardgame/5248
9091,The Newlywed Game,1967,4.81,5.46,1.38,30593,148,No,https://boardgamegeek.com/boardgame/9091
7612,The Simpsons Board Game,2000,4.49,5.46,1.17,30579,101,No,https://boardgamegeek.com/boardgame/7612
1731,Tintin,1985,4.75,5.46,1.11,30429,124,No,https://boardgamegeek.com/boardgame/1731
3758,Triopoly,1997,5.18,5.46,1.87,30648,261,No,https://boardgamegeek.com/boardgame/3758
15268,Trivial Pursuit: Book Lover's Edition,2004,4.61,5.46,2.5,30489,110,No,https://boardgamegeek.com/boardgame/15268
7927,Trivial Pursuit: Junior,1992,4.97,5.46,1.12,30554,177,No,https://boardgamegeek.com/boardgame/7927
3048,Trivial Pursuit: Millennium Edition,1999,5.34,5.46,1.49,30654,596,No,https://boardgamegeek.com/boardgame/3048
12826,Tumblin' Monkeys,1999,5.5,5.46,1.0,30682,983,No,https://boardgamegeek.com/boardgame/12826
10925,Tumbling Tower,1999,5.14,5.46,1.08,30610,236,No,https://boardgamegeek.com/boardgame/10925
66198,U-Build Monopoly,2010,5.3,5.46,1.78,30606,445,No,https://boardgamegeek.com/boardgame/66198
2297,U.S. Patent No. 1,2001,5.23,5.46,1.57,30441,295,No,https://boardgamegeek.com/boardgame/2297
2818,UNO Attack!,1999,5.53,5.46,1.21,30618,1960,No,https://boardgamegeek.com/boardgame/2818
3839,UNO Dominos,1986,4.87,5.46,1.44,30496,124,No,https://boardgamegeek.com/boardgame/3839
120906,Velociraptor! Cannibalism!,2013,5.19,5.46,1.67,30430,181,No,https://boardgamegeek.com/boardgame/120906
1001,Vendetta,1988,5.16,5.46,1.28,30538,246,No,https://boardgamegeek.com/boardgame/1001
136249,Voodoo Mania,2013,5.16,5.46,1.27,30676,269,No,https://boardgamegeek.com/boardgame/136249
12822,Weltreise,1930,5.01,5.46,1.11,30449,176,No,https://boardgamegeek.com/boardgame/12822
1826,Whatzit?,1987,5.19,5.46,1.59,30480,309,No,https://boardgamegeek.com/boardgame/1826
47082,"Win, Lose, or Banana",2009,5.42,5.46,1.09,30675,943,No,https://boardgamegeek.com/boardgame/47082
2166,Wyvern,1994,5.34,5.46,2.2,30611,431,No,https://boardgamegeek.com/boardgame/2166
4470,Xanth,1991,5.02,5.46,1.6,30604,178,No,https://boardgamegeek.com/boardgame/4470
64875,Yahtzee Hands Down Card Game,2009,5.15,5.46,1.11,30487,227,No,https://boardgamegeek.com/boardgame/64875
15111,Yahtzee: Texas Hold'em,2004,5.23,5.46,1.52,30448,302,No,https://boardgamegeek.com/boardgame/15111
22019,ZombieTown,2007,5.3,5.46,2.15,30651,441,No,https://boardgamegeek.com/boardgame/22019
1749,Alien Hotshots,1998,4.71,5.45,1.12,30725,136,No,https://boardgamegeek.com/boardgame/1749
129368,Amber,2012,5.14,5.45,1.68,30742,254,No,https://boardgamegeek.com/boardgame/129368
3484,Armada,1986,5.22,5.45,2.17,30735,378,No,https://boardgamegeek.com/boardgame/3484
2431,Bargain Hunter,1981,4.83,5.45,1.21,30841,186,No,https://boardgamegeek.com/boardgame/2431
17062,Batman Begins: Shadow Assault,2005,4.47,5.45,1.4,30788,108,No,https://boardgamegeek.com/boardgame/17062
30485,Big Brain Academy Boardgame,2007,4.7,5.45,1.56,30791,152,No,https://boardgamegeek.com/boardgame/30485
43171,Black Stories Junior: White Stories,2009,4.86,5.45,1.0,30803,176,No,https://boardgamegeek.com/boardgame/43171
10506,Blue Marble,1982,4.47,5.45,1.58,30815,140,No,https://boardgamegeek.com/boardgame/10506
28010,Camp,2007,4.91,5.45,1.33,30830,186,No,https://boardgamegeek.com/boardgame/28010
9704,Cat-opoly,,4.66,5.45,1.4,30745,131,No,https://boardgamegeek.com/boardgame/9704
53804,Cir*Kis,2009,5.24,5.45,1.61,30723,370,No,https://boardgamegeek.com/boardgame/53804
1510,Class Struggle,1978,5.22,5.45,1.62,30823,230,No,https://boardgamegeek.com/boardgame/1510
5591,Clue Jr.: The Case of the Hidden Toys,1996,4.67,5.45,1.18,30727,147,No,https://boardgamegeek.com/boardgame/5591
9852,Clue Jr.: The Case of the Missing Cake,2003,5.34,5.45,1.22,30708,667,No,https://boardgamegeek.com/boardgame/9852
6420,Cranium Cadoo,2001,5.31,5.45,1.18,30810,687,No,https://boardgamegeek.com/boardgame/6420
1377,Danger,2001,4.43,5.45,1.12,30812,118,No,https://boardgamegeek.com/boardgame/1377
31,Dark World,1991,5.44,5.45,1.9,30738,892,No,https://boardgamegeek.com/boardgame/31
9079,Das kaufmännische Talent,1936,4.89,5.45,1.33,30734,166,No,https://boardgamegeek.com/boardgame/9079
2817,Delta V,2001,4.97,5.45,1.6,30800,237,No,https://boardgamegeek.com/boardgame/2817
2717,Der Herr der Ringe: Die Gefährten,2001,4.78,5.45,1.55,30715,171,No,https://boardgamegeek.com/boardgame/2717
1073,Der Schatz der Inka,1987,5.14,5.45,1.25,30811,341,No,https://boardgamegeek.com/boardgame/1073
25097,Die Maus: Mausefalle,1980,4.79,5.45,1.0,30698,164,No,https://boardgamegeek.com/boardgame/25097
4126,"Dixie: The Second War Between the States, 1937",1976,4.63,5.45,2.39,30827,143,No,https://boardgamegeek.com/boardgame/4126
102859,FURT,2011,4.86,5.45,1.17,30749,178,No,https://boardgamegeek.com/boardgame/102859
14538,Fei Xing Qi,,4.6,5.45,1.5,30842,126,No,https://boardgamegeek.com/boardgame/14538
6614,Finans,1954,5.17,5.45,2.06,30809,308,No,https://boardgamegeek.com/boardgame/6614
2294,Flinch,1903,5.27,5.45,1.16,30737,517,No,https://boardgamegeek.com/boardgame/2294
13271,Frantic Frankfurt,2004,4.93,5.45,1.21,30785,216,No,https://boardgamegeek.com/boardgame/13271
5232,Gnip Gnop,1971,4.76,5.45,1.05,30836,172,No,https://boardgamegeek.com/boardgame/5232
57215,Googly Eyes,2008,4.85,5.45,1.2,30755,171,No,https://boardgamegeek.com/boardgame/57215
19508,Igels: Das Kartenspiel,2005,5.0,5.45,1.71,30765,239,No,https://boardgamegeek.com/boardgame/19508
8916,Jenga: Truth or Dare,2000,5.09,5.45,1.0,30750,241,No,https://boardgamegeek.com/boardgame/8916
94891,Kabaleo,2011,5.28,5.45,1.35,30689,426,No,https://boardgamegeek.com/boardgame/94891
28224,Kill the Hippies,2007,4.82,5.45,1.21,30711,139,No,https://boardgamegeek.com/boardgame/28224
10043,LEGO Racers Super Speedway Game,2001,4.55,5.45,1.17,30751,126,No,https://boardgamegeek.com/boardgame/10043
66459,Mad Zeppelin,2010,5.15,5.45,1.92,30719,342,No,https://boardgamegeek.com/boardgame/66459
2322,Malefiz,1960,5.45,5.45,1.19,30817,1480,No,https://boardgamegeek.com/boardgame/2322
752,Maul of America,1998,4.69,5.45,1.46,30685,121,No,https://boardgamegeek.com/boardgame/752
19811,Mix-Max,1972,4.89,5.45,1.0,30835,203,No,https://boardgamegeek.com/boardgame/19811
130240,Monopoly Millionaire,2012,5.16,5.45,1.75,30817,382,No,https://boardgamegeek.com/boardgame/130240
6532,Monopoly: Australian Edition,1978,4.52,5.45,1.62,30776,115,No,https://boardgamegeek.com/boardgame/6532
21123,Monopoly: Disney/Pixar,2005,4.84,5.45,1.56,30692,151,No,https://boardgamegeek.com/boardgame/21123
26205,Monopoly: Euro,2000,5.16,5.45,1.7,30796,333,No,https://boardgamegeek.com/boardgame/26205
8104,Monopoly: European Edition,1991,5.06,5.45,1.38,30778,205,No,https://boardgamegeek.com/boardgame/8104
8658,Monopoly: French,1982,4.46,5.45,1.75,30801,120,No,https://boardgamegeek.com/boardgame/8658
5472,Monopoly: Millennium,2000,5.27,5.45,1.57,30705,352,No,https://boardgamegeek.com/boardgame/5472
8598,Monopoly: Star Trek The Next Generation,1998,4.84,5.45,1.89,30753,142,No,https://boardgamegeek.com/boardgame/8598
2929,Monopoly: The .com Edition,2000,5.0,5.45,1.33,30706,173,No,https://boardgamegeek.com/boardgame/2929
37382,Monopoly: Wonder of The World,2003,4.82,5.45,1.22,30752,167,No,https://boardgamegeek.com/boardgame/37382
27837,Nichtlustig,2007,5.18,5.45,1.28,30703,373,No,https://boardgamegeek.com/boardgame/27837
9392,Nya Finans,1965,4.86,5.45,1.8,30789,173,No,https://boardgamegeek.com/boardgame/9392
281,Ostindiska kompaniet,1991,4.72,5.45,2.5,30784,176,No,https://boardgamegeek.com/boardgame/281
37000,Partini,2008,5.17,5.45,1.33,30690,315,No,https://boardgamegeek.com/boardgame/37000
3482,Past Lives,1988,4.51,5.45,1.44,30764,110,No,https://boardgamegeek.com/boardgame/3482
5784,Polterdice,2003,4.61,5.45,1.33,30707,124,No,https://boardgamegeek.com/boardgame/5784
69676,Questions de Merde,2009,4.3,5.45,1.0,30807,114,No,https://boardgamegeek.com/boardgame/69676
2312,Ringgeister,1992,5.03,5.45,2.07,30686,226,No,https://boardgamegeek.com/boardgame/2312
101335,Scrabble DASH,2009,4.67,5.45,1.0,30828,158,No,https://boardgamegeek.com/boardgame/101335
2356,Scrabble Sentence Cube Game,1971,4.81,5.45,1.18,30763,153,No,https://boardgamegeek.com/boardgame/2356
36745,Simply Ingenious,2008,5.31,5.45,1.15,30825,607,No,https://boardgamegeek.com/boardgame/36745
3820,Star Fleet Missions,1992,4.66,5.45,1.21,30838,149,No,https://boardgamegeek.com/boardgame/3820
1256,Star Wars Episode I: Customizable Card Game,1999,4.76,5.45,1.33,30700,156,No,https://boardgamegeek.com/boardgame/1256
64610,Star Wars R2-D2 is in Trouble,2009,4.72,5.45,1.0,30714,139,No,https://boardgamegeek.com/boardgame/64610
8121,Stargate SG-1,2004,4.48,5.45,1.93,30699,107,No,https://boardgamegeek.com/boardgame/8121
101988,Storm the Castle!,2013,4.74,5.45,3.36,30724,148,No,https://boardgamegeek.com/boardgame/101988
5960,Strike Force One: The Cold War Heats Up – 1975,1975,4.98,5.45,1.19,30747,213,No,https://boardgamegeek.com/boardgame/5960
16807,Swipe,2004,4.83,5.45,1.08,30816,189,No,https://boardgamegeek.com/boardgame/16807
3320,The Game of Life: A Jedi's Path,2002,5.35,5.45,1.36,30759,518,No,https://boardgamegeek.com/boardgame/3320
118339,The Hunger Games: District 12 Strategy Game,2012,5.18,5.45,1.71,30780,305,No,https://boardgamegeek.com/boardgame/118339
15505,The Last Straw,,5.01,5.45,1.0,30824,255,No,https://boardgamegeek.com/boardgame/15505
7327,The Lion King,1993,4.49,5.45,1.0,30691,106,No,https://boardgamegeek.com/boardgame/7327
36973,The Office DVD Board Game,2008,4.55,5.45,1.0,30773,108,No,https://boardgamegeek.com/boardgame/36973
2887,The Yeti Slalom,2001,4.85,5.45,1.31,30746,186,No,https://boardgamegeek.com/boardgame/2887
4355,Therapy,1986,5.39,5.45,1.42,30716,847,No,https://boardgamegeek.com/boardgame/4355
36229,Toboggans of Doom,2008,4.59,5.45,1.2,30756,127,No,https://boardgamegeek.com/boardgame/36229
5916,Trivial Pursuit: All Star Sports Edition,1983,4.55,5.45,2.33,,135,Yes,https://boardgamegeek.com/boardgame/5916
28018,Trivial Pursuit: Disney Edition,2005,5.24,5.45,1.54,30720,350,No,https://boardgamegeek.com/boardgame/28018
13782,Trivial Pursuit: SNL DVD Edition,2003,4.54,5.45,2.12,30798,145,No,https://boardgamegeek.com/boardgame/13782
24376,Trivial Pursuit: Totally 80s Edition,2005,5.22,5.45,1.56,30688,316,No,https://boardgamegeek.com/boardgame/24376
116593,UNO Dice Game,2011,5.02,5.45,1.0,30800,210,No,https://boardgamegeek.com/boardgame/116593
8009,Where in the World is Carmen Sandiego?,1992,4.8,5.45,1.4,30781,162,No,https://boardgamegeek.com/boardgame/8009
1362,Wit's End,1995,5.18,5.45,1.85,30792,378,No,https://boardgamegeek.com/boardgame/1362
12616,Zingo!,2002,5.39,5.45,1.03,30718,673,No,https://boardgamegeek.com/boardgame/12616
8958,kuuduk,2003,4.89,5.45,1.35,30820,183,No,https://boardgamegeek.com/boardgame/8958
14191,¥€$,2004,4.72,5.45,1.53,30840,161,No,https://boardgamegeek.com/boardgame/14191
16387,3D Tic Tac Toe,1953,4.35,5.44,1.18,30887,131,No,https://boardgamegeek.com/boardgame/16387
86073,5 Second Rule,2010,5.49,5.44,1.1,30902,3004,No,https://boardgamegeek.com/boardgame/86073
2275,Airlines,1998,4.68,5.44,2.06,30869,176,No,https://boardgamegeek.com/boardgame/2275
103261,Awkward Family Photos,2011,4.71,5.44,1.11,30923,191,No,https://boardgamegeek.com/boardgame/103261
28905,Betting on Horses,1983,5.14,5.44,1.72,30856,292,No,https://boardgamegeek.com/boardgame/28905
11778,Cat & Mouse,2001,4.9,5.44,1.06,30882,232,No,https://boardgamegeek.com/boardgame/11778
3696,Channel Surfing,1994,4.23,5.44,1.36,30908,132,No,https://boardgamegeek.com/boardgame/3696
15832,Cheat,,5.21,5.44,1.12,30916,445,No,https://boardgamegeek.com/boardgame/15832
2234,Chez Dork,2001,5.29,5.44,1.3,30863,513,No,https://boardgamegeek.com/boardgame/2234
8031,Citadel Combat Cards,1988,4.5,5.44,1.05,30929,155,No,https://boardgamegeek.com/boardgame/8031
70329,Conan: el juego de cartas,2011,4.21,5.44,1.57,30857,102,No,https://boardgamegeek.com/boardgame/70329
1308,Confusion,2000,5.26,5.44,1.22,30880,711,No,https://boardgamegeek.com/boardgame/1308
11618,Cranium Zigity,2004,5.35,5.44,1.09,30884,1022,No,https://boardgamegeek.com/boardgame/11618
2242,Creatures & Cultists,1993,5.05,5.44,1.77,30888,360,No,https://boardgamegeek.com/boardgame/2242
18750,Dragonriders,2005,5.03,5.44,1.64,30900,363,No,https://boardgamegeek.com/boardgame/18750
16232,Flying Hats,1890,4.67,5.44,1.0,30859,159,No,https://boardgamegeek.com/boardgame/16232
1613,Ghost Castle,1970,5.46,5.44,1.11,30870,1555,No,https://boardgamegeek.com/boardgame/1613
37305,Halo Interactive Strategy Game,2008,5.06,5.44,2.08,30867,256,No,https://boardgamegeek.com/boardgame/37305
7709,Hands Down,1964,4.72,5.44,1.06,30861,177,No,https://boardgamegeek.com/boardgame/7709
1855,Hedbanz for Adults!,1991,5.38,5.44,1.08,30913,1238,No,https://boardgamegeek.com/boardgame/1855
15804,Hidden Conflict,2005,4.3,5.44,1.73,30919,126,No,https://boardgamegeek.com/boardgame/15804
4376,Kings in the Corner,1996,5.27,5.44,1.12,30901,630,No,https://boardgamegeek.com/boardgame/4376
3344,Lone Wolf and Cub Game,1989,4.36,5.44,1.77,30920,148,No,https://boardgamegeek.com/boardgame/3344
1326,MacGregor,1998,4.98,5.44,1.13,30899,300,No,https://boardgamegeek.com/boardgame/1326
1902,Mad Scientist,2000,4.18,5.44,1.36,30864,109,No,https://boardgamegeek.com/boardgame/1902
6521,Magdar,2003,5.21,5.44,1.35,30876,559,No,https://boardgamegeek.com/boardgame/6521
7422,Mid-Life Crisis,1982,4.06,5.44,1.18,30924,106,No,https://boardgamegeek.com/boardgame/7422
29505,Monopoly: Banking,2005,4.51,5.44,1.25,30906,151,No,https://boardgamegeek.com/boardgame/29505
8041,Monopoly: The Lord of the Rings Trilogy Edition,2003,5.42,5.44,1.57,30896,1001,No,https://boardgamegeek.com/boardgame/8041
19409,Mouse Chaos,2003,4.76,5.44,1.64,30914,207,No,https://boardgamegeek.com/boardgame/19409
23946,Na Sygnale,2006,4.54,5.44,1.52,30849,141,No,https://boardgamegeek.com/boardgame/23946
1439,Penguin Pile-Up,1996,5.32,5.44,1.06,30871,661,No,https://boardgamegeek.com/boardgame/1439
2578,Phase 10 Dice,1993,5.39,5.44,1.18,30852,1189,No,https://boardgamegeek.com/boardgame/2578
42968,Pressure Matrix,2010,4.5,5.44,2.45,30850,133,No,https://boardgamegeek.com/boardgame/42968
10613,Race to the Roof,1974,4.65,5.44,1.0,30910,164,No,https://boardgamegeek.com/boardgame/10613
8432,Sorry! The Disney Edition,2001,4.9,5.44,1.0,30905,234,No,https://boardgamegeek.com/boardgame/8432
141035,Space Sheep!,2013,5.01,5.44,1.92,30918,304,No,https://boardgamegeek.com/boardgame/141035
1647,Spammers,1998,4.15,5.44,2.0,30874,108,No,https://boardgamegeek.com/boardgame/1647
3549,Superpower,1986,4.33,5.44,2.09,30926,141,No,https://boardgamegeek.com/boardgame/3549
4062,Swap!,2000,5.02,5.44,1.19,30858,294,No,https://boardgamegeek.com/boardgame/4062
93522,Tetris: The Card Game,2011,4.5,5.44,1.0,30925,154,No,https://boardgamegeek.com/boardgame/93522
17965,The Game of Life: Spongebob Squarepants Edition,2004,4.73,5.44,1.56,30868,164,No,https://boardgamegeek.com/boardgame/17965
5824,The Kids of Catan,2003,5.27,5.44,1.06,30898,739,No,https://boardgamegeek.com/boardgame/5824
7720,The Prince: The Struggle of House Borgia,2003,5.02,5.44,2.37,30922,293,No,https://boardgamegeek.com/boardgame/7720
6764,The Six Million Dollar Man,1975,4.47,5.44,1.38,30847,125,No,https://boardgamegeek.com/boardgame/6764
125083,Things They Don't Teach You in School,2010,4.16,5.44,1.0,30845,101,No,https://boardgamegeek.com/boardgame/125083
5659,Trivial Pursuit: Baby Boomer Edition,1983,5.19,5.44,2.0,,400,Yes,https://boardgamegeek.com/boardgame/5659
3529,Vampire Hunter,2002,5.26,5.44,1.29,30854,486,No,https://boardgamegeek.com/boardgame/3529
27826,What's Yours Like?,2007,5.14,5.44,1.12,30886,433,No,https://boardgamegeek.com/boardgame/27826
1837,Word Yahtzee,1978,5.09,5.44,1.63,30895,354,No,https://boardgamegeek.com/boardgame/1837
13356,Yes! No! Game,1994,3.94,5.44,1.0,30893,104,No,https://boardgamegeek.com/boardgame/13356
9516,Adverteasing,1988,4.33,5.43,1.33,30961,150,No,https://boardgamegeek.com/boardgame/9516
137336,Archer: The Danger Zone! Board Game,2014,4.75,5.43,1.4,30947,219,No,https://boardgamegeek.com/boardgame/137336
32670,Barista,2007,4.23,5.43,1.11,30943,115,No,https://boardgamegeek.com/boardgame/32670
13508,Boggle Jr.,1988,4.47,5.43,1.31,30932,161,No,https://boardgamegeek.com/boardgame/13508
95710,Bop It!,1996,5.09,5.43,1.0,30933,358,No,https://boardgamegeek.com/boardgame/95710
13373,Choco,1977,4.5,5.43,1.0,30946,154,No,https://boardgamegeek.com/boardgame/13373
10815,Craps,1125,5.01,5.43,1.8,30962,334,No,https://boardgamegeek.com/boardgame/10815
84730,Doggie Doo,2010,4.63,5.43,1.0,30989,201,No,https://boardgamegeek.com/boardgame/84730
128185,Don't Rock the Boat,2012,5.02,5.43,1.09,30939,318,No,https://boardgamegeek.com/boardgame/128185
13285,Dungeonville,2004,4.89,5.43,1.39,30976,310,No,https://boardgamegeek.com/boardgame/13285
2484,Explore Europe,1954,5.16,5.43,1.37,30979,464,No,https://boardgamegeek.com/boardgame/2484
4694,Friends Trivia Game,2002,4.42,5.43,1.58,30947,167,No,https://boardgamegeek.com/boardgame/4694
2485,Game of the States,1940,4.77,5.43,1.39,30968,223,No,https://boardgamegeek.com/boardgame/2485
3736,Gooey Louie,1995,4.14,5.43,1.0,30941,117,No,https://boardgamegeek.com/boardgame/3736
4476,Hot Potato,1988,4.53,5.43,1.0,30952,165,No,https://boardgamegeek.com/boardgame/4476
5253,Jack Straws,1888,4.75,5.43,1.0,30951,202,No,https://boardgamegeek.com/boardgame/5253
2740,Jumbo Jet,1975,4.96,5.43,1.54,30983,301,No,https://boardgamegeek.com/boardgame/2740
46747,Magikus,2009,4.67,5.43,1.0,30987,211,No,https://boardgamegeek.com/boardgame/46747
786,Maxi Bour$e,1987,4.48,5.43,2.14,30957,159,No,https://boardgamegeek.com/boardgame/786
40347,Monopoly: Here and Now – The World Edition,2008,5.13,5.43,1.65,30948,381,No,https://boardgamegeek.com/boardgame/40347
5758,Monopoly: Pokémon,1995,5.43,5.43,1.91,30991,748,No,https://boardgamegeek.com/boardgame/5758
5029,Monopoly: Star Wars Episode I,1999,5.26,5.43,1.84,30973,618,No,https://boardgamegeek.com/boardgame/5029
101420,Ninety-Nine,,4.73,5.43,1.25,30992,245,No,https://boardgamegeek.com/boardgame/101420
23694,Pirates of the Caribbean DVD Treasure Hunt,2006,4.83,5.43,1.22,30939,215,No,https://boardgamegeek.com/boardgame/23694
133425,Quartett,,4.5,5.43,1.0,30996,183,No,https://boardgamegeek.com/boardgame/133425
46744,Race 3000,2009,4.71,5.43,1.11,30963,215,No,https://boardgamegeek.com/boardgame/46744
46748,Robo Champ,2009,4.56,5.43,1.08,30980,196,No,https://boardgamegeek.com/boardgame/46748
136143,Squillo,2012,4.84,5.43,1.75,30986,277,No,https://boardgamegeek.com/boardgame/136143
3702,Topple,1983,5.18,5.43,1.23,30981,552,No,https://boardgamegeek.com/boardgame/3702
4040,Tri-Ominos,1965,5.44,5.43,1.37,30978,3432,No,https://boardgamegeek.com/boardgame/4040
27960,Wizardology: The Game,2007,4.66,5.43,1.11,30956,168,No,https://boardgamegeek.com/boardgame/27960
4110,X-Men Trading Card Game,2000,4.08,5.43,1.44,30985,128,No,https://boardgamegeek.com/boardgame/4110
19560,Zathura: Adventure Is Waiting,2005,4.57,5.43,1.08,30949,157,No,https://boardgamegeek.com/boardgame/19560
2482,Zaxxon,1982,4.45,5.43,1.18,30935,155,No,https://boardgamegeek.com/boardgame/2482
118955,Zombie! Run for Your Lives!,2012,4.5,5.43,1.14,30966,170,No,https://boardgamegeek.com/boardgame/118955
39564,ego,2007,5.27,5.43,1.0,30931,734,No,https://boardgamegeek.com/boardgame/39564
12422,All Wound Up,2004,4.89,5.42,1.28,31027,320,No,https://boardgamegeek.com/boardgame/12422
27190,Battleships,1931,4.75,5.42,1.0,31040,280,No,https://boardgamegeek.com/boardgame/27190
6749,Busen Memo,2001,4.85,5.42,1.41,31017,307,No,https://boardgamegeek.com/boardgame/6749
65262,Connect 4 (Revised Edition),2008,5.27,5.42,1.32,31007,830,No,https://boardgamegeek.com/boardgame/65262
94481,Count Your Chickens!,2010,4.78,5.42,1.0,30996,255,No,https://boardgamegeek.com/boardgame/94481
3122,Doctor Who Collectible Card Game,1996,3.6,5.42,1.78,31008,103,No,https://boardgamegeek.com/boardgame/3122
12746,Dreidel,1500,3.92,5.42,1.0,31039,136,No,https://boardgamegeek.com/boardgame/12746
7584,Electric Football,1948,4.88,5.42,1.43,31014,251,No,https://boardgamegeek.com/boardgame/7584
128565,Evil Baby Orphanage,2012,5.24,5.42,1.48,31044,671,No,https://boardgamegeek.com/boardgame/128565
9812,Gone Fishin',1890,4.18,5.42,1.0,31001,149,No,https://boardgamegeek.com/boardgame/9812
698,Gother Than Thou,2000,4.61,5.42,1.15,31003,212,No,https://boardgamegeek.com/boardgame/698
9666,Greed Quest,2004,4.62,5.42,1.15,31019,244,No,https://boardgamegeek.com/boardgame/9666
9921,Headache,1968,4.44,5.42,1.08,31010,171,No,https://boardgamegeek.com/boardgame/9921
8983,I.Q. 2000,1984,4.96,5.42,1.56,31005,396,No,https://boardgamegeek.com/boardgame/8983
36783,Jishaku,2008,5.06,5.42,1.04,31000,474,No,https://boardgamegeek.com/boardgame/36783
24000,Monopoly: Nintendo Collector's Edition,2006,4.93,5.42,1.69,31002,301,No,https://boardgamegeek.com/boardgame/24000
3886,Nine Men's Morris,-1400,5.39,5.42,1.76,31025,1939,No,https://boardgamegeek.com/boardgame/3886
6090,Pack of Flies,2003,4.92,5.42,1.12,30997,341,No,https://boardgamegeek.com/boardgame/6090
15064,Pimp: The Backhanding,2005,5.18,5.42,1.36,31020,540,No,https://boardgamegeek.com/boardgame/15064
8784,Po-Ke-No,1930,4.7,5.42,1.04,31024,240,No,https://boardgamegeek.com/boardgame/8784
2573,"Rivers, Roads & Rails",1969,5.19,5.42,1.15,31015,663,No,https://boardgamegeek.com/boardgame/2573
6284,Shark Attack!,1988,4.8,5.42,1.0,31036,285,No,https://boardgamegeek.com/boardgame/6284
4229,Spellfire,1994,5.31,5.42,2.04,31030,652,No,https://boardgamegeek.com/boardgame/4229
137550,Story War,2013,4.98,5.42,1.35,31015,323,No,https://boardgamegeek.com/boardgame/137550
9464,Teenage Mutant Ninja Turtles: Pizza Power Game,1987,4.8,5.42,1.3,31016,265,No,https://boardgamegeek.com/boardgame/9464
12545,The Game of Life: The Simpsons Edition,2004,5.13,5.42,1.24,31009,444,No,https://boardgamegeek.com/boardgame/12545
14076,The Ladybug Game,2004,4.49,5.42,1.05,31022,196,No,https://boardgamegeek.com/boardgame/14076
1217,The Secret Labyrinth,1998,4.83,5.42,1.39,30998,288,No,https://boardgamegeek.com/boardgame/1217
5129,The Simpsons: LOSER Takes All!,2001,3.98,5.42,1.33,31013,127,No,https://boardgamegeek.com/boardgame/5129
12063,There's a Moose in the House,2004,5.28,5.42,1.03,31028,970,No,https://boardgamegeek.com/boardgame/12063
1170,Trick 'r Treat,1998,4.5,5.42,1.09,31021,202,No,https://boardgamegeek.com/boardgame/1170
2000,True or False,1994,4.23,5.42,1.5,31004,154,No,https://boardgamegeek.com/boardgame/2000
2130,Young Jedi: Collectible Card Game,1999,5.04,5.42,1.64,31033,375,No,https://boardgamegeek.com/boardgame/2130
5788,Battle of the Sexes Card Game,2001,3.47,5.41,1.09,31083,115,No,https://boardgamegeek.com/boardgame/5788
8486,Bed Bugs,1985,4.54,5.41,1.06,31047,219,No,https://boardgamegeek.com/boardgame/8486
6668,Bibleopoly,1991,3.69,5.41,1.36,31051,127,No,https://boardgamegeek.com/boardgame/6668
6201,Dante's Inferno,2003,4.73,5.41,1.97,31071,307,No,https://boardgamegeek.com/boardgame/6201
1817,Devil Bunny Hates the Earth,2001,4.86,5.41,1.22,31046,304,No,https://boardgamegeek.com/boardgame/1817
5457,Dread Pirate,2002,5.32,5.41,1.45,31076,1065,No,https://boardgamegeek.com/boardgame/5457
2086,Elfer raus!,1925,5.26,5.41,1.09,31060,918,No,https://boardgamegeek.com/boardgame/2086
28718,Kanji Battle,2007,4.4,5.41,1.42,31058,200,No,https://boardgamegeek.com/boardgame/28718
3602,Kriegspiel,1970,4.91,5.41,1.89,31062,320,No,https://boardgamegeek.com/boardgame/3602
3515,"Men Are from Mars, Women Are from Venus",1998,3.96,5.41,1.33,31061,145,No,https://boardgamegeek.com/boardgame/3515
8633,Monopoly: Disney,2001,5.25,5.41,1.86,31043,694,No,https://boardgamegeek.com/boardgame/8633
1147,Outrage! Steal the Crown Jewels,1992,4.96,5.41,1.9,31049,343,No,https://boardgamegeek.com/boardgame/1147
5650,Pass-out,1962,3.76,5.41,1.1,31078,127,No,https://boardgamegeek.com/boardgame/5650
21239,Rocketville,2006,5.09,5.41,1.58,31044,591,No,https://boardgamegeek.com/boardgame/21239
4587,Roller Coaster Hippo,1988,4.86,5.41,1.19,31068,353,No,https://boardgamegeek.com/boardgame/4587
4165,Spare Time Bowling,1940,3.98,5.41,1.08,31075,148,No,https://boardgamegeek.com/boardgame/4165
1692,Spoons,1972,5.2,5.41,1.08,31070,721,No,https://boardgamegeek.com/boardgame/1692
3419,Star Trek: The Game,1992,4.38,5.41,2.21,31048,187,No,https://boardgamegeek.com/boardgame/3419
3285,Star Wars: Jedi Unleashed,2002,4.87,5.41,1.43,31055,344,No,https://boardgamegeek.com/boardgame/3285
115793,The Big Bang Theory: Fact or Fiction Game,2011,4.36,5.41,1.22,31082,202,No,https://boardgamegeek.com/boardgame/115793
2980,The Simpsons Trivia Game,2000,4.57,5.41,1.33,31073,265,No,https://boardgamegeek.com/boardgame/2980
29653,The Very Hungry Caterpillar Game,2006,3.78,5.41,1.0,31064,132,No,https://boardgamegeek.com/boardgame/29653
6898,Toss Across,1969,4.45,5.41,1.0,31080,216,No,https://boardgamegeek.com/boardgame/6898
1730,Trap the Cap,1927,4.96,5.41,1.09,31045,423,No,https://boardgamegeek.com/boardgame/1730
1962,Tribond,1989,5.29,5.41,1.36,31081,1342,No,https://boardgamegeek.com/boardgame/1962
13945,Trivial Pursuit: 90's Time Capsule Edition,2004,5.21,5.41,1.4,31065,803,No,https://boardgamegeek.com/boardgame/13945
8039,Trivial Pursuit: DVD – Pop Culture Game,2003,4.98,5.41,1.6,31069,450,No,https://boardgamegeek.com/boardgame/8039
17451,Wench,2005,4.5,5.41,1.26,31067,226,No,https://boardgamegeek.com/boardgame/17451
3845,Yahtzee Jr.,1988,5.04,5.41,1.09,31082,533,No,https://boardgamegeek.com/boardgame/3845
24224,Anasazi: Lost Pueblos of the Ancients,2006,4.93,5.4,1.79,31093,476,No,https://boardgamegeek.com/boardgame/24224
7822,Buffy the Vampire Slayer: The Board Game,2000,3.95,5.4,1.82,31090,164,No,https://boardgamegeek.com/boardgame/7822
18041,Bunco Party,2004,3.73,5.4,1.22,31099,141,No,https://boardgamegeek.com/boardgame/18041
5122,Charades,1550,5.12,5.4,1.1,31094,680,No,https://boardgamegeek.com/boardgame/5122
5367,Chomp!,2000,4.71,5.4,1.04,31108,352,No,https://boardgamegeek.com/boardgame/5367
6787,Deutschlandreise,1935,4.63,5.4,1.17,31105,309,No,https://boardgamegeek.com/boardgame/6787
10213,Fox and Geese,1400,4.72,5.4,1.46,31089,340,No,https://boardgamegeek.com/boardgame/10213
10320,Lucky Ducks,1995,4.28,5.4,1.0,31086,183,No,https://boardgamegeek.com/boardgame/10320
4907,PAC-MAN Game,1982,5.01,5.4,1.27,31101,542,No,https://boardgamegeek.com/boardgame/4907
53317,Pictureka! Card Game,2008,5.08,5.4,1.03,31085,604,No,https://boardgamegeek.com/boardgame/53317
27959,Pirateology: The Game,2007,4.06,5.4,1.76,31096,175,No,https://boardgamegeek.com/boardgame/27959
3347,Solo,1993,5.32,5.4,1.04,31087,1445,No,https://boardgamegeek.com/boardgame/3347
11670,The Game of Authors,1861,4.59,5.4,1.03,31103,288,No,https://boardgamegeek.com/boardgame/11670
13805,The Lord of the Rings: The Return of the King,2004,3.8,5.4,1.5,31084,143,No,https://boardgamegeek.com/boardgame/13805
137348,The Princess Bride: Prepare to Die,2013,3.62,5.4,1.0,31095,132,No,https://boardgamegeek.com/boardgame/137348
2878,ThinkBlot,1997,4.44,5.4,1.0,31106,252,No,https://boardgamegeek.com/boardgame/2878
6552,Cashflow 101,1996,5.29,5.39,2.11,31132,835,No,https://boardgamegeek.com/boardgame/6552
1446,Cheater,1995,4.11,5.39,1.06,31125,203,No,https://boardgamegeek.com/boardgame/1446
4122,Electronic Battleship,1977,5.08,5.39,1.24,31130,641,No,https://boardgamegeek.com/boardgame/4122
32236,Grzybobranie,1975,4.25,5.39,1.0,31118,213,No,https://boardgamegeek.com/boardgame/32236
21389,Happy Families,1851,4.79,5.39,1.07,31119,417,No,https://boardgamegeek.com/boardgame/21389
6711,Hit the Deck,2001,4.44,5.39,1.0,31120,272,No,https://boardgamegeek.com/boardgame/6711
3699,Killer Bunnies and the Quest for the Magic Carrot,2002,5.52,5.39,1.88,31111,6063,No,https://boardgamegeek.com/boardgame/3699
9214,Manga Manga,2004,4.28,5.39,1.12,31128,254,No,https://boardgamegeek.com/boardgame/9214
18901,Monopoly: Here and Now,2005,5.02,5.39,1.68,31110,526,No,https://boardgamegeek.com/boardgame/18901
3394,Monopoly: The Simpsons,2001,5.27,5.39,1.58,31116,851,No,https://boardgamegeek.com/boardgame/3394
89340,Name 5,2009,4.77,5.39,1.22,31109,357,No,https://boardgamegeek.com/boardgame/89340
10502,Poker Dice,,5.06,5.39,1.23,31123,703,No,https://boardgamegeek.com/boardgame/10502
2767,Snail's Pace Race,1985,5.12,5.39,1.01,31121,839,No,https://boardgamegeek.com/boardgame/2767
32260,The Club,2008,4.4,5.39,1.69,31134,260,No,https://boardgamegeek.com/boardgame/32260
8569,The Haunting House,2003,5.09,5.39,1.38,31127,749,No,https://boardgamegeek.com/boardgame/8569
93688,The Sneaky Snacky Squirrel Game,2011,5.14,5.39,1.04,31129,729,No,https://boardgamegeek.com/boardgame/93688
10709,Tjuv och polis,1944,4.34,5.39,1.55,31133,261,No,https://boardgamegeek.com/boardgame/10709
399,Tom Clancy's Politika,1997,4.28,5.39,2.7,31113,221,No,https://boardgamegeek.com/boardgame/399
11415,Warriors,2004,5.03,5.39,1.43,31115,655,No,https://boardgamegeek.com/boardgame/11415
101737,Angry Birds: Card Game,2011,4.73,5.38,1.12,31138,391,No,https://boardgamegeek.com/boardgame/101737
41541,Are You the Traitor?,2009,5.03,5.38,1.45,31143,745,No,https://boardgamegeek.com/boardgame/41541
2688,Battlestar Galactica,1978,4.11,5.38,1.14,31151,219,No,https://boardgamegeek.com/boardgame/2688
17106,Boxes,1889,4.65,5.38,1.55,31147,384,No,https://boardgamegeek.com/boardgame/17106
23499,Deal or No Deal,2006,4.07,5.38,1.71,31145,212,No,https://boardgamegeek.com/boardgame/23499
125879,Fallen City of Karez,2012,4.47,5.38,3.06,31152,308,No,https://boardgamegeek.com/boardgame/125879
3422,Fantasy,2001,5.05,5.38,1.15,31141,700,No,https://boardgamegeek.com/boardgame/3422
4041,Go to the Head of the Class,1936,4.66,5.38,1.21,31148,372,No,https://boardgamegeek.com/boardgame/4041
2910,Power Lunch,1994,2.77,5.38,1.43,31146,111,No,https://boardgamegeek.com/boardgame/2910
41259,Ramses Pyramid,2009,4.97,5.38,1.21,31140,614,No,https://boardgamegeek.com/boardgame/41259
2770,Stay Alive,1965,5.14,5.38,1.2,31137,1002,No,https://boardgamegeek.com/boardgame/2770
3623,Survivor,2000,3.98,5.38,1.2,31152,217,No,https://boardgamegeek.com/boardgame/3623
7467,The Lord of the Rings: The Two Towers Board Game,2003,3.69,5.38,1.18,31144,167,No,https://boardgamegeek.com/boardgame/7467
31016,We Didn't Playtest This at All,2007,5.4,5.38,1.08,31139,3861,No,https://boardgamegeek.com/boardgame/31016
20422,Beat the Parents,2004,4.39,5.37,1.12,31161,308,No,https://boardgamegeek.com/boardgame/20422
10453,Crocodile Dentist,1990,4.81,5.37,1.22,31169,535,No,https://boardgamegeek.com/boardgame/10453
7972,Crocodile Pool Party,1968,4.45,5.37,1.29,31170,337,No,https://boardgamegeek.com/boardgame/7972
22861,Feed the Kitty,2006,4.83,5.37,1.02,31167,500,No,https://boardgamegeek.com/boardgame/22861
26696,Monopoly: Star Wars Limited Collector's Edition,1997,5.24,5.37,1.63,31154,1203,No,https://boardgamegeek.com/boardgame/26696
10400,Patience,1783,5.02,5.37,1.18,31158,714,No,https://boardgamegeek.com/boardgame/10400
120426,Redshirts,2012,4.6,5.37,1.42,31168,370,No,https://boardgamegeek.com/boardgame/120426
4492,Trivial Pursuit: 20th Anniversary Edition,2002,5.23,5.37,1.78,31163,1507,No,https://boardgamegeek.com/boardgame/4492
1932,Anti-Monopoly II,1977,3.8,5.36,1.52,31183,232,No,https://boardgamegeek.com/boardgame/1932
4127,Arne,2002,3.68,5.36,1.2,31173,186,No,https://boardgamegeek.com/boardgame/4127
2979,Bionicle Adventure Game: Quest For Makuta,2001,4.29,5.36,2.0,31176,298,No,https://boardgamegeek.com/boardgame/2979
29613,DICEcapades,2007,5.08,5.36,1.42,31175,901,No,https://boardgamegeek.com/boardgame/29613
126207,Deer in the Headlights Game,2012,4.84,5.36,1.16,31182,564,No,https://boardgamegeek.com/boardgame/126207
417,Edison & Co.,1998,4.47,5.36,2.0,31174,359,No,https://boardgamegeek.com/boardgame/417
4004,Harry Potter and the Sorcerer's Stone Quidditch Card Game,2000,4.22,5.36,1.26,31182,293,No,https://boardgamegeek.com/boardgame/4004
7098,Monopoly: Deluxe Edition,1995,5.25,5.36,1.86,31172,1433,No,https://boardgamegeek.com/boardgame/7098
17250,Monopoly: London,1972,4.62,5.36,1.8,31181,453,No,https://boardgamegeek.com/boardgame/17250
126444,The Hobbit Card Game,2012,5.17,5.36,1.43,31174,1596,No,https://boardgamegeek.com/boardgame/126444
64204,The Logo Board Game,2008,5.14,5.36,1.19,31185,1285,No,https://boardgamegeek.com/boardgame/64204
2223,UNO,1971,5.49,5.36,1.1,31184,34613,No,https://boardgamegeek.com/boardgame/2223
89962,Angry Birds: Knock on Wood,2011,4.59,5.35,1.23,31188,452,No,https://boardgamegeek.com/boardgame/89962
31145,Are You Smarter Than a 5th Grader?,2007,4.14,5.35,1.38,31189,311,No,https://boardgamegeek.com/boardgame/31145
10712,Bondespelet,1951,4.51,5.35,1.46,31192,396,No,https://boardgamegeek.com/boardgame/10712
24067,Dragonology: The Game,2006,4.64,5.35,1.52,31200,457,No,https://boardgamegeek.com/boardgame/24067
50849,Le Boomb!,2009,4.51,5.35,1.0,31199,393,No,https://boardgamegeek.com/boardgame/50849
1426,Lord of the Rings: The Search,2001,5.06,5.35,1.59,31190,1163,No,https://boardgamegeek.com/boardgame/1426
5546,Marbles,-3000,4.71,5.35,1.1,31194,572,No,https://boardgamegeek.com/boardgame/5546
4367,Nero: Legacy of a Despot,2002,3.76,5.35,2.39,31198,227,No,https://boardgamegeek.com/boardgame/4367
18755,Pie Face!,1964,4.78,5.35,1.0,31187,539,No,https://boardgamegeek.com/boardgame/18755
3804,Slamwich,1994,5.15,5.35,1.09,31193,1478,No,https://boardgamegeek.com/boardgame/3804
4845,Star Wars: Escape from Death Star Game,1977,4.83,5.35,1.14,31186,619,No,https://boardgamegeek.com/boardgame/4845
99079,The Walking Dead Board Game,2011,4.96,5.35,1.73,31191,700,No,https://boardgamegeek.com/boardgame/99079
1422,Wadjet,1996,3.93,5.35,2.1,31195,234,No,https://boardgamegeek.com/boardgame/1422
1527,Bitin' Off Hedz,1996,4.61,5.34,1.2,31201,478,No,https://boardgamegeek.com/boardgame/1527
7320,Elefun,1993,4.49,5.34,1.02,31204,458,No,https://boardgamegeek.com/boardgame/7320
18686,Gazdálkodj Okosan!,1960,4.47,5.34,1.26,31202,365,No,https://boardgamegeek.com/boardgame/18686
4910,Wheel of Fortune,1975,4.66,5.34,1.24,31203,507,No,https://boardgamegeek.com/boardgame/4910
8487,Ants in the Pants,1969,4.24,5.33,1.06,31212,384,No,https://boardgamegeek.com/boardgame/8487
3934,Bowling Dice,1999,4.59,5.33,1.03,31214,532,No,https://boardgamegeek.com/boardgame/3934
11416,Burn in Hell,2004,4.41,5.33,1.75,31206,408,No,https://boardgamegeek.com/boardgame/11416
89953,Carcassonne: The Dice Game,2011,4.93,5.33,1.11,31213,934,No,https://boardgamegeek.com/boardgame/89953
40508,Scrabble Slam!,2008,5.14,5.33,1.18,31207,1794,No,https://boardgamegeek.com/boardgame/40508
10715,CSI: Crime Scene Investigation – The Board Game,2004,3.9,5.32,1.91,31221,313,No,https://boardgamegeek.com/boardgame/10715
42050,Eurobusiness,1983,4.82,5.32,1.43,31218,652,No,https://boardgamegeek.com/boardgame/42050
2502,Global Survival,1992,2.23,5.32,2.07,31216,131,No,https://boardgamegeek.com/boardgame/2502
36611,Monopoly: The Portable Property Trading Game,1994,4.39,5.32,1.53,31220,454,No,https://boardgamegeek.com/boardgame/36611
38558,Pogs,1920,3.99,5.32,1.25,31222,304,No,https://boardgamegeek.com/boardgame/38558
35173,Pop the Pig,2007,4.23,5.32,1.0,31223,377,No,https://boardgamegeek.com/boardgame/35173
6549,Pretty Pretty Princess,1990,4.37,5.32,1.04,31219,418,No,https://boardgamegeek.com/boardgame/6549
7308,Rock 'Em Sock 'Em Robots,1967,4.6,5.32,1.06,31215,518,No,https://boardgamegeek.com/boardgame/7308
29096,Letter of Marque,2009,4.74,5.31,1.14,31228,753,No,https://boardgamegeek.com/boardgame/29096
2318,Scrabble Junior,1958,4.75,5.31,1.36,31227,761,No,https://boardgamegeek.com/boardgame/2318
9851,Shut the Box,1750,5.18,5.31,1.07,31229,2197,No,https://boardgamegeek.com/boardgame/9851
3052,Sim City: The Card Game,1994,4.38,5.31,2.33,31225,471,No,https://boardgamegeek.com/boardgame/3052
2004,Titanic: The Board Game,1998,4.46,5.31,1.29,31224,439,No,https://boardgamegeek.com/boardgame/2004
65611,Cthulhu Dice,2010,5.21,5.3,1.11,31233,2869,No,https://boardgamegeek.com/boardgame/65611
5015,Don't Spill the Beans,1957,4.18,5.3,1.15,31230,395,No,https://boardgamegeek.com/boardgame/5015
6535,Don't Wake Daddy,1992,4.46,5.3,1.13,31235,557,No,https://boardgamegeek.com/boardgame/6535
32032,Monopoly: Electronic Banking,2007,4.91,5.3,1.87,31234,1010,No,https://boardgamegeek.com/boardgame/32032
3074,Uncle Wiggily,1916,4.11,5.3,1.03,31231,383,No,https://boardgamegeek.com/boardgame/3074
1748,A Question of Scruples,1984,4.79,5.29,1.38,31236,848,No,https://boardgamegeek.com/boardgame/1748
1094,Assassin,1993,3.57,5.29,1.48,31237,271,No,https://boardgamegeek.com/boardgame/1094
8392,Buckaroo!,1970,4.6,5.29,1.0,31247,678,No,https://boardgamegeek.com/boardgame/8392
764,Mad Gab,1996,5.05,5.29,1.24,31240,1694,No,https://boardgamegeek.com/boardgame/764
1511,Outdoor Survival,1972,4.91,5.29,1.77,31242,1063,No,https://boardgamegeek.com/boardgame/1511
113819,Tenzi,2011,5.04,5.29,1.0,31248,1496,No,https://boardgamegeek.com/boardgame/113819
23964,The Game of Life (40th Anniversary Edition),1999,4.56,5.29,1.27,31244,628,No,https://boardgamegeek.com/boardgame/23964
4724,The Lord of the Rings: The Fellowship of the Ring,2002,3.32,5.29,1.4,31238,247,No,https://boardgamegeek.com/boardgame/4724
7601,Urban Myth,2002,3.37,5.29,1.19,31241,267,No,https://boardgamegeek.com/boardgame/7601
19370,Quelf,2005,5.24,5.28,1.27,31248,3068,No,https://boardgamegeek.com/boardgame/19370
17003,Snap,1866,3.6,5.28,1.23,31250,300,No,https://boardgamegeek.com/boardgame/17003
24959,Lost: The Game,2006,3.57,5.27,2.42,31254,327,No,https://boardgamegeek.com/boardgame/24959
9004,Pop-Up Pirate!,1975,4.61,5.27,1.14,31251,735,No,https://boardgamegeek.com/boardgame/9004
2456,The Hobbit: The Defeat of Smaug,2001,4.87,5.27,1.3,31255,1306,No,https://boardgamegeek.com/boardgame/2456
1604,The Mad Magazine Game,1979,5.04,5.27,1.19,31253,1696,No,https://boardgamegeek.com/boardgame/1604
141019,Thermopyles,2013,3.87,5.27,1.21,31255,385,No,https://boardgamegeek.com/boardgame/141019
2272,Aggravation,1962,4.94,5.25,1.2,31257,1413,No,https://boardgamegeek.com/boardgame/2272
2386,Chinese Checkers,1893,5.22,5.25,1.58,31260,5577,No,https://boardgamegeek.com/boardgame/2386
15393,Jacks,,3.79,5.25,1.1,31259,397,No,https://boardgamegeek.com/boardgame/15393
4035,Man Bites Dog,2002,4.62,5.25,1.1,31258,921,No,https://boardgamegeek.com/boardgame/4035
11028,Lotto,1530,3.82,5.24,1.19,31265,418,No,https://boardgamegeek.com/boardgame/11028
24985,Mouse Trap,2004,4.26,5.24,1.11,31262,605,No,https://boardgamegeek.com/boardgame/24985
18905,Slap Jack,1934,3.43,5.24,1.0,31264,327,No,https://boardgamegeek.com/boardgame/18905
2952,Trivial Pursuit: Genus Edition,1981,5.26,5.24,1.64,31263,8565,No,https://boardgamegeek.com/boardgame/2952
38855,Carcassonne: Catapult,2008,4.87,5.22,1.37,,1602,Yes,https://boardgamegeek.com/boardgame/38855
1258,Phase 10,1982,5.28,5.22,1.25,31267,12336,No,https://boardgamegeek.com/boardgame/1258
4077,Who Wants to Be a Millionaire,2000,4.61,5.22,1.43,31268,1107,No,https://boardgamegeek.com/boardgame/4077
4888,Don't Break the Ice,1968,4.8,5.2,1.12,31274,1601,No,https://boardgamegeek.com/boardgame/4888
3343,Go For Broke,1965,4.81,5.2,1.11,31271,1576,No,https://boardgamegeek.com/boardgame/3343
6546,Labyrinth,1940,4.67,5.2,1.29,31273,1301,No,https://boardgamegeek.com/boardgame/6546
1298,Monopoly: Star Wars,1997,4.93,5.2,1.72,31272,1964,No,https://boardgamegeek.com/boardgame/1298
6283,The Ungame,1973,3.19,5.2,1.2,31270,346,No,https://boardgamegeek.com/boardgame/6283
677,Would You Rather...?,1998,4.35,5.2,1.2,31269,777,No,https://boardgamegeek.com/boardgame/677
13166,Let's Go Fishin',1979,4.4,5.19,1.08,31275,856,No,https://boardgamegeek.com/boardgame/13166
2956,Dirty Minds: The Game of Naughty Clues,1990,4.07,5.18,1.14,31277,676,No,https://boardgamegeek.com/boardgame/2956
1824,Trump: The Game,1989,4.13,5.18,1.64,31278,786,No,https://boardgamegeek.com/boardgame/1824
8689,Bunco,1855,3.24,5.17,1.07,31281,393,No,https://boardgamegeek.com/boardgame/8689
3728,Ker Plunk,1967,4.8,5.17,1.04,31282,1871,No,https://boardgamegeek.com/boardgame/3728
1923,MindTrap,1991,4.8,5.17,1.94,31279,1983,No,https://boardgamegeek.com/boardgame/1923
12205,In a Pickle,2004,4.68,5.15,1.21,31284,1642,No,https://boardgamegeek.com/boardgame/12205
4792,Tiddledy Winks,1888,4.07,5.15,1.1,31283,747,No,https://boardgamegeek.com/boardgame/4792
5130,Afrikan tähti,1951,4.72,5.14,1.1,31285,1681,No,https://boardgamegeek.com/boardgame/5130
3990,Fact or Crap,2001,3.85,5.13,1.18,31287,714,No,https://boardgamegeek.com/boardgame/3990
13713,Solitaire,1697,4.51,5.13,1.55,31286,1302,No,https://boardgamegeek.com/boardgame/13713
10816,Blackjack,1700,4.8,5.11,1.45,31290,2294,No,https://boardgamegeek.com/boardgame/10816
11017,Crazy Eights,,4.49,5.11,1.06,31288,1376,No,https://boardgamegeek.com/boardgame/11017
5749,Simon,1978,4.45,5.11,1.22,31289,1333,No,https://boardgamegeek.com/boardgame/5749
1797,Pay Day,1974,4.89,5.09,1.22,31291,3372,No,https://boardgamegeek.com/boardgame/1797
5588,Perfection,1973,4.45,5.08,1.04,31292,1446,No,https://boardgamegeek.com/boardgame/5588
5314,Hangman,1894,4.29,5.07,1.1,31293,1236,No,https://boardgamegeek.com/boardgame/5314
2719,Connect Four,1974,5.03,5.06,1.18,31294,10705,No,https://boardgamegeek.com/boardgame/2719
7688,Memory,1900,4.81,5.06,1.14,31295,3574,No,https://boardgamegeek.com/boardgame/7688
7262,Top Trumps,1968,4.33,5.06,1.06,31296,1306,No,https://boardgamegeek.com/boardgame/7262
1931,Anti-Monopoly,1973,3.7,5.05,1.66,31297,842,No,https://boardgamegeek.com/boardgame/1931
5050,The Worst-Case Scenario Survival Game,2001,3.38,5.04,1.19,31298,676,No,https://boardgamegeek.com/boardgame/5050
1751,Jumanji,1995,4.45,5.03,1.37,31299,1668,No,https://boardgamegeek.com/boardgame/1751
2083,Checkers,1150,4.95,5.01,1.7,31300,9745,No,https://boardgamegeek.com/boardgame/2083
4143,Guess Who?,1979,4.86,4.96,1.09,31301,7567,No,https://boardgamegeek.com/boardgame/4143
5339,Monopoly Junior,1990,4.36,4.95,1.2,31302,2105,No,https://boardgamegeek.com/boardgame/5339
4149,Barrel of Monkeys,1965,3.59,4.94,1.05,31303,949,No,https://boardgamegeek.com/boardgame/4149
15549,Roulette,1796,3.37,4.86,1.12,31304,976,No,https://boardgamegeek.com/boardgame/15549
3510,Battle of the Sexes,1997,3.49,4.84,1.07,31305,1187,No,https://boardgamegeek.com/boardgame/3510
2785,Game of Goose,1587,3.55,4.84,1.05,31306,1174,No,https://boardgamegeek.com/boardgame/2785
6424,Pick Up Sticks,1850,4.39,4.83,1.06,31307,3192,No,https://boardgamegeek.com/boardgame/6424
4378,Cootie,1927,3.45,4.82,1.02,31308,1122,No,https://boardgamegeek.com/boardgame/4378
2425,Battleship,1931,4.77,4.81,1.2,31309,12404,No,https://boardgamegeek.com/boardgame/2425
6932,Hi Ho! Cherry-O,1960,3.6,4.79,1.02,31310,1354,No,https://boardgamegeek.com/boardgame/6932
5894,Twister,1966,4.56,4.79,1.09,31311,5677,No,https://boardgamegeek.com/boardgame/5894
2136,Pachisi,400,4.54,4.73,1.17,31312,6260,No,https://boardgamegeek.com/boardgame/2136
5895,Hungry Hungry Hippos,1978,4.18,4.72,1.06,31313,3251,No,https://boardgamegeek.com/boardgame/5895
2407,Sorry!,1929,4.56,4.7,1.16,31314,7561,No,https://boardgamegeek.com/boardgame/2407
2679,Mouse Trap,1963,4.14,4.66,1.1,31316,3487,No,https://boardgamegeek.com/boardgame/2679
10799,Old Maid,1874,3.77,4.66,1.04,31315,2090,No,https://boardgamegeek.com/boardgame/10799
7682,Go Fish,,3.73,4.64,1.05,31317,2155,No,https://boardgamegeek.com/boardgame/7682
3737,Operation,1965,4.18,4.57,1.11,31319,4972,No,https://boardgamegeek.com/boardgame/3737
3522,LCR,1983,3.74,4.53,1.04,31320,2671,No,https://boardgamegeek.com/boardgame/3522
2921,The Game of Life,1960,4.37,4.39,1.17,31321,14395,No,https://boardgamegeek.com/boardgame/2921
1410,Trouble,1965,3.88,4.36,1.07,31322,4692,No,https://boardgamegeek.com/boardgame/1410
1406,Monopoly,1935,4.37,4.29,1.62,31323,40376,No,https://boardgamegeek.com/boardgame/1406
7316,Bingo,1530,3.11,4.13,1.04,31324,3038,No,https://boardgamegeek.com/boardgame/7316
16398,War,,2.42,4.11,1.01,31325,1900,No,https://boardgamegeek.com/boardgame/16398
5048,Candy Land,1949,3.22,3.87,1.15,31326,5445,No,https://boardgamegeek.com/boardgame/5048
11901,Tic-Tac-Toe,-1300,2.78,3.7,1.27,31327,4383,No,https://boardgamegeek.com/boardgame/11901
5432,Chutes and Ladders,-200,2.94,3.69,1.08,31328,5337,No,https://boardgamegeek.com/boardgame/5432
